

Microchip MPLAB XC8 Assembler V2.40 build 20220703182018 
                                                                                               Fri Apr 10 01:34:24 2026

Microchip MPLAB XC8 C Compiler v2.40 (Free license) build 20220703182018 Og1 
     1                           	processor	16F887
     2                           	pagewidth 120
     3                           	opt	flic
     4                           	psect	idataBANK0,global,class=CODE,delta=2,noexec
     5                           	psect	strings,global,class=STRING,delta=2,noexec
     6                           	psect	cinit,global,class=CODE,merge=1,delta=2
     7                           	psect	bssBANK0,global,class=BANK0,space=1,delta=1,noexec
     8                           	psect	dataBANK0,global,class=BANK0,space=1,delta=1,noexec
     9                           	psect	clrtext,global,class=CODE,delta=2
    10                           	psect	cstackBANK1,global,class=BANK1,space=1,delta=1,noexec
    11                           	psect	cstackCOMMON,global,class=COMMON,space=1,delta=1,noexec
    12                           	psect	cstackBANK0,global,class=BANK0,space=1,delta=1,noexec
    13                           	psect	maintext,global,class=CODE,split=1,delta=2
    14                           	psect	text1,local,class=CODE,merge=1,delta=2
    15                           	psect	text2,local,class=CODE,merge=1,delta=2
    16                           	psect	text3,local,class=CODE,merge=1,delta=2
    17                           	psect	text4,local,class=CODE,merge=1,delta=2,group=1
    18                           	psect	text5,local,class=CODE,merge=1,delta=2,group=3
    19                           	psect	text6,local,class=CODE,merge=1,delta=2,group=2
    20                           	psect	text7,local,class=CODE,merge=1,delta=2,group=2
    21                           	psect	text8,local,class=CODE,merge=1,delta=2,group=2
    22                           	psect	text9,local,class=CODE,merge=1,delta=2
    23                           	psect	text10,local,class=CODE,merge=1,delta=2
    24                           	psect	text11,local,class=CODE,merge=1,delta=2,group=2
    25                           	psect	text12,local,class=CODE,merge=1,delta=2
    26                           	psect	text13,local,class=CODE,merge=1,delta=2
    27                           	psect	text14,local,class=CODE,merge=1,delta=2
    28                           	psect	text15,local,class=CODE,merge=1,delta=2
    29                           	psect	text16,local,class=CODE,merge=1,delta=2,group=2
    30                           	psect	text17,local,class=CODE,merge=1,delta=2
    31                           	psect	text18,local,class=CODE,merge=1,delta=2
    32                           	psect	text19,local,class=CODE,merge=1,delta=2
    33                           	psect	text20,local,class=CODE,merge=1,delta=2
    34                           	psect	text21,local,class=CODE,merge=1,delta=2
    35                           	psect	text22,local,class=CODE,merge=1,delta=2
    36                           	psect	text23,local,class=CODE,merge=1,delta=2
    37                           	psect	text24,local,class=CODE,merge=1,delta=2
    38                           	psect	text25,local,class=CODE,merge=1,delta=2
    39                           	psect	text26,local,class=CODE,merge=1,delta=2
    40                           	psect	text27,local,class=CODE,merge=1,delta=2
    41                           	psect	text28,local,class=CODE,merge=1,delta=2
    42                           	psect	text29,local,class=CODE,merge=1,delta=2
    43                           	psect	text30,local,class=CODE,merge=1,delta=2
    44                           	psect	text31,local,class=CODE,merge=1,delta=2
    45                           	psect	text32,local,class=CODE,merge=1,delta=2
    46                           	psect	text33,local,class=CODE,merge=1,delta=2
    47                           	psect	text34,local,class=CODE,merge=1,delta=2
    48                           	psect	text35,local,class=CODE,merge=1,delta=2
    49                           	psect	text36,local,class=CODE,merge=1,delta=2
    50                           	psect	text37,local,class=CODE,merge=1,delta=2
    51                           	psect	text38,local,class=CODE,merge=1,delta=2,group=2
    52                           	psect	text39,local,class=CODE,merge=1,delta=2
    53                           	psect	text40,local,class=CODE,merge=1,delta=2
    54                           	psect	idloc,global,abs,ovrld,class=IDLOC,space=5,delta=2,noexec
    55                           	psect	config,global,abs,ovrld,class=CONFIG,space=4,delta=2,noexec
    56                           	dabs	1,0x7E,2
    57     0000                     
    58                           ; Version 2.40
    59                           ; Generated 17/11/2021 GMT
    60                           ; 
    61                           ; Copyright © 2021, Microchip Technology Inc. and its subsidiaries ("Microchip")
    62                           ; All rights reserved.
    63                           ; 
    64                           ; This software is developed by Microchip Technology Inc. and its subsidiaries ("Microch
      +                          ip").
    65                           ; 
    66                           ; Redistribution and use in source and binary forms, with or without modification, are
    67                           ; permitted provided that the following conditions are met:
    68                           ; 
    69                           ;     1. Redistributions of source code must retain the above copyright notice, this lis
      +                          t of
    70                           ;        conditions and the following disclaimer.
    71                           ; 
    72                           ;     2. Redistributions in binary form must reproduce the above copyright notice, this 
      +                          list
    73                           ;        of conditions and the following disclaimer in the documentation and/or other
    74                           ;        materials provided with the distribution. Publication is not required when
    75                           ;        this file is used in an embedded application.
    76                           ; 
    77                           ;     3. Microchip's name may not be used to endorse or promote products derived from th
      +                          is
    78                           ;        software without specific prior written permission.
    79                           ; 
    80                           ; THIS SOFTWARE IS PROVIDED BY MICROCHIP "AS IS" AND ANY EXPRESS OR IMPLIED WARRANTIES,
    81                           ; INCLUDING, BUT NOT LIMITED TO, THE IMPLIED WARRANTIES OF MERCHANTABILITY AND FITNESS F
      +                          OR
    82                           ; PURPOSE ARE DISCLAIMED.  IN NO EVENT SHALL MICROCHIP BE LIABLE FOR ANY DIRECT, INDIREC
      +                          T,
    83                           ; INCIDENTAL, SPECIAL, EXEMPLARY, OR CONSEQUENTIAL DAMAGES (INCLUDING BUT NOT LIMITED TO
    84                           ; PROCUREMENT OF SUBSTITUTE GOODS OR SERVICES; LOSS OF USE, DATA OR PROFITS; OR BUSINESS
    85                           ; INTERRUPTION) HOWSOEVER CAUSED AND ON ANY THEORY OF LIABILITY, WHETHER IN CONTRACT, ST
      +                          RICT
    86                           ; LIABILITY, OR TORT (INCLUDING NEGLIGENCE OR OTHERWISE) ARISING IN ANY WAY OUT OF THE U
      +                          SE OF
    87                           ; THIS SOFTWARE, EVEN IF ADVISED OF THE POSSIBILITY OF SUCH DAMAGE.
    88                           ; 
    89                           ; 
    90                           ; Code-generator required, PIC16F887 Definitions
    91                           ; 
    92                           ; SFR Addresses
    93     0000                     	;# 
    94     0001                     	;# 
    95     0002                     	;# 
    96     0003                     	;# 
    97     0004                     	;# 
    98     0005                     	;# 
    99     0006                     	;# 
   100     0007                     	;# 
   101     0008                     	;# 
   102     0009                     	;# 
   103     000A                     	;# 
   104     000B                     	;# 
   105     000C                     	;# 
   106     000D                     	;# 
   107     000E                     	;# 
   108     000E                     	;# 
   109     000F                     	;# 
   110     0010                     	;# 
   111     0011                     	;# 
   112     0012                     	;# 
   113     0013                     	;# 
   114     0014                     	;# 
   115     0015                     	;# 
   116     0015                     	;# 
   117     0016                     	;# 
   118     0017                     	;# 
   119     0018                     	;# 
   120     0019                     	;# 
   121     001A                     	;# 
   122     001B                     	;# 
   123     001B                     	;# 
   124     001C                     	;# 
   125     001D                     	;# 
   126     001E                     	;# 
   127     001F                     	;# 
   128     0081                     	;# 
   129     0085                     	;# 
   130     0086                     	;# 
   131     0087                     	;# 
   132     0088                     	;# 
   133     0089                     	;# 
   134     008C                     	;# 
   135     008D                     	;# 
   136     008E                     	;# 
   137     008F                     	;# 
   138     0090                     	;# 
   139     0091                     	;# 
   140     0092                     	;# 
   141     0093                     	;# 
   142     0093                     	;# 
   143     0093                     	;# 
   144     0094                     	;# 
   145     0095                     	;# 
   146     0096                     	;# 
   147     0097                     	;# 
   148     0098                     	;# 
   149     0099                     	;# 
   150     009A                     	;# 
   151     009B                     	;# 
   152     009C                     	;# 
   153     009D                     	;# 
   154     009E                     	;# 
   155     009F                     	;# 
   156     0105                     	;# 
   157     0107                     	;# 
   158     0108                     	;# 
   159     0109                     	;# 
   160     010C                     	;# 
   161     010C                     	;# 
   162     010D                     	;# 
   163     010E                     	;# 
   164     010F                     	;# 
   165     0185                     	;# 
   166     0187                     	;# 
   167     0188                     	;# 
   168     0189                     	;# 
   169     018C                     	;# 
   170     018D                     	;# 
   171     0000                     	;# 
   172     0001                     	;# 
   173     0002                     	;# 
   174     0003                     	;# 
   175     0004                     	;# 
   176     0005                     	;# 
   177     0006                     	;# 
   178     0007                     	;# 
   179     0008                     	;# 
   180     0009                     	;# 
   181     000A                     	;# 
   182     000B                     	;# 
   183     000C                     	;# 
   184     000D                     	;# 
   185     000E                     	;# 
   186     000E                     	;# 
   187     000F                     	;# 
   188     0010                     	;# 
   189     0011                     	;# 
   190     0012                     	;# 
   191     0013                     	;# 
   192     0014                     	;# 
   193     0015                     	;# 
   194     0015                     	;# 
   195     0016                     	;# 
   196     0017                     	;# 
   197     0018                     	;# 
   198     0019                     	;# 
   199     001A                     	;# 
   200     001B                     	;# 
   201     001B                     	;# 
   202     001C                     	;# 
   203     001D                     	;# 
   204     001E                     	;# 
   205     001F                     	;# 
   206     0081                     	;# 
   207     0085                     	;# 
   208     0086                     	;# 
   209     0087                     	;# 
   210     0088                     	;# 
   211     0089                     	;# 
   212     008C                     	;# 
   213     008D                     	;# 
   214     008E                     	;# 
   215     008F                     	;# 
   216     0090                     	;# 
   217     0091                     	;# 
   218     0092                     	;# 
   219     0093                     	;# 
   220     0093                     	;# 
   221     0093                     	;# 
   222     0094                     	;# 
   223     0095                     	;# 
   224     0096                     	;# 
   225     0097                     	;# 
   226     0098                     	;# 
   227     0099                     	;# 
   228     009A                     	;# 
   229     009B                     	;# 
   230     009C                     	;# 
   231     009D                     	;# 
   232     009E                     	;# 
   233     009F                     	;# 
   234     0105                     	;# 
   235     0107                     	;# 
   236     0108                     	;# 
   237     0109                     	;# 
   238     010C                     	;# 
   239     010C                     	;# 
   240     010D                     	;# 
   241     010E                     	;# 
   242     010F                     	;# 
   243     0185                     	;# 
   244     0187                     	;# 
   245     0188                     	;# 
   246     0189                     	;# 
   247     018C                     	;# 
   248     018D                     	;# 
   249                           
   250                           	psect	idataBANK0
   251     00E4                     __pidataBANK0:
   252                           
   253                           ;initializer for _rb1_prev
   254     00E4  3401               	retlw	1
   255                           
   256                           	psect	strings
   257     0003                     __pstrings:
   258     0003                     stringtab:
   259     0003                     __stringtab:
   260                           
   261                           ;	String table - string pointers are 1 byte each
   262     0003  1BFF               	btfsc	btemp+1,7
   263     0004  280D               	ljmp	stringcode
   264     0005  1383               	bcf	3,7
   265     0006  187F               	btfsc	btemp+1,0
   266     0007  1783               	bsf	3,7
   267     0008  0800               	movf	0,w
   268     0009  0A84               	incf	4,f
   269     000A  1903               	skipnz
   270     000B  0AFF               	incf	btemp+1,f
   271     000C  0008               	return
   272     000D                     stringcode:
   273     000D                     stringdir:
   274     000D  3000               	movlw	high stringdir
   275     000E  008A               	movwf	10
   276     000F  0804               	movf	4,w
   277     0010  0A84               	incf	4,f
   278     0011  0782               	addwf	2,f
   279     0012                     __stringbase:
   280     0012  3400               	retlw	0
   281     0013                     __end_of__stringtab:
   282     0013                     _dpowers:
   283     0013  3401               	retlw	1
   284     0014  3400               	retlw	0
   285     0015  340A               	retlw	10
   286     0016  3400               	retlw	0
   287     0017  3464               	retlw	100
   288     0018  3400               	retlw	0
   289     0019  34E8               	retlw	232
   290     001A  3403               	retlw	3
   291     001B  3410               	retlw	16
   292     001C  3427               	retlw	39
   293     001D                     __end_of_dpowers:
   294     0006                     _PORTBbits	set	6
   295     0009                     _PORTE	set	9
   296     0006                     _PORTB	set	6
   297     0007                     _PORTC	set	7
   298     0005                     _PORTA	set	5
   299     000B                     _INTCONbits	set	11
   300     0014                     _SSPCON	set	20
   301     0014                     _SSPCONbits	set	20
   302     0013                     _SSPBUF	set	19
   303     0019                     _TXREG	set	25
   304     000C                     _PIR1bits	set	12
   305     0007                     _PORTCbits	set	7
   306     0018                     _RCSTAbits	set	24
   307     0008                     _PORTD	set	8
   308     0063                     _SSPIF	set	99
   309     0048                     _RE0	set	72
   310     0049                     _RE1	set	73
   311     008E                     _PCON	set	142
   312     008F                     _OSCCONbits	set	143
   313     0089                     _TRISE	set	137
   314     0088                     _TRISD	set	136
   315     0086                     _TRISB	set	134
   316     0087                     _TRISC	set	135
   317     0085                     _TRISA	set	133
   318     0094                     _SSPSTAT	set	148
   319     0091                     _SSPCON2	set	145
   320     0099                     _SPBRG	set	153
   321     0098                     _TXSTAbits	set	152
   322     0087                     _TRISCbits	set	135
   323     043C                     _TRISC4	set	1084
   324     043B                     _TRISC3	set	1083
   325     048C                     _ACKEN	set	1164
   326     048D                     _ACKDT	set	1165
   327     04A0                     _BF	set	1184
   328     048B                     _RCEN	set	1163
   329     048E                     _ACKSTAT	set	1166
   330     048A                     _PEN	set	1162
   331     0489                     _RSEN	set	1161
   332     0488                     _SEN	set	1160
   333     010C                     _EEDATA	set	268
   334     010D                     _EEADR	set	269
   335     0189                     _ANSELH	set	393
   336     0188                     _ANSEL	set	392
   337     018D                     _EECON2	set	397
   338     018C                     _EECON1bits	set	396
   339     0187                     _BAUDCTLbits	set	391
   340     001D                     STR_7:
   341     001D  3446               	retlw	70	;'F'
   342     001E  3461               	retlw	97	;'a'
   343     001F  3475               	retlw	117	;'u'
   344     0020  346C               	retlw	108	;'l'
   345     0021  3474               	retlw	116	;'t'
   346     0022  343A               	retlw	58	;':'
   347     0023  3425               	retlw	37	;'%'
   348     0024  3473               	retlw	115	;'s'
   349     0025  3420               	retlw	32	;' '
   350     0026  3454               	retlw	84	;'T'
   351     0027  3469               	retlw	105	;'i'
   352     0028  346D               	retlw	109	;'m'
   353     0029  3465               	retlw	101	;'e'
   354     002A  343A               	retlw	58	;':'
   355     002B  3425               	retlw	37	;'%'
   356     002C  3430               	retlw	48	;'0'
   357     002D  3432               	retlw	50	;'2'
   358     002E  3475               	retlw	117	;'u'
   359     002F  343A               	retlw	58	;':'
   360     0030  3425               	retlw	37	;'%'
   361     0031  3430               	retlw	48	;'0'
   362     0032  3432               	retlw	50	;'2'
   363     0033  3475               	retlw	117	;'u'
   364     0034  343A               	retlw	58	;':'
   365     0035  3425               	retlw	37	;'%'
   366     0036  3430               	retlw	48	;'0'
   367     0037  3432               	retlw	50	;'2'
   368     0038  3475               	retlw	117	;'u'
   369     0039  340D               	retlw	13
   370     003A  340A               	retlw	10
   371     003B  3400               	retlw	0
   372     003C                     STR_10:
   373     003C  3453               	retlw	83	;'S'
   374     003D  3474               	retlw	116	;'t'
   375     003E  3461               	retlw	97	;'a'
   376     003F  3474               	retlw	116	;'t'
   377     0040  3475               	retlw	117	;'u'
   378     0041  3473               	retlw	115	;'s'
   379     0042  343A               	retlw	58	;':'
   380     0043  344E               	retlw	78	;'N'
   381     0044  3441               	retlw	65	;'A'
   382     0045  3443               	retlw	67	;'C'
   383     0046  344B               	retlw	75	;'K'
   384     0047  3420               	retlw	32	;' '
   385     0048  3420               	retlw	32	;' '
   386     0049  3420               	retlw	32	;' '
   387     004A  3420               	retlw	32	;' '
   388     004B  3420               	retlw	32	;' '
   389     004C  3400               	retlw	0
   390     004D                     STR_12:
   391     004D  3453               	retlw	83	;'S'
   392     004E  3474               	retlw	116	;'t'
   393     004F  3461               	retlw	97	;'a'
   394     0050  3474               	retlw	116	;'t'
   395     0051  3475               	retlw	117	;'u'
   396     0052  3473               	retlw	115	;'s'
   397     0053  343A               	retlw	58	;':'
   398     0054  3455               	retlw	85	;'U'
   399     0055  344E               	retlw	78	;'N'
   400     0056  344B               	retlw	75	;'K'
   401     0057  344E               	retlw	78	;'N'
   402     0058  344F               	retlw	79	;'O'
   403     0059  3457               	retlw	87	;'W'
   404     005A  344E               	retlw	78	;'N'
   405     005B  3420               	retlw	32	;' '
   406     005C  3420               	retlw	32	;' '
   407     005D  3400               	retlw	0
   408     005E                     STR_11:
   409     005E  3453               	retlw	83	;'S'
   410     005F  3474               	retlw	116	;'t'
   411     0060  3461               	retlw	97	;'a'
   412     0061  3474               	retlw	116	;'t'
   413     0062  3475               	retlw	117	;'u'
   414     0063  3473               	retlw	115	;'s'
   415     0064  343A               	retlw	58	;':'
   416     0065  3454               	retlw	84	;'T'
   417     0066  3449               	retlw	73	;'I'
   418     0067  344D               	retlw	77	;'M'
   419     0068  3445               	retlw	69	;'E'
   420     0069  344F               	retlw	79	;'O'
   421     006A  3455               	retlw	85	;'U'
   422     006B  3454               	retlw	84	;'T'
   423     006C  3420               	retlw	32	;' '
   424     006D  3420               	retlw	32	;' '
   425     006E  3400               	retlw	0
   426     006F                     STR_8:
   427     006F  3453               	retlw	83	;'S'
   428     0070  3474               	retlw	116	;'t'
   429     0071  3461               	retlw	97	;'a'
   430     0072  3474               	retlw	116	;'t'
   431     0073  3475               	retlw	117	;'u'
   432     0074  3473               	retlw	115	;'s'
   433     0075  343A               	retlw	58	;':'
   434     0076  3453               	retlw	83	;'S'
   435     0077  3444               	retlw	68	;'D'
   436     0078  3441               	retlw	65	;'A'
   437     0079  3420               	retlw	32	;' '
   438     007A  3453               	retlw	83	;'S'
   439     007B  3454               	retlw	84	;'T'
   440     007C  3455               	retlw	85	;'U'
   441     007D  3443               	retlw	67	;'C'
   442     007E  344B               	retlw	75	;'K'
   443     007F  3400               	retlw	0
   444     0080                     STR_9:
   445     0080  3453               	retlw	83	;'S'
   446     0081  3474               	retlw	116	;'t'
   447     0082  3461               	retlw	97	;'a'
   448     0083  3474               	retlw	116	;'t'
   449     0084  3475               	retlw	117	;'u'
   450     0085  3473               	retlw	115	;'s'
   451     0086  343A               	retlw	58	;':'
   452     0087  3453               	retlw	83	;'S'
   453     0088  3443               	retlw	67	;'C'
   454     0089  344C               	retlw	76	;'L'
   455     008A  3420               	retlw	32	;' '
   456     008B  3453               	retlw	83	;'S'
   457     008C  3454               	retlw	84	;'T'
   458     008D  3455               	retlw	85	;'U'
   459     008E  3443               	retlw	67	;'C'
   460     008F  344B               	retlw	75	;'K'
   461     0090  3400               	retlw	0
   462     0091                     STR_15:
   463     0091  3453               	retlw	83	;'S'
   464     0092  3474               	retlw	116	;'t'
   465     0093  3461               	retlw	97	;'a'
   466     0094  3474               	retlw	116	;'t'
   467     0095  3475               	retlw	117	;'u'
   468     0096  3473               	retlw	115	;'s'
   469     0097  343A               	retlw	58	;':'
   470     0098  3453               	retlw	83	;'S'
   471     0099  3459               	retlw	89	;'Y'
   472     009A  3453               	retlw	83	;'S'
   473     009B  3454               	retlw	84	;'T'
   474     009C  3445               	retlw	69	;'E'
   475     009D  344D               	retlw	77	;'M'
   476     009E  3420               	retlw	32	;' '
   477     009F  344F               	retlw	79	;'O'
   478     00A0  344B               	retlw	75	;'K'
   479     00A1  3400               	retlw	0
   480     00A2                     STR_13:
   481     00A2  3443               	retlw	67	;'C'
   482     00A3  346C               	retlw	108	;'l'
   483     00A4  3465               	retlw	101	;'e'
   484     00A5  3461               	retlw	97	;'a'
   485     00A6  3472               	retlw	114	;'r'
   486     00A7  3469               	retlw	105	;'i'
   487     00A8  346E               	retlw	110	;'n'
   488     00A9  3467               	retlw	103	;'g'
   489     00AA  3420               	retlw	32	;' '
   490     00AB  344C               	retlw	76	;'L'
   491     00AC  346F               	retlw	111	;'o'
   492     00AD  3467               	retlw	103	;'g'
   493     00AE  342E               	retlw	46	;'.'
   494     00AF  342E               	retlw	46	;'.'
   495     00B0  342E               	retlw	46	;'.'
   496     00B1  3400               	retlw	0
   497     00B2                     STR_14:
   498     00B2  3445               	retlw	69	;'E'
   499     00B3  3445               	retlw	69	;'E'
   500     00B4  3450               	retlw	80	;'P'
   501     00B5  3452               	retlw	82	;'R'
   502     00B6  344F               	retlw	79	;'O'
   503     00B7  344D               	retlw	77	;'M'
   504     00B8  3420               	retlw	32	;' '
   505     00B9  3443               	retlw	67	;'C'
   506     00BA  344C               	retlw	76	;'L'
   507     00BB  3445               	retlw	69	;'E'
   508     00BC  3441               	retlw	65	;'A'
   509     00BD  3452               	retlw	82	;'R'
   510     00BE  3445               	retlw	69	;'E'
   511     00BF  3444               	retlw	68	;'D'
   512     00C0  3400               	retlw	0
   513     00C1                     STR_6:
   514     00C1  3455               	retlw	85	;'U'
   515     00C2  344E               	retlw	78	;'N'
   516     00C3  344B               	retlw	75	;'K'
   517     00C4  344E               	retlw	78	;'N'
   518     00C5  344F               	retlw	79	;'O'
   519     00C6  3457               	retlw	87	;'W'
   520     00C7  344E               	retlw	78	;'N'
   521     00C8  3400               	retlw	0
   522     00C9                     STR_4:
   523     00C9  3454               	retlw	84	;'T'
   524     00CA  3449               	retlw	73	;'I'
   525     00CB  344D               	retlw	77	;'M'
   526     00CC  3445               	retlw	69	;'E'
   527     00CD  344F               	retlw	79	;'O'
   528     00CE  3455               	retlw	85	;'U'
   529     00CF  3454               	retlw	84	;'T'
   530     00D0  3400               	retlw	0
   531     00D1                     STR_16:
   532     00D1  3428               	retlw	40	;'('
   533     00D2  346E               	retlw	110	;'n'
   534     00D3  3475               	retlw	117	;'u'
   535     00D4  346C               	retlw	108	;'l'
   536     00D5  346C               	retlw	108	;'l'
   537     00D6  3429               	retlw	41	;')'
   538     00D7  3400               	retlw	0
   539     00D8                     STR_5:
   540     00D8  3457               	retlw	87	;'W'
   541     00D9  3444               	retlw	68	;'D'
   542     00DA  3420               	retlw	32	;' '
   543     00DB  3452               	retlw	82	;'R'
   544     00DC  3453               	retlw	83	;'S'
   545     00DD  3454               	retlw	84	;'T'
   546     00DE  3400               	retlw	0
   547     00DF                     STR_3:
   548     00DF  344E               	retlw	78	;'N'
   549     00E0  3441               	retlw	65	;'A'
   550     00E1  3443               	retlw	67	;'C'
   551     00E2  344B               	retlw	75	;'K'
   552     00E3  3400               	retlw	0
   553     0076                     
   554                           	psect	cinit
   555     07ED                     start_initialization:	
   556                           ; #config settings
   557                           
   558     07ED                     __initialization:
   559                           
   560                           ; Initialize objects allocated to BANK0
   561     07ED  120A  118A  20E4  120A  118A  	fcall	__pidataBANK0	;fetch initializer
   562     07F2  00EE               	movwf	__pdataBANK0& (0+127)
   563                           
   564                           ; Clear objects allocated to BANK0
   565     07F3  1383               	bcf	3,7	;select IRP bank0
   566     07F4  305C               	movlw	low __pbssBANK0
   567     07F5  0084               	movwf	4
   568     07F6  306E               	movlw	low (__pbssBANK0+18)
   569     07F7  120A  158A  20B8  120A  118A  	fcall	clear_ram0
   570     07FC                     end_of_initialization:	
   571                           ;End of C runtime variable initialization code
   572                           
   573     07FC                     __end_of__initialization:
   574     07FC  0183               	clrf	3
   575     07FD  120A  118A  2BEE   	ljmp	_main	;jump to C main() function
   576                           
   577                           	psect	bssBANK0
   578     005C                     __pbssBANK0:
   579     005C                     _last_fault_context:
   580     005C                     	ds	4
   581     0060                     _log_count:
   582     0060                     	ds	2
   583     0062                     _write_index:
   584     0062                     	ds	2
   585     0064                     _timeout_counter:
   586     0064                     	ds	2
   587     0066                     _temp:
   588     0066                     	ds	2
   589     0068                     _sign:
   590     0068                     	ds	2
   591     006A                     _fault_uart_sent:
   592     006A                     	ds	1
   593     006B                     _last_good_sec:
   594     006B                     	ds	1
   595     006C                     _last_good_min:
   596     006C                     	ds	1
   597     006D                     _last_good_hour:
   598     006D                     	ds	1
   599                           
   600                           	psect	dataBANK0
   601     006E                     __pdataBANK0:
   602     006E                     _rb1_prev:
   603     006E                     	ds	1
   604                           
   605                           	psect	clrtext
   606     08B8                     clear_ram0:	
   607                           ;	Called with FSR containing the base address, and
   608                           ;	W with the last address+1
   609                           
   610     08B8  0064               	clrwdt	;clear the watchdog before getting into this loop
   611     08B9                     clrloop0:
   612     08B9  0180               	clrf	0	;clear RAM location pointed to by FSR
   613     08BA  0A84               	incf	4,f	;increment pointer
   614     08BB  0604               	xorwf	4,w	;XOR with final address
   615     08BC  1903               	btfsc	3,2	;have we reached the end yet?
   616     08BD  3400               	retlw	0	;all done for this memory range, return
   617     08BE  0604               	xorwf	4,w	;XOR again to restore value
   618     08BF  28B9               	goto	clrloop0	;do the next byte
   619                           
   620                           	psect	cstackBANK1
   621     00A0                     __pcstackBANK1:
   622     00A0                     uart_send_fault_log@message:
   623                           
   624                           ; 64 bytes @ 0x0
   625     00A0                     	ds	64
   626     00E0                     uart_send_fault_log@fault_type:
   627                           
   628                           ; 1 bytes @ 0x40
   629     00E0                     	ds	1
   630     00E1                     uart_send_fault_log@fault_name:
   631                           
   632                           ; 1 bytes @ 0x41
   633     00E1                     	ds	1
   634                           
   635                           	psect	cstackCOMMON
   636     0070                     __pcstackCOMMON:
   637     0070                     ?_isdigit:
   638     0070                     ??_isdigit:	
   639                           ; 1 bit 
   640                           
   641     0070                     ?_busy_delay_ms:	
   642                           ; 1 bytes @ 0x0
   643                           
   644     0070                     ?_enable:	
   645                           ; 1 bytes @ 0x0
   646                           
   647     0070                     ?_lcd_clear:	
   648                           ; 1 bytes @ 0x0
   649                           
   650     0070                     ?_uart_init:	
   651                           ; 1 bytes @ 0x0
   652                           
   653     0070                     ??_uart_init:	
   654                           ; 1 bytes @ 0x0
   655                           
   656     0070                     ?_uart_tx_char:	
   657                           ; 1 bytes @ 0x0
   658                           
   659     0070                     ??_uart_tx_char:	
   660                           ; 1 bytes @ 0x0
   661                           
   662     0070                     ?_uart_tx_string:	
   663                           ; 1 bytes @ 0x0
   664                           
   665     0070                     ?_I2C_reset:	
   666                           ; 1 bytes @ 0x0
   667                           
   668     0070                     ??_I2C_reset:	
   669                           ; 1 bytes @ 0x0
   670                           
   671     0070                     ?_I2C_bus_recovery:	
   672                           ; 1 bytes @ 0x0
   673                           
   674     0070                     ?_internal_eeprom_write:	
   675                           ; 1 bytes @ 0x0
   676                           
   677     0070                     ?_internal_eeprom_read:	
   678                           ; 1 bytes @ 0x0
   679                           
   680     0070                     ??_internal_eeprom_read:	
   681                           ; 1 bytes @ 0x0
   682                           
   683     0070                     ?_save_log_state:	
   684                           ; 1 bytes @ 0x0
   685                           
   686     0070                     ?_restore_log_state:	
   687                           ; 1 bytes @ 0x0
   688                           
   689     0070                     ?_classify_fault:	
   690                           ; 1 bytes @ 0x0
   691                           
   692     0070                     ??_classify_fault:	
   693                           ; 1 bytes @ 0x0
   694                           
   695     0070                     ?_clear_external_eeprom:	
   696                           ; 1 bytes @ 0x0
   697                           
   698     0070                     ?_main:	
   699                           ; 1 bytes @ 0x0
   700                           
   701     0070                     ?___bmul:	
   702                           ; 1 bytes @ 0x0
   703                           
   704     0070                     ?_wait_i2c_idle:	
   705                           ; 1 bytes @ 0x0
   706                           
   707     0070                     ?_wait_sspif_and_clear:	
   708                           ; 2 bytes @ 0x0
   709                           
   710     0070                     ?_flush_internal_eeprom_fault:	
   711                           ; 2 bytes @ 0x0
   712                           
   713     0070                     ?___wmul:	
   714                           ; 2 bytes @ 0x0
   715                           
   716     0070                     ?___awdiv:	
   717                           ; 2 bytes @ 0x0
   718                           
   719     0070                     ?___lwdiv:	
   720                           ; 2 bytes @ 0x0
   721                           
   722     0070                     uart_tx_char@c:	
   723                           ; 2 bytes @ 0x0
   724                           
   725     0070                     internal_eeprom_write@data:	
   726                           ; 1 bytes @ 0x0
   727                           
   728     0070                     internal_eeprom_read@addr:	
   729                           ; 1 bytes @ 0x0
   730                           
   731     0070                     ___bmul@multiplicand:	
   732                           ; 1 bytes @ 0x0
   733                           
   734     0070                     _isdigit$1057:	
   735                           ; 1 bytes @ 0x0
   736                           
   737     0070                     busy_delay_ms@ms:	
   738                           ; 1 bytes @ 0x0
   739                           
   740     0070                     ___wmul@multiplier:	
   741                           ; 2 bytes @ 0x0
   742                           
   743     0070                     ___awdiv@divisor:	
   744                           ; 2 bytes @ 0x0
   745                           
   746     0070                     ___lwdiv@divisor:	
   747                           ; 2 bytes @ 0x0
   748                           
   749                           
   750                           ; 2 bytes @ 0x0
   751     0070                     	ds	1
   752     0071                     ??_uart_tx_string:
   753     0071                     ??_internal_eeprom_write:	
   754                           ; 1 bytes @ 0x1
   755                           
   756     0071                     ??___bmul:	
   757                           ; 1 bytes @ 0x1
   758                           
   759     0071                     internal_eeprom_write@addr:	
   760                           ; 1 bytes @ 0x1
   761                           
   762     0071                     isdigit@c:	
   763                           ; 1 bytes @ 0x1
   764                           
   765                           
   766                           ; 1 bytes @ 0x1
   767     0071                     	ds	1
   768     0072                     ??_busy_delay_ms:
   769     0072                     ??_wait_i2c_idle:	
   770                           ; 1 bytes @ 0x2
   771                           
   772     0072                     ??_wait_sspif_and_clear:	
   773                           ; 1 bytes @ 0x2
   774                           
   775     0072                     ??_I2C_bus_recovery:	
   776                           ; 1 bytes @ 0x2
   777                           
   778     0072                     ??_save_log_state:	
   779                           ; 1 bytes @ 0x2
   780                           
   781     0072                     ??_restore_log_state:	
   782                           ; 1 bytes @ 0x2
   783                           
   784     0072                     ?_buffer_fault_in_internal_eeprom:	
   785                           ; 1 bytes @ 0x2
   786                           
   787     0072                     ?_start:	
   788                           ; 1 bytes @ 0x2
   789                           
   790     0072                     ?_repeated_start:	
   791                           ; 2 bytes @ 0x2
   792                           
   793     0072                     ?_stop:	
   794                           ; 2 bytes @ 0x2
   795                           
   796     0072                     ?_address:	
   797                           ; 2 bytes @ 0x2
   798                           
   799     0072                     ?_write:	
   800                           ; 2 bytes @ 0x2
   801                           
   802     0072                     ?_read_byte:	
   803                           ; 2 bytes @ 0x2
   804                           
   805     0072                     uart_tx_string@s:	
   806                           ; 2 bytes @ 0x2
   807                           
   808     0072                     buffer_fault_in_internal_eeprom@hour:	
   809                           ; 1 bytes @ 0x2
   810                           
   811     0072                     ___bmul@product:	
   812                           ; 1 bytes @ 0x2
   813                           
   814     0072                     ___wmul@multiplicand:	
   815                           ; 1 bytes @ 0x2
   816                           
   817     0072                     ___awdiv@dividend:	
   818                           ; 2 bytes @ 0x2
   819                           
   820     0072                     ___lwdiv@dividend:	
   821                           ; 2 bytes @ 0x2
   822                           
   823                           
   824                           ; 2 bytes @ 0x2
   825     0072                     	ds	1
   826     0073                     buffer_fault_in_internal_eeprom@minute:
   827     0073                     ___bmul@multiplier:	
   828                           ; 1 bytes @ 0x3
   829                           
   830                           
   831                           ; 1 bytes @ 0x3
   832     0073                     	ds	1
   833     0074                     ??_enable:
   834     0074                     ?_lcd:	
   835                           ; 1 bytes @ 0x4
   836                           
   837     0074                     ??_start:	
   838                           ; 1 bytes @ 0x4
   839                           
   840     0074                     ??_repeated_start:	
   841                           ; 1 bytes @ 0x4
   842                           
   843     0074                     ??_stop:	
   844                           ; 1 bytes @ 0x4
   845                           
   846     0074                     ??_address:	
   847                           ; 1 bytes @ 0x4
   848                           
   849     0074                     ??_write:	
   850                           ; 1 bytes @ 0x4
   851                           
   852     0074                     ??_read_byte:	
   853                           ; 1 bytes @ 0x4
   854                           
   855     0074                     ??___wmul:	
   856                           ; 1 bytes @ 0x4
   857                           
   858     0074                     ??___awdiv:	
   859                           ; 1 bytes @ 0x4
   860                           
   861     0074                     ??___lwdiv:	
   862                           ; 1 bytes @ 0x4
   863                           
   864     0074                     address@addr:	
   865                           ; 1 bytes @ 0x4
   866                           
   867     0074                     write@data:	
   868                           ; 1 bytes @ 0x4
   869                           
   870     0074                     buffer_fault_in_internal_eeprom@second:	
   871                           ; 1 bytes @ 0x4
   872                           
   873     0074                     lcd@rs:	
   874                           ; 1 bytes @ 0x4
   875                           
   876     0074                     I2C_bus_recovery@i:	
   877                           ; 2 bytes @ 0x4
   878                           
   879     0074                     ___wmul@product:	
   880                           ; 2 bytes @ 0x4
   881                           
   882                           
   883                           ; 2 bytes @ 0x4
   884     0074                     	ds	1
   885     0075                     ??_buffer_fault_in_internal_eeprom:
   886     0075                     ?_eeprom_write_byte:	
   887                           ; 1 bytes @ 0x5
   888                           
   889     0075                     ___awdiv@counter:	
   890                           ; 2 bytes @ 0x5
   891                           
   892     0075                     eeprom_write_byte@addr:	
   893                           ; 1 bytes @ 0x5
   894                           
   895     0075                     ___lwdiv@quotient:	
   896                           ; 2 bytes @ 0x5
   897                           
   898                           
   899                           ; 2 bytes @ 0x5
   900     0075                     	ds	1
   901     0076                     lcd@data:
   902     0076                     ___awdiv@sign:	
   903                           ; 1 bytes @ 0x6
   904                           
   905     0076                     read_byte@d:	
   906                           ; 1 bytes @ 0x6
   907                           
   908                           
   909                           ; 2 bytes @ 0x6
   910     0076                     	ds	1
   911     0077                     ??_lcd:
   912     0077                     ??_lcd_clear:	
   913                           ; 1 bytes @ 0x7
   914                           
   915     0077                     ?_print:	
   916                           ; 1 bytes @ 0x7
   917                           
   918     0077                     eeprom_write_byte@data:	
   919                           ; 1 bytes @ 0x7
   920                           
   921     0077                     buffer_fault_in_internal_eeprom@fault_type:	
   922                           ; 1 bytes @ 0x7
   923                           
   924     0077                     ___lwdiv@counter:	
   925                           ; 1 bytes @ 0x7
   926                           
   927     0077                     print@ptr:	
   928                           ; 1 bytes @ 0x7
   929                           
   930     0077                     ___awdiv@quotient:	
   931                           ; 2 bytes @ 0x7
   932                           
   933                           
   934                           ; 2 bytes @ 0x7
   935     0077                     	ds	1
   936     0078                     ??_eeprom_write_byte:
   937     0078                     ?___lwmod:	
   938                           ; 1 bytes @ 0x8
   939                           
   940     0078                     read_byte@ack:	
   941                           ; 2 bytes @ 0x8
   942                           
   943     0078                     ___lwmod@divisor:	
   944                           ; 1 bytes @ 0x8
   945                           
   946                           
   947                           ; 2 bytes @ 0x8
   948     0078                     	ds	1
   949     0079                     ??_print:
   950     0079                     ?_rtc_read:	
   951                           ; 1 bytes @ 0x9
   952                           
   953     0079                     ?_read_temp_with_classification:	
   954                           ; 2 bytes @ 0x9
   955                           
   956     0079                     ?___awmod:	
   957                           ; 2 bytes @ 0x9
   958                           
   959     0079                     rtc_read@min:	
   960                           ; 2 bytes @ 0x9
   961                           
   962     0079                     ___awmod@divisor:	
   963                           ; 1 bytes @ 0x9
   964                           
   965                           
   966                           ; 2 bytes @ 0x9
   967     0079                     	ds	1
   968     007A                     ?_log_fault:
   969     007A                     rtc_read@sec:	
   970                           ; 2 bytes @ 0xA
   971                           
   972     007A                     log_fault@hour:	
   973                           ; 1 bytes @ 0xA
   974                           
   975     007A                     ___lwmod@dividend:	
   976                           ; 1 bytes @ 0xA
   977                           
   978                           
   979                           ; 2 bytes @ 0xA
   980     007A                     	ds	1
   981     007B                     ??_rtc_read:
   982     007B                     log_fault@minute:	
   983                           ; 1 bytes @ 0xB
   984                           
   985     007B                     ___awmod@dividend:	
   986                           ; 1 bytes @ 0xB
   987                           
   988                           
   989                           ; 2 bytes @ 0xB
   990     007B                     	ds	1
   991     007C                     ??_handle_fault:
   992     007C                     ??_clear_external_eeprom:	
   993                           ; 1 bytes @ 0xC
   994                           
   995     007C                     ??___lwmod:	
   996                           ; 1 bytes @ 0xC
   997                           
   998     007C                     log_fault@second:	
   999                           ; 1 bytes @ 0xC
  1000                           
  1001                           
  1002                           ; 1 bytes @ 0xC
  1003     007C                     	ds	1
  1004     007D                     ??_flush_internal_eeprom_fault:
  1005     007D                     ??___awmod:	
  1006                           ; 1 bytes @ 0xD
  1007                           
  1008     007D                     ___lwmod@counter:	
  1009                           ; 1 bytes @ 0xD
  1010                           
  1011                           
  1012                           ; 1 bytes @ 0xD
  1013     007D                     	ds	1
  1014                           
  1015                           	psect	cstackBANK0
  1016     0020                     __pcstackBANK0:
  1017     0020                     ??_log_fault:
  1018     0020                     ??_read_temp_with_classification:	
  1019                           ; 1 bytes @ 0x0
  1020                           
  1021     0020                     ?_sprintf:	
  1022                           ; 1 bytes @ 0x0
  1023                           
  1024     0020                     print@addr:	
  1025                           ; 2 bytes @ 0x0
  1026                           
  1027     0020                     rtc_read@hour:	
  1028                           ; 1 bytes @ 0x0
  1029                           
  1030     0020                     sprintf@f:	
  1031                           ; 1 bytes @ 0x0
  1032                           
  1033     0020                     ___awmod@counter:	
  1034                           ; 1 bytes @ 0x0
  1035                           
  1036                           
  1037                           ; 1 bytes @ 0x0
  1038     0020                     	ds	1
  1039     0021                     ___awmod@sign:
  1040     0021                     print@j:	
  1041                           ; 1 bytes @ 0x1
  1042                           
  1043     0021                     rtc_read@d:	
  1044                           ; 2 bytes @ 0x1
  1045                           
  1046                           
  1047                           ; 2 bytes @ 0x1
  1048     0021                     	ds	1
  1049     0022                     log_fault@fault_type:
  1050                           
  1051                           ; 1 bytes @ 0x2
  1052     0022                     	ds	1
  1053     0023                     ?_handle_fault:
  1054     0023                     rtc_read@data:	
  1055                           ; 1 bytes @ 0x3
  1056                           
  1057     0023                     handle_fault@hour:	
  1058                           ; 1 bytes @ 0x3
  1059                           
  1060     0023                     log_fault@addr:	
  1061                           ; 1 bytes @ 0x3
  1062                           
  1063                           
  1064                           ; 2 bytes @ 0x3
  1065     0023                     	ds	1
  1066     0024                     handle_fault@minute:
  1067                           
  1068                           ; 1 bytes @ 0x4
  1069     0024                     	ds	1
  1070     0025                     flush_internal_eeprom_fault@fault_type:
  1071     0025                     handle_fault@second:	
  1072                           ; 1 bytes @ 0x5
  1073                           
  1074                           
  1075                           ; 1 bytes @ 0x5
  1076     0025                     	ds	1
  1077     0026                     flush_internal_eeprom_fault@hour:
  1078     0026                     handle_fault@fault_type:	
  1079                           ; 1 bytes @ 0x6
  1080                           
  1081                           
  1082                           ; 1 bytes @ 0x6
  1083     0026                     	ds	1
  1084     0027                     flush_internal_eeprom_fault@minute:
  1085     0027                     read_temp_with_classification@lsb:	
  1086                           ; 1 bytes @ 0x7
  1087                           
  1088                           
  1089                           ; 1 bytes @ 0x7
  1090     0027                     	ds	1
  1091     0028                     flush_internal_eeprom_fault@second:
  1092     0028                     read_temp_with_classification@msb:	
  1093                           ; 1 bytes @ 0x8
  1094                           
  1095                           
  1096                           ; 1 bytes @ 0x8
  1097     0028                     	ds	1
  1098     0029                     ??_sprintf:
  1099     0029                     read_temp_with_classification@d:	
  1100                           ; 1 bytes @ 0x9
  1101                           
  1102                           
  1103                           ; 2 bytes @ 0x9
  1104     0029                     	ds	2
  1105     002B                     read_temp_with_classification@temp_data:
  1106                           
  1107                           ; 1 bytes @ 0xB
  1108     002B                     	ds	1
  1109     002C                     sprintf@flag:
  1110                           
  1111                           ; 1 bytes @ 0xC
  1112     002C                     	ds	1
  1113     002D                     sprintf@val:
  1114                           
  1115                           ; 2 bytes @ 0xD
  1116     002D                     	ds	2
  1117     002F                     sprintf@prec:
  1118                           
  1119                           ; 1 bytes @ 0xF
  1120     002F                     	ds	1
  1121     0030                     sprintf@ap:
  1122                           
  1123                           ; 1 bytes @ 0x10
  1124     0030                     	ds	1
  1125     0031                     sprintf@cp:
  1126                           
  1127                           ; 2 bytes @ 0x11
  1128     0031                     	ds	2
  1129     0033                     sprintf@len:
  1130                           
  1131                           ; 2 bytes @ 0x13
  1132     0033                     	ds	2
  1133     0035                     sprintf@sp:
  1134                           
  1135                           ; 1 bytes @ 0x15
  1136     0035                     	ds	1
  1137     0036                     sprintf@width:
  1138                           
  1139                           ; 2 bytes @ 0x16
  1140     0036                     	ds	2
  1141     0038                     sprintf@c:
  1142                           
  1143                           ; 1 bytes @ 0x18
  1144     0038                     	ds	1
  1145     0039                     ?_uart_send_fault_log:
  1146     0039                     uart_send_fault_log@hour:	
  1147                           ; 1 bytes @ 0x19
  1148                           
  1149                           
  1150                           ; 1 bytes @ 0x19
  1151     0039                     	ds	1
  1152     003A                     uart_send_fault_log@minute:
  1153                           
  1154                           ; 1 bytes @ 0x1A
  1155     003A                     	ds	1
  1156     003B                     uart_send_fault_log@second:
  1157                           
  1158                           ; 1 bytes @ 0x1B
  1159     003B                     	ds	1
  1160     003C                     ??_uart_send_fault_log:
  1161                           
  1162                           ; 1 bytes @ 0x1C
  1163     003C                     	ds	6
  1164     0042                     ??_main:
  1165                           
  1166                           ; 1 bytes @ 0x22
  1167     0042                     	ds	2
  1168     0044                     main@temp_str:
  1169                           
  1170                           ; 6 bytes @ 0x24
  1171     0044                     	ds	6
  1172     004A                     main@ok:
  1173                           
  1174                           ; 2 bytes @ 0x2A
  1175     004A                     	ds	2
  1176     004C                     _main$613:
  1177                           
  1178                           ; 2 bytes @ 0x2C
  1179     004C                     	ds	2
  1180     004E                     main@retry:
  1181                           
  1182                           ; 2 bytes @ 0x2E
  1183     004E                     	ds	2
  1184     0050                     main@rb1_curr:
  1185                           
  1186                           ; 1 bytes @ 0x30
  1187     0050                     	ds	1
  1188     0051                     main@abs_temp:
  1189                           
  1190                           ; 2 bytes @ 0x31
  1191     0051                     	ds	2
  1192     0053                     main@fault_type:
  1193                           
  1194                           ; 1 bytes @ 0x33
  1195     0053                     	ds	1
  1196     0054                     main@h:
  1197                           
  1198                           ; 1 bytes @ 0x34
  1199     0054                     	ds	1
  1200     0055                     main@m:
  1201                           
  1202                           ; 1 bytes @ 0x35
  1203     0055                     	ds	1
  1204     0056                     main@s:
  1205                           
  1206                           ; 1 bytes @ 0x36
  1207     0056                     	ds	1
  1208     0057                     main@hour:
  1209                           
  1210                           ; 1 bytes @ 0x37
  1211     0057                     	ds	1
  1212     0058                     main@minute:
  1213                           
  1214                           ; 1 bytes @ 0x38
  1215     0058                     	ds	1
  1216     0059                     main@second:
  1217                           
  1218                           ; 1 bytes @ 0x39
  1219     0059                     	ds	1
  1220     005A                     main@temperature:
  1221                           
  1222                           ; 2 bytes @ 0x3A
  1223     005A                     	ds	2
  1224                           
  1225                           	psect	maintext
  1226     03EE                     __pmaintext:	
  1227 ;;
  1228 ;;Main: autosize = 0, tempsize = 2, incstack = 0, save=0
  1229 ;;
  1230 ;; *************** function _main *****************
  1231 ;; Defined at:
  1232 ;;		line 651 in file "esd1.c"
  1233 ;; Parameters:    Size  Location     Type
  1234 ;;		None
  1235 ;; Auto vars:     Size  Location     Type
  1236 ;;  second          1   57[BANK0 ] unsigned char 
  1237 ;;  minute          1   56[BANK0 ] unsigned char 
  1238 ;;  hour            1   55[BANK0 ] unsigned char 
  1239 ;;  fault_type      1   51[BANK0 ] enum E1349
  1240 ;;  temp_str        6   36[BANK0 ] unsigned char [6]
  1241 ;;  temperature     2   58[BANK0 ] int 
  1242 ;;  abs_temp        2   49[BANK0 ] int 
  1243 ;;  retry           2   46[BANK0 ] int 
  1244 ;;  ok              2   42[BANK0 ] int 
  1245 ;;  rb1_curr        1   48[BANK0 ] unsigned char 
  1246 ;;  s               1   54[BANK0 ] unsigned char 
  1247 ;;  m               1   53[BANK0 ] unsigned char 
  1248 ;;  h               1   52[BANK0 ] unsigned char 
  1249 ;; Return value:  Size  Location     Type
  1250 ;;                  1    wreg      void 
  1251 ;; Registers used:
  1252 ;;		wreg, fsr0l, fsr0h, status,2, status,0, btemp+1, pclath, cstack
  1253 ;; Tracked objects:
  1254 ;;		On entry : B00/0
  1255 ;;		On exit  : 0/0
  1256 ;;		Unchanged: 0/0
  1257 ;; Data sizes:     COMMON   BANK0   BANK1   BANK3   BANK2
  1258 ;;      Params:         0       0       0       0       0
  1259 ;;      Locals:         0      24       0       0       0
  1260 ;;      Temps:          0       2       0       0       0
  1261 ;;      Totals:         0      26       0       0       0
  1262 ;;Total ram usage:       26 bytes
  1263 ;; Hardware stack levels required when called: 5
  1264 ;; This function calls:
  1265 ;;		_I2C_bus_recovery
  1266 ;;		___awdiv
  1267 ;;		___awmod
  1268 ;;		_buffer_fault_in_internal_eeprom
  1269 ;;		_busy_delay_ms
  1270 ;;		_classify_fault
  1271 ;;		_clear_external_eeprom
  1272 ;;		_flush_internal_eeprom_fault
  1273 ;;		_handle_fault
  1274 ;;		_lcd
  1275 ;;		_lcd_clear
  1276 ;;		_log_fault
  1277 ;;		_print
  1278 ;;		_read_temp_with_classification
  1279 ;;		_restore_log_state
  1280 ;;		_rtc_read
  1281 ;;		_uart_init
  1282 ;;		_uart_send_fault_log
  1283 ;; This function is called by:
  1284 ;;		Startup code after reset
  1285 ;; This function uses a non-reentrant model
  1286 ;;
  1287                           
  1288     03EE                     _main:	
  1289                           ;psect for function _main
  1290                           
  1291     03EE                     l3367:	
  1292                           ;incstack = 0
  1293                           ; Regs used in _main: [wreg-fsr0h+status,2+status,0+btemp+1+pclath+cstack]
  1294                           
  1295                           
  1296                           ;esd1.c: 653:     PORTA = 0x00; TRISA = 0xFF;
  1297     03EE  1283               	bcf	3,5	;RP0=0, select bank0
  1298     03EF  1303               	bcf	3,6	;RP1=0, select bank0
  1299     03F0  0185               	clrf	5	;volatile
  1300     03F1                     l3369:
  1301     03F1  30FF               	movlw	255
  1302     03F2  1683               	bsf	3,5	;RP0=1, select bank1
  1303     03F3  1303               	bcf	3,6	;RP1=0, select bank1
  1304     03F4  0085               	movwf	5	;volatile
  1305     03F5                     l3371:
  1306                           
  1307                           ;esd1.c: 654:     PORTC = 0x00; TRISC = 0x98;
  1308     03F5  1283               	bcf	3,5	;RP0=0, select bank0
  1309     03F6  1303               	bcf	3,6	;RP1=0, select bank0
  1310     03F7  0187               	clrf	7	;volatile
  1311     03F8  3098               	movlw	152
  1312     03F9  1683               	bsf	3,5	;RP0=1, select bank1
  1313     03FA  1303               	bcf	3,6	;RP1=0, select bank1
  1314     03FB  0087               	movwf	7	;volatile
  1315     03FC                     l3373:
  1316                           
  1317                           ;esd1.c: 655:     PORTB = 0x00; TRISB = 0x03;
  1318     03FC  1283               	bcf	3,5	;RP0=0, select bank0
  1319     03FD  1303               	bcf	3,6	;RP1=0, select bank0
  1320     03FE  0186               	clrf	6	;volatile
  1321     03FF                     l3375:
  1322     03FF  3003               	movlw	3
  1323     0400  1683               	bsf	3,5	;RP0=1, select bank1
  1324     0401  1303               	bcf	3,6	;RP1=0, select bank1
  1325     0402  0086               	movwf	6	;volatile
  1326                           
  1327                           ;esd1.c: 656:     PORTD = 0x00; TRISD = 0x00;
  1328     0403  1283               	bcf	3,5	;RP0=0, select bank0
  1329     0404  1303               	bcf	3,6	;RP1=0, select bank0
  1330     0405  0188               	clrf	8	;volatile
  1331     0406  1683               	bsf	3,5	;RP0=1, select bank1
  1332     0407  1303               	bcf	3,6	;RP1=0, select bank1
  1333     0408  0188               	clrf	8	;volatile
  1334                           
  1335                           ;esd1.c: 657:     PORTE = 0x00; TRISE = 0x00;
  1336     0409  1283               	bcf	3,5	;RP0=0, select bank0
  1337     040A  1303               	bcf	3,6	;RP1=0, select bank0
  1338     040B  0189               	clrf	9	;volatile
  1339     040C  1683               	bsf	3,5	;RP0=1, select bank1
  1340     040D  1303               	bcf	3,6	;RP1=0, select bank1
  1341     040E  0189               	clrf	9	;volatile
  1342                           
  1343                           ;esd1.c: 658:     ANSEL = ANSELH = 0x00;
  1344     040F  1683               	bsf	3,5	;RP0=1, select bank3
  1345     0410  1703               	bsf	3,6	;RP1=1, select bank3
  1346     0411  0189               	clrf	9	;volatile
  1347     0412  0188               	clrf	8	;volatile
  1348     0413                     l3377:
  1349                           
  1350                           ;esd1.c: 661:     OSCCONbits.IRCF = 0b111;
  1351     0413  3070               	movlw	112
  1352     0414  1683               	bsf	3,5	;RP0=1, select bank1
  1353     0415  1303               	bcf	3,6	;RP1=0, select bank1
  1354     0416  048F               	iorwf	15,f	;volatile
  1355     0417                     l3379:
  1356                           
  1357                           ;esd1.c: 662:     OSCCONbits.SCS = 1;
  1358     0417  140F               	bsf	15,0	;volatile
  1359     0418                     l3381:
  1360                           
  1361                           ;esd1.c: 664:     SSPCON = 0x28;
  1362     0418  3028               	movlw	40
  1363     0419  1283               	bcf	3,5	;RP0=0, select bank0
  1364     041A  1303               	bcf	3,6	;RP1=0, select bank0
  1365     041B  0094               	movwf	20	;volatile
  1366     041C                     l3383:
  1367                           
  1368                           ;esd1.c: 665:     SSPSTAT = 0x80;
  1369     041C  3080               	movlw	128
  1370     041D  1683               	bsf	3,5	;RP0=1, select bank1
  1371     041E  1303               	bcf	3,6	;RP1=0, select bank1
  1372     041F  0094               	movwf	20	;volatile
  1373     0420                     l3385:
  1374                           
  1375                           ;esd1.c: 666:     SSPCON2 = 0x00;
  1376     0420  0191               	clrf	17	;volatile
  1377     0421                     l3387:
  1378                           
  1379                           ;esd1.c: 668:     PORTCbits.RC6 = 1;
  1380     0421  1283               	bcf	3,5	;RP0=0, select bank0
  1381     0422  1303               	bcf	3,6	;RP1=0, select bank0
  1382     0423  1707               	bsf	7,6	;volatile
  1383     0424                     l3389:
  1384                           
  1385                           ;esd1.c: 669:     uart_init();
  1386     0424  120A  158A  2185  120A  118A  	fcall	_uart_init
  1387     0429                     l3391:
  1388                           
  1389                           ;esd1.c: 671:     lcd(0, 0x38);
  1390     0429  3000               	movlw	0
  1391     042A  00F4               	movwf	lcd@rs
  1392     042B  00F5               	movwf	lcd@rs+1
  1393     042C  3038               	movlw	56
  1394     042D  00F6               	movwf	lcd@data
  1395     042E  120A  158A  20D7  120A  118A  	fcall	_lcd
  1396     0433                     l3393:
  1397                           
  1398                           ;esd1.c: 672:     lcd(0, 0x0C);
  1399     0433  3000               	movlw	0
  1400     0434  00F4               	movwf	lcd@rs
  1401     0435  00F5               	movwf	lcd@rs+1
  1402     0436  300C               	movlw	12
  1403     0437  00F6               	movwf	lcd@data
  1404     0438  120A  158A  20D7  120A  118A  	fcall	_lcd
  1405     043D                     l3395:
  1406                           
  1407                           ;esd1.c: 673:     lcd_clear();
  1408     043D  120A  158A  20FB  120A  118A  	fcall	_lcd_clear
  1409     0442                     l3397:
  1410                           
  1411                           ;esd1.c: 675:     I2C_bus_recovery();
  1412     0442  120A  158A  25F8  120A  118A  	fcall	_I2C_bus_recovery
  1413     0447                     l3399:
  1414                           
  1415                           ;esd1.c: 678:     restore_log_state();
  1416     0447  120A  158A  2728  120A  118A  	fcall	_restore_log_state
  1417     044C                     l3401:
  1418                           
  1419                           ;esd1.c: 681:     if ((PCON & 0x10) == 0) {
  1420     044C  1683               	bsf	3,5	;RP0=1, select bank1
  1421     044D  1303               	bcf	3,6	;RP1=0, select bank1
  1422     044E  1A0E               	btfsc	14,4	;volatile
  1423     044F  2C51               	goto	u3081
  1424     0450  2C52               	goto	u3080
  1425     0451                     u3081:
  1426     0451  2C7E               	goto	l347
  1427     0452                     u3080:
  1428     0452                     l3403:
  1429                           
  1430                           ;esd1.c: 682:         unsigned char h, m, s;;esd1.c: 683:         if (rtc_read(&h, &m, &
      +                          s)) {
  1431     0452  3055               	movlw	(low (main@m| 0))& (0+255)
  1432     0453  00F9               	movwf	rtc_read@min
  1433     0454  3056               	movlw	(low (main@s| 0))& (0+255)
  1434     0455  00FA               	movwf	rtc_read@sec
  1435     0456  3054               	movlw	(low (main@h| 0))& (0+255)
  1436     0457  120A  118A  21CB  120A  118A  	fcall	_rtc_read
  1437     045C  0879               	movf	?_rtc_read,w
  1438     045D  047A               	iorwf	?_rtc_read+1,w
  1439     045E  1903               	btfsc	3,2
  1440     045F  2C61               	goto	u3091
  1441     0460  2C62               	goto	u3090
  1442     0461                     u3091:
  1443     0461  2C7E               	goto	l347
  1444     0462                     u3090:
  1445     0462                     l3405:
  1446                           
  1447                           ;esd1.c: 684:             log_fault(FAULT_WATCHDOG, h, m, s);
  1448     0462  1283               	bcf	3,5	;RP0=0, select bank0
  1449     0463  1303               	bcf	3,6	;RP1=0, select bank0
  1450     0464  0854               	movf	main@h,w
  1451     0465  00FA               	movwf	log_fault@hour
  1452     0466  0855               	movf	main@m,w
  1453     0467  00FB               	movwf	log_fault@minute
  1454     0468  0856               	movf	main@s,w
  1455     0469  00FC               	movwf	log_fault@second
  1456     046A  3005               	movlw	5
  1457     046B  120A  118A  210A  120A  118A  	fcall	_log_fault
  1458     0470                     l3407:
  1459                           
  1460                           ;esd1.c: 686:             uart_send_fault_log(FAULT_WATCHDOG, h, m, s);
  1461     0470  1283               	bcf	3,5	;RP0=0, select bank0
  1462     0471  1303               	bcf	3,6	;RP1=0, select bank0
  1463     0472  0854               	movf	main@h,w
  1464     0473  00B9               	movwf	uart_send_fault_log@hour
  1465     0474  0855               	movf	main@m,w
  1466     0475  00BA               	movwf	uart_send_fault_log@minute
  1467     0476  0856               	movf	main@s,w
  1468     0477  00BB               	movwf	uart_send_fault_log@second
  1469     0478  3005               	movlw	5
  1470     0479  120A  158A  2793  120A  118A  	fcall	_uart_send_fault_log
  1471     047E                     l347:	
  1472                           ;esd1.c: 690:     while (1)
  1473                           
  1474     047E  0064               	clrwdt	;# 
  1475     047F                     l3409:
  1476                           
  1477                           ;esd1.c: 694:         unsigned char rb1_curr = PORTBbits.RB1;
  1478     047F  3000               	movlw	0
  1479     0480  1283               	bcf	3,5	;RP0=0, select bank0
  1480     0481  1303               	bcf	3,6	;RP1=0, select bank0
  1481     0482  1886               	btfsc	6,1	;volatile
  1482     0483  3001               	movlw	1
  1483     0484  00D0               	movwf	main@rb1_curr
  1484     0485                     l3411:
  1485                           
  1486                           ;esd1.c: 697:         if (rb1_prev == 1 && rb1_curr == 0) {
  1487     0485  036E               	decf	_rb1_prev,w
  1488     0486  1D03               	btfss	3,2
  1489     0487  2C89               	goto	u3101
  1490     0488  2C8A               	goto	u3100
  1491     0489                     u3101:
  1492     0489  2CA3               	goto	l3421
  1493     048A                     u3100:
  1494     048A                     l3413:
  1495     048A  0850               	movf	main@rb1_curr,w
  1496     048B  1D03               	btfss	3,2
  1497     048C  2C8E               	goto	u3111
  1498     048D  2C8F               	goto	u3110
  1499     048E                     u3111:
  1500     048E  2CA3               	goto	l3421
  1501     048F                     u3110:
  1502     048F                     l3415:
  1503                           
  1504                           ;esd1.c: 699:             busy_delay_ms(20);
  1505     048F  3014               	movlw	20
  1506     0490  00F0               	movwf	busy_delay_ms@ms
  1507     0491  3000               	movlw	0
  1508     0492  00F1               	movwf	busy_delay_ms@ms+1
  1509     0493  120A  158A  2153  120A  118A  	fcall	_busy_delay_ms
  1510     0498                     l3417:
  1511                           
  1512                           ;esd1.c: 700:             if (PORTBbits.RB1 == 0) {
  1513     0498  1283               	bcf	3,5	;RP0=0, select bank0
  1514     0499  1303               	bcf	3,6	;RP1=0, select bank0
  1515     049A  1886               	btfsc	6,1	;volatile
  1516     049B  2C9D               	goto	u3121
  1517     049C  2C9E               	goto	u3120
  1518     049D                     u3121:
  1519     049D  2CA3               	goto	l3421
  1520     049E                     u3120:
  1521     049E                     l3419:
  1522                           
  1523                           ;esd1.c: 701:                 clear_external_eeprom();
  1524     049E  120A  158A  2345  120A  118A  	fcall	_clear_external_eeprom
  1525     04A3                     l3421:
  1526                           
  1527                           ;esd1.c: 705:         rb1_prev = rb1_curr;
  1528     04A3  1283               	bcf	3,5	;RP0=0, select bank0
  1529     04A4  1303               	bcf	3,6	;RP1=0, select bank0
  1530     04A5  0850               	movf	main@rb1_curr,w
  1531     04A6  00EE               	movwf	_rb1_prev
  1532     04A7                     l3423:
  1533                           
  1534                           ;esd1.c: 707:         int temperature;;esd1.c: 708:         int ok = 0;
  1535     04A7  01CA               	clrf	main@ok
  1536     04A8  01CB               	clrf	main@ok+1
  1537     04A9                     l3425:
  1538                           
  1539                           ;esd1.c: 709:         int retry;;esd1.c: 711:         for (retry = 0; retry < 3; ++retry
      +                          )
  1540     04A9  01CE               	clrf	main@retry
  1541     04AA  01CF               	clrf	main@retry+1
  1542     04AB                     l3431:
  1543                           
  1544                           ;esd1.c: 712:         {;esd1.c: 713:             if (read_temp_with_classification(&temp
      +                          erature)) {
  1545     04AB  305A               	movlw	(low (main@temperature| 0))& (0+255)
  1546     04AC  120A  118A  22A7  120A  118A  	fcall	_read_temp_with_classification
  1547     04B1  0879               	movf	?_read_temp_with_classification,w
  1548     04B2  047A               	iorwf	?_read_temp_with_classification+1,w
  1549     04B3  1903               	btfsc	3,2
  1550     04B4  2CB6               	goto	u3131
  1551     04B5  2CB7               	goto	u3130
  1552     04B6                     u3131:
  1553     04B6  2CBE               	goto	l3435
  1554     04B7                     u3130:
  1555     04B7                     l3433:
  1556                           
  1557                           ;esd1.c: 714:                 ok = 1;
  1558     04B7  3001               	movlw	1
  1559     04B8  1283               	bcf	3,5	;RP0=0, select bank0
  1560     04B9  1303               	bcf	3,6	;RP1=0, select bank0
  1561     04BA  00CA               	movwf	main@ok
  1562     04BB  3000               	movlw	0
  1563     04BC  00CB               	movwf	main@ok+1
  1564                           
  1565                           ;esd1.c: 715:                 break;
  1566     04BD  2CD3               	goto	l3439
  1567     04BE                     l3435:
  1568                           
  1569                           ;esd1.c: 717:         }
  1570     04BE  3001               	movlw	1
  1571     04BF  1283               	bcf	3,5	;RP0=0, select bank0
  1572     04C0  1303               	bcf	3,6	;RP1=0, select bank0
  1573     04C1  07CE               	addwf	main@retry,f
  1574     04C2  1803               	skipnc
  1575     04C3  0ACF               	incf	main@retry+1,f
  1576     04C4  3000               	movlw	0
  1577     04C5  07CF               	addwf	main@retry+1,f
  1578     04C6                     l3437:
  1579     04C6  084F               	movf	main@retry+1,w
  1580     04C7  3A80               	xorlw	128
  1581     04C8  00FF               	movwf	btemp+1
  1582     04C9  3080               	movlw	128
  1583     04CA  027F               	subwf	btemp+1,w
  1584     04CB  1D03               	skipz
  1585     04CC  2CCF               	goto	u3145
  1586     04CD  3003               	movlw	3
  1587     04CE  024E               	subwf	main@retry,w
  1588     04CF                     u3145:
  1589     04CF  1C03               	skipc
  1590     04D0  2CD2               	goto	u3141
  1591     04D1  2CD3               	goto	u3140
  1592     04D2                     u3141:
  1593     04D2  2CAB               	goto	l3431
  1594     04D3                     u3140:
  1595     04D3                     l3439:
  1596                           
  1597                           ;esd1.c: 719:         if (!ok) {
  1598     04D3  1283               	bcf	3,5	;RP0=0, select bank0
  1599     04D4  1303               	bcf	3,6	;RP1=0, select bank0
  1600     04D5  084A               	movf	main@ok,w
  1601     04D6  044B               	iorwf	main@ok+1,w
  1602     04D7  1D03               	btfss	3,2
  1603     04D8  2CDA               	goto	u3151
  1604     04D9  2CDB               	goto	u3150
  1605     04DA                     u3151:
  1606     04DA  2D32               	goto	l3459
  1607     04DB                     u3150:
  1608     04DB                     l3441:
  1609                           
  1610                           ;esd1.c: 720:             fault_type_t fault_type = classify_fault();
  1611     04DB  120A  158A  213B  120A  118A  	fcall	_classify_fault
  1612     04E0  1283               	bcf	3,5	;RP0=0, select bank0
  1613     04E1  1303               	bcf	3,6	;RP1=0, select bank0
  1614     04E2  00D3               	movwf	main@fault_type
  1615     04E3                     l3443:
  1616                           
  1617                           ;esd1.c: 721:             unsigned char hour, minute, second;;esd1.c: 723:             i
      +                          f (!rtc_read(&hour, &minute, &second)) {
  1618     04E3  3058               	movlw	(low (main@minute| 0))& (0+255)
  1619     04E4  00F9               	movwf	rtc_read@min
  1620     04E5  3059               	movlw	(low (main@second| 0))& (0+255)
  1621     04E6  00FA               	movwf	rtc_read@sec
  1622     04E7  3057               	movlw	(low (main@hour| 0))& (0+255)
  1623     04E8  120A  118A  21CB  120A  118A  	fcall	_rtc_read
  1624     04ED  0879               	movf	?_rtc_read,w
  1625     04EE  047A               	iorwf	?_rtc_read+1,w
  1626     04EF  1D03               	btfss	3,2
  1627     04F0  2CF2               	goto	u3161
  1628     04F1  2CF3               	goto	u3160
  1629     04F2                     u3161:
  1630     04F2  2CFB               	goto	l3447
  1631     04F3                     u3160:
  1632     04F3                     l3445:
  1633                           
  1634                           ;esd1.c: 724:                 hour = last_good_hour;
  1635     04F3  1283               	bcf	3,5	;RP0=0, select bank0
  1636     04F4  1303               	bcf	3,6	;RP1=0, select bank0
  1637     04F5  086D               	movf	_last_good_hour,w
  1638     04F6  00D7               	movwf	main@hour
  1639                           
  1640                           ;esd1.c: 725:                 minute = last_good_min;
  1641     04F7  086C               	movf	_last_good_min,w
  1642     04F8  00D8               	movwf	main@minute
  1643                           
  1644                           ;esd1.c: 726:                 second = last_good_sec;
  1645     04F9  086B               	movf	_last_good_sec,w
  1646     04FA  00D9               	movwf	main@second
  1647     04FB                     l3447:
  1648                           
  1649                           ;esd1.c: 730:             if (!fault_uart_sent) {
  1650     04FB  1283               	bcf	3,5	;RP0=0, select bank0
  1651     04FC  1303               	bcf	3,6	;RP1=0, select bank0
  1652     04FD  086A               	movf	_fault_uart_sent,w
  1653     04FE  1D03               	btfss	3,2
  1654     04FF  2D01               	goto	u3171
  1655     0500  2D02               	goto	u3170
  1656     0501                     u3171:
  1657     0501  2D12               	goto	l3453
  1658     0502                     u3170:
  1659     0502                     l3449:
  1660                           
  1661                           ;esd1.c: 731:                 uart_send_fault_log(fault_type, hour, minute, second);
  1662     0502  0857               	movf	main@hour,w
  1663     0503  00B9               	movwf	uart_send_fault_log@hour
  1664     0504  0858               	movf	main@minute,w
  1665     0505  00BA               	movwf	uart_send_fault_log@minute
  1666     0506  0859               	movf	main@second,w
  1667     0507  00BB               	movwf	uart_send_fault_log@second
  1668     0508  0853               	movf	main@fault_type,w
  1669     0509  120A  158A  2793  120A  118A  	fcall	_uart_send_fault_log
  1670     050E                     l3451:
  1671                           
  1672                           ;esd1.c: 732:                 fault_uart_sent = 1;
  1673     050E  1283               	bcf	3,5	;RP0=0, select bank0
  1674     050F  1303               	bcf	3,6	;RP1=0, select bank0
  1675     0510  01EA               	clrf	_fault_uart_sent
  1676     0511  0AEA               	incf	_fault_uart_sent,f
  1677     0512                     l3453:
  1678                           
  1679                           ;esd1.c: 735:             buffer_fault_in_internal_eeprom(fault_type, hour, minute, seco
      +                          nd);
  1680     0512  0857               	movf	main@hour,w
  1681     0513  00F2               	movwf	buffer_fault_in_internal_eeprom@hour
  1682     0514  0858               	movf	main@minute,w
  1683     0515  00F3               	movwf	buffer_fault_in_internal_eeprom@minute
  1684     0516  0859               	movf	main@second,w
  1685     0517  00F4               	movwf	buffer_fault_in_internal_eeprom@second
  1686     0518  0853               	movf	main@fault_type,w
  1687     0519  120A  158A  23F6  120A  118A  	fcall	_buffer_fault_in_internal_eeprom
  1688     051E                     l3455:
  1689                           
  1690                           ;esd1.c: 736:             I2C_bus_recovery();
  1691     051E  120A  158A  25F8  120A  118A  	fcall	_I2C_bus_recovery
  1692     0523                     l3457:
  1693                           
  1694                           ;esd1.c: 737:             handle_fault(fault_type, hour, minute, second);
  1695     0523  1283               	bcf	3,5	;RP0=0, select bank0
  1696     0524  1303               	bcf	3,6	;RP1=0, select bank0
  1697     0525  0857               	movf	main@hour,w
  1698     0526  00A3               	movwf	handle_fault@hour
  1699     0527  0858               	movf	main@minute,w
  1700     0528  00A4               	movwf	handle_fault@minute
  1701     0529  0859               	movf	main@second,w
  1702     052A  00A5               	movwf	handle_fault@second
  1703     052B  0853               	movf	main@fault_type,w
  1704     052C  120A  158A  253C  120A  118A  	fcall	_handle_fault
  1705                           
  1706                           ;esd1.c: 738:             continue;
  1707     0531  2C7E               	goto	l347
  1708     0532                     l3459:
  1709                           
  1710                           ;esd1.c: 742:         flush_internal_eeprom_fault();
  1711     0532  120A  158A  243B  120A  118A  	fcall	_flush_internal_eeprom_fault
  1712     0537                     l3461:
  1713                           
  1714                           ;esd1.c: 745:         rtc_read(&last_good_hour, &last_good_min, &last_good_sec);
  1715     0537  306C               	movlw	(low (_last_good_min| 0))& (0+255)
  1716     0538  00F9               	movwf	rtc_read@min
  1717     0539  306B               	movlw	(low (_last_good_sec| 0))& (0+255)
  1718     053A  00FA               	movwf	rtc_read@sec
  1719     053B  306D               	movlw	(low (_last_good_hour| 0))& (0+255)
  1720     053C  120A  118A  21CB  120A  118A  	fcall	_rtc_read
  1721     0541                     l3463:
  1722                           
  1723                           ;esd1.c: 747:         lcd_clear();
  1724     0541  120A  158A  20FB  120A  118A  	fcall	_lcd_clear
  1725     0546                     l3465:
  1726                           
  1727                           ;esd1.c: 749:         char temp_str[6];;esd1.c: 750:         int abs_temp = (temperature
      +                           < 0) ? -temperature : temperature;
  1728     0546  1283               	bcf	3,5	;RP0=0, select bank0
  1729     0547  1303               	bcf	3,6	;RP1=0, select bank0
  1730     0548  1BDB               	btfsc	main@temperature+1,7
  1731     0549  2D4B               	goto	u3181
  1732     054A  2D4C               	goto	u3180
  1733     054B                     u3181:
  1734     054B  2D51               	goto	l3469
  1735     054C                     u3180:
  1736     054C                     l3467:
  1737     054C  085B               	movf	main@temperature+1,w
  1738     054D  00D2               	movwf	main@abs_temp+1
  1739     054E  085A               	movf	main@temperature,w
  1740     054F  00D1               	movwf	main@abs_temp
  1741     0550  2D5C               	goto	l3471
  1742     0551                     l3469:
  1743     0551  095A               	comf	main@temperature,w
  1744     0552  00C2               	movwf	??_main
  1745     0553  095B               	comf	main@temperature+1,w
  1746     0554  00C3               	movwf	??_main+1
  1747     0555  0AC2               	incf	??_main,f
  1748     0556  1903               	skipnz
  1749     0557  0AC3               	incf	??_main+1,f
  1750     0558  0842               	movf	??_main,w
  1751     0559  00D1               	movwf	main@abs_temp
  1752     055A  0843               	movf	??_main+1,w
  1753     055B  00D2               	movwf	main@abs_temp+1
  1754     055C                     l3471:
  1755                           
  1756                           ;esd1.c: 751:         temp_str[0] = (temperature < 0) ? '-' : '+';
  1757     055C  1BDB               	btfsc	main@temperature+1,7
  1758     055D  2D5F               	goto	u3191
  1759     055E  2D60               	goto	u3190
  1760     055F                     u3191:
  1761     055F  2D65               	goto	l3475
  1762     0560                     u3190:
  1763     0560                     l3473:
  1764     0560  302B               	movlw	43
  1765     0561  00CC               	movwf	_main$613
  1766     0562  3000               	movlw	0
  1767     0563  00CD               	movwf	_main$613+1
  1768     0564  2D69               	goto	l364
  1769     0565                     l3475:
  1770     0565  302D               	movlw	45
  1771     0566  00CC               	movwf	_main$613
  1772     0567  3000               	movlw	0
  1773     0568  00CD               	movwf	_main$613+1
  1774     0569                     l364:
  1775     0569  084C               	movf	_main$613,w
  1776     056A  00C4               	movwf	main@temp_str
  1777     056B                     l3477:
  1778                           
  1779                           ;esd1.c: 752:         temp_str[1] = (abs_temp / 100) + '0';
  1780     056B  3064               	movlw	100
  1781     056C  00F0               	movwf	___awdiv@divisor
  1782     056D  3000               	movlw	0
  1783     056E  00F1               	movwf	___awdiv@divisor+1
  1784     056F  0852               	movf	main@abs_temp+1,w
  1785     0570  00F3               	movwf	___awdiv@dividend+1
  1786     0571  0851               	movf	main@abs_temp,w
  1787     0572  00F2               	movwf	___awdiv@dividend
  1788     0573  120A  158A  26C1  120A  118A  	fcall	___awdiv
  1789     0578  0870               	movf	?___awdiv,w
  1790     0579  3E30               	addlw	48
  1791     057A  1283               	bcf	3,5	;RP0=0, select bank0
  1792     057B  1303               	bcf	3,6	;RP1=0, select bank0
  1793     057C  00C5               	movwf	main@temp_str+1
  1794     057D                     l3479:
  1795                           
  1796                           ;esd1.c: 753:         temp_str[2] = ((abs_temp / 10) % 10) + '0';
  1797     057D  300A               	movlw	10
  1798     057E  00F9               	movwf	___awmod@divisor
  1799     057F  3000               	movlw	0
  1800     0580  00FA               	movwf	___awmod@divisor+1
  1801     0581  300A               	movlw	10
  1802     0582  00F0               	movwf	___awdiv@divisor
  1803     0583  3000               	movlw	0
  1804     0584  00F1               	movwf	___awdiv@divisor+1
  1805     0585  0852               	movf	main@abs_temp+1,w
  1806     0586  00F3               	movwf	___awdiv@dividend+1
  1807     0587  0851               	movf	main@abs_temp,w
  1808     0588  00F2               	movwf	___awdiv@dividend
  1809     0589  120A  158A  26C1  120A  118A  	fcall	___awdiv
  1810     058E  0871               	movf	?___awdiv+1,w
  1811     058F  00FC               	movwf	___awmod@dividend+1
  1812     0590  0870               	movf	?___awdiv,w
  1813     0591  00FB               	movwf	___awmod@dividend
  1814     0592  120A  158A  24E1  120A  118A  	fcall	___awmod
  1815     0597  0879               	movf	?___awmod,w
  1816     0598  3E30               	addlw	48
  1817     0599  1283               	bcf	3,5	;RP0=0, select bank0
  1818     059A  1303               	bcf	3,6	;RP1=0, select bank0
  1819     059B  00C6               	movwf	main@temp_str+2
  1820     059C                     l3481:
  1821                           
  1822                           ;esd1.c: 754:         temp_str[3] = (abs_temp % 10) + '0';
  1823     059C  300A               	movlw	10
  1824     059D  00F9               	movwf	___awmod@divisor
  1825     059E  3000               	movlw	0
  1826     059F  00FA               	movwf	___awmod@divisor+1
  1827     05A0  0852               	movf	main@abs_temp+1,w
  1828     05A1  00FC               	movwf	___awmod@dividend+1
  1829     05A2  0851               	movf	main@abs_temp,w
  1830     05A3  00FB               	movwf	___awmod@dividend
  1831     05A4  120A  158A  24E1  120A  118A  	fcall	___awmod
  1832     05A9  0879               	movf	?___awmod,w
  1833     05AA  3E30               	addlw	48
  1834     05AB  1283               	bcf	3,5	;RP0=0, select bank0
  1835     05AC  1303               	bcf	3,6	;RP1=0, select bank0
  1836     05AD  00C7               	movwf	main@temp_str+3
  1837     05AE                     l3483:
  1838                           
  1839                           ;esd1.c: 755:         temp_str[4] = 'C';
  1840     05AE  3043               	movlw	67
  1841     05AF  00C8               	movwf	main@temp_str+4
  1842     05B0                     l3485:
  1843                           
  1844                           ;esd1.c: 756:         temp_str[5] = '\0';
  1845     05B0  01C9               	clrf	main@temp_str+5
  1846     05B1                     l3487:
  1847                           
  1848                           ;esd1.c: 757:         print(0x80, temp_str);
  1849     05B1  3044               	movlw	(low (main@temp_str| 0))& (0+255)
  1850     05B2  00F7               	movwf	print@ptr
  1851     05B3  3000               	movlw	0
  1852     05B4  00F8               	movwf	print@ptr+1
  1853     05B5  3080               	movlw	128
  1854     05B6  120A  158A  2488  120A  118A  	fcall	_print
  1855     05BB                     l3489:
  1856                           
  1857                           ;esd1.c: 759:         print(0xC0, "Status:SYSTEM OK");
  1858     05BB  307F               	movlw	(low ((STR_15-__stringbase)| (0+32768)))& (0+255)
  1859     05BC  00F7               	movwf	print@ptr
  1860     05BD  3080               	movlw	128
  1861     05BE  00F8               	movwf	print@ptr+1
  1862     05BF  30C0               	movlw	192
  1863     05C0  120A  158A  2488  120A  118A  	fcall	_print
  1864     05C5                     l3491:
  1865                           
  1866                           ;esd1.c: 761:         if (PORTBbits.RB0 == 0) {
  1867     05C5  1283               	bcf	3,5	;RP0=0, select bank0
  1868     05C6  1303               	bcf	3,6	;RP1=0, select bank0
  1869     05C7  1806               	btfsc	6,0	;volatile
  1870     05C8  2DCA               	goto	u3201
  1871     05C9  2DCB               	goto	u3200
  1872     05CA                     u3201:
  1873     05CA  2DD4               	goto	l365
  1874     05CB                     u3200:
  1875     05CB                     l3493:
  1876                           
  1877                           ;esd1.c: 762:             busy_delay_ms(20);
  1878     05CB  3014               	movlw	20
  1879     05CC  00F0               	movwf	busy_delay_ms@ms
  1880     05CD  3000               	movlw	0
  1881     05CE  00F1               	movwf	busy_delay_ms@ms+1
  1882     05CF  120A  158A  2153  120A  118A  	fcall	_busy_delay_ms
  1883     05D4                     l365:	
  1884                           ;esd1.c: 763:         }
  1885                           
  1886                           
  1887                           ;esd1.c: 765:         busy_delay_ms(1000);
  1888     05D4  30E8               	movlw	232
  1889     05D5  00F0               	movwf	busy_delay_ms@ms
  1890     05D6  3003               	movlw	3
  1891     05D7  00F1               	movwf	busy_delay_ms@ms+1
  1892     05D8  120A  158A  2153  120A  118A  	fcall	_busy_delay_ms
  1893     05DD  2C7E               	goto	l347
  1894     05DE  120A  118A  2800   	ljmp	start
  1895     05E1                     __end_of_main:
  1896                           
  1897                           	psect	text1
  1898     0F93                     __ptext1:	
  1899 ;; *************** function _uart_send_fault_log *****************
  1900 ;; Defined at:
  1901 ;;		line 158 in file "esd1.c"
  1902 ;; Parameters:    Size  Location     Type
  1903 ;;  fault_type      1    wreg     enum E1349
  1904 ;;  hour            1   25[BANK0 ] unsigned char 
  1905 ;;  minute          1   26[BANK0 ] unsigned char 
  1906 ;;  second          1   27[BANK0 ] unsigned char 
  1907 ;; Auto vars:     Size  Location     Type
  1908 ;;  fault_type      1   64[BANK1 ] enum E1349
  1909 ;;  message        64    0[BANK1 ] unsigned char [64]
  1910 ;;  fault_name      1   65[BANK1 ] PTR const unsigned char 
  1911 ;;		 -> STR_6(8), STR_5(7), STR_4(8), STR_3(5), 
  1912 ;;		 -> STR_2(10), STR_1(10), 
  1913 ;; Return value:  Size  Location     Type
  1914 ;;                  1    wreg      void 
  1915 ;; Registers used:
  1916 ;;		wreg, fsr0l, fsr0h, status,2, status,0, btemp+1, pclath, cstack
  1917 ;; Tracked objects:
  1918 ;;		On entry : 0/0
  1919 ;;		On exit  : 0/0
  1920 ;;		Unchanged: 0/0
  1921 ;; Data sizes:     COMMON   BANK0   BANK1   BANK3   BANK2
  1922 ;;      Params:         0       3       0       0       0
  1923 ;;      Locals:         0       0      66       0       0
  1924 ;;      Temps:          0       6       0       0       0
  1925 ;;      Totals:         0       9      66       0       0
  1926 ;;Total ram usage:       75 bytes
  1927 ;; Hardware stack levels used: 1
  1928 ;; Hardware stack levels required when called: 2
  1929 ;; This function calls:
  1930 ;;		_sprintf
  1931 ;;		_uart_tx_string
  1932 ;; This function is called by:
  1933 ;;		_main
  1934 ;; This function uses a non-reentrant model
  1935 ;;
  1936                           
  1937     0F93                     _uart_send_fault_log:	
  1938                           ;psect for function _uart_send_fault_log
  1939                           
  1940                           
  1941                           ;incstack = 0
  1942                           ; Regs used in _uart_send_fault_log: [wreg-fsr0h+status,2+status,0+btemp+1+pclath+cstack
      +                          ]
  1943                           ;uart_send_fault_log@fault_type stored from wreg
  1944     0F93  1683               	bsf	3,5	;RP0=1, select bank1
  1945     0F94  1303               	bcf	3,6	;RP1=0, select bank1
  1946     0F95  00E0               	movwf	uart_send_fault_log@fault_type^(0+128)
  1947     0F96                     l2911:
  1948                           
  1949                           ;esd1.c: 158: void uart_send_fault_log(fault_type_t fault_type, unsigned char hour, unsi
      +                          gned char minute, unsigned char second);esd1.c: 159: {;esd1.c: 160:     const char *faul
      +                          t_name;;esd1.c: 161:     char message[64];;esd1.c: 163:     switch (fault_type) {
  1950     0F96  2FB5               	goto	l2927
  1951     0F97                     l2913:
  1952                           
  1953                           ;esd1.c: 165:             fault_name = "SDA STUCK";
  1954     0F97  3064               	movlw	(low (((STR_8+7)-__stringbase)| (0+32768)))& (0+255)
  1955     0F98  1683               	bsf	3,5	;RP0=1, select bank1
  1956     0F99  1303               	bcf	3,6	;RP1=0, select bank1
  1957     0F9A  00E1               	movwf	uart_send_fault_log@fault_name^(0+128)
  1958                           
  1959                           ;esd1.c: 166:             break;
  1960     0F9B  2FD0               	goto	l2929
  1961     0F9C                     l2915:
  1962                           
  1963                           ;esd1.c: 168:             fault_name = "SCL STUCK";
  1964     0F9C  3075               	movlw	(low (((STR_9+7)-__stringbase)| (0+32768)))& (0+255)
  1965     0F9D  1683               	bsf	3,5	;RP0=1, select bank1
  1966     0F9E  1303               	bcf	3,6	;RP1=0, select bank1
  1967     0F9F  00E1               	movwf	uart_send_fault_log@fault_name^(0+128)
  1968                           
  1969                           ;esd1.c: 169:             break;
  1970     0FA0  2FD0               	goto	l2929
  1971     0FA1                     l2917:
  1972                           
  1973                           ;esd1.c: 171:             fault_name = "NACK";
  1974     0FA1  30CD               	movlw	(low ((STR_3-__stringbase)| (0+32768)))& (0+255)
  1975     0FA2  1683               	bsf	3,5	;RP0=1, select bank1
  1976     0FA3  1303               	bcf	3,6	;RP1=0, select bank1
  1977     0FA4  00E1               	movwf	uart_send_fault_log@fault_name^(0+128)
  1978                           
  1979                           ;esd1.c: 172:             break;
  1980     0FA5  2FD0               	goto	l2929
  1981     0FA6                     l2919:
  1982                           
  1983                           ;esd1.c: 174:             fault_name = "TIMEOUT";
  1984     0FA6  30B7               	movlw	(low ((STR_4-__stringbase)| (0+32768)))& (0+255)
  1985     0FA7  1683               	bsf	3,5	;RP0=1, select bank1
  1986     0FA8  1303               	bcf	3,6	;RP1=0, select bank1
  1987     0FA9  00E1               	movwf	uart_send_fault_log@fault_name^(0+128)
  1988                           
  1989                           ;esd1.c: 175:             break;
  1990     0FAA  2FD0               	goto	l2929
  1991     0FAB                     l2921:
  1992                           
  1993                           ;esd1.c: 177:             fault_name = "WD RST";
  1994     0FAB  30C6               	movlw	(low ((STR_5-__stringbase)| (0+32768)))& (0+255)
  1995     0FAC  1683               	bsf	3,5	;RP0=1, select bank1
  1996     0FAD  1303               	bcf	3,6	;RP1=0, select bank1
  1997     0FAE  00E1               	movwf	uart_send_fault_log@fault_name^(0+128)
  1998                           
  1999                           ;esd1.c: 178:             break;
  2000     0FAF  2FD0               	goto	l2929
  2001     0FB0                     l2923:
  2002                           
  2003                           ;esd1.c: 180:             fault_name = "UNKNOWN";
  2004     0FB0  30AF               	movlw	(low ((STR_6-__stringbase)| (0+32768)))& (0+255)
  2005     0FB1  1683               	bsf	3,5	;RP0=1, select bank1
  2006     0FB2  1303               	bcf	3,6	;RP1=0, select bank1
  2007     0FB3  00E1               	movwf	uart_send_fault_log@fault_name^(0+128)
  2008                           
  2009                           ;esd1.c: 181:             break;
  2010     0FB4  2FD0               	goto	l2929
  2011     0FB5                     l2927:
  2012     0FB5  0860               	movf	uart_send_fault_log@fault_type^(0+128),w
  2013     0FB6  1283               	bcf	3,5	;RP0=0, select bank0
  2014     0FB7  1303               	bcf	3,6	;RP1=0, select bank0
  2015     0FB8  00BC               	movwf	??_uart_send_fault_log
  2016     0FB9  01BD               	clrf	??_uart_send_fault_log+1
  2017                           
  2018                           ; Switch on 2 bytes has been partitioned into a top level switch of size 1, and 1 sub-sw
      +                          itches
  2019                           ; Switch size 1, requested type "simple"
  2020                           ; Number of cases is 1, Range of values is 0 to 0
  2021                           ; switch strategies available:
  2022                           ; Name         Instructions Cycles
  2023                           ; simple_byte            4     3 (average)
  2024                           ; direct_byte           11     8 (fixed)
  2025                           ; jumptable            260     6 (fixed)
  2026                           ;	Chosen strategy is simple_byte
  2027     0FBA  083D               	movf	??_uart_send_fault_log+1,w
  2028     0FBB  3A00               	xorlw	0	; case 0
  2029     0FBC  1903               	skipnz
  2030     0FBD  2FBF               	goto	l3595
  2031     0FBE  2FB0               	goto	l2923
  2032     0FBF                     l3595:
  2033                           
  2034                           ; Switch size 1, requested type "simple"
  2035                           ; Number of cases is 5, Range of values is 1 to 5
  2036                           ; switch strategies available:
  2037                           ; Name         Instructions Cycles
  2038                           ; simple_byte           16     9 (average)
  2039                           ; direct_byte           26    11 (fixed)
  2040                           ; jumptable            263     9 (fixed)
  2041                           ;	Chosen strategy is simple_byte
  2042     0FBF  083C               	movf	??_uart_send_fault_log,w
  2043     0FC0  3A01               	xorlw	1	; case 1
  2044     0FC1  1903               	skipnz
  2045     0FC2  2F97               	goto	l2913
  2046     0FC3  3A03               	xorlw	3	; case 2
  2047     0FC4  1903               	skipnz
  2048     0FC5  2F9C               	goto	l2915
  2049     0FC6  3A01               	xorlw	1	; case 3
  2050     0FC7  1903               	skipnz
  2051     0FC8  2FA1               	goto	l2917
  2052     0FC9  3A07               	xorlw	7	; case 4
  2053     0FCA  1903               	skipnz
  2054     0FCB  2FA6               	goto	l2919
  2055     0FCC  3A01               	xorlw	1	; case 5
  2056     0FCD  1903               	skipnz
  2057     0FCE  2FAB               	goto	l2921
  2058     0FCF  2FB0               	goto	l2923
  2059     0FD0                     l2929:
  2060                           
  2061                           ;esd1.c: 184:     sprintf(message, "Fault:%s Time:%02u:%02u:%02u\r\n",
  2062     0FD0  300B               	movlw	(low ((STR_7-__stringbase)| (0+32768)))& (0+255)
  2063     0FD1  1283               	bcf	3,5	;RP0=0, select bank0
  2064     0FD2  1303               	bcf	3,6	;RP1=0, select bank0
  2065     0FD3  00A0               	movwf	sprintf@f
  2066     0FD4  1683               	bsf	3,5	;RP0=1, select bank1
  2067     0FD5  1303               	bcf	3,6	;RP1=0, select bank1
  2068     0FD6  0861               	movf	uart_send_fault_log@fault_name^(0+128),w
  2069     0FD7  1283               	bcf	3,5	;RP0=0, select bank0
  2070     0FD8  1303               	bcf	3,6	;RP1=0, select bank0
  2071     0FD9  00A1               	movwf	low ((?_sprintf| 0+1))
  2072     0FDA  3000               	movlw	0
  2073     0FDB  1D03               	btfss	3,2
  2074     0FDC  3080               	movlw	128
  2075     0FDD  00A2               	movwf	(low ((?_sprintf| 0+1))+1)
  2076     0FDE  0839               	movf	uart_send_fault_log@hour,w
  2077     0FDF  00BC               	movwf	??_uart_send_fault_log
  2078     0FE0  01BD               	clrf	??_uart_send_fault_log+1
  2079     0FE1  083C               	movf	??_uart_send_fault_log,w
  2080     0FE2  00A3               	movwf	?_sprintf+3
  2081     0FE3  083D               	movf	??_uart_send_fault_log+1,w
  2082     0FE4  00A4               	movwf	?_sprintf+4
  2083     0FE5  083A               	movf	uart_send_fault_log@minute,w
  2084     0FE6  00BE               	movwf	??_uart_send_fault_log+2
  2085     0FE7  01BF               	clrf	??_uart_send_fault_log+3
  2086     0FE8  083E               	movf	??_uart_send_fault_log+2,w
  2087     0FE9  00A5               	movwf	?_sprintf+5
  2088     0FEA  083F               	movf	??_uart_send_fault_log+3,w
  2089     0FEB  00A6               	movwf	?_sprintf+6
  2090     0FEC  083B               	movf	uart_send_fault_log@second,w
  2091     0FED  00C0               	movwf	??_uart_send_fault_log+4
  2092     0FEE  01C1               	clrf	??_uart_send_fault_log+5
  2093     0FEF  0840               	movf	??_uart_send_fault_log+4,w
  2094     0FF0  00A7               	movwf	?_sprintf+7
  2095     0FF1  0841               	movf	??_uart_send_fault_log+5,w
  2096     0FF2  00A8               	movwf	?_sprintf+8
  2097     0FF3  30A0               	movlw	(low (uart_send_fault_log@message| 0))& (0+255)
  2098     0FF4  120A  118A  25E1  120A  158A  	fcall	_sprintf
  2099     0FF9                     l2931:
  2100                           
  2101                           ;esd1.c: 186:     uart_tx_string(message);
  2102     0FF9  30A0               	movlw	(low (uart_send_fault_log@message| 0))& (0+255)
  2103     0FFA  120A  158A  2124  120A  158A  	fcall	_uart_tx_string
  2104     0FFF                     l167:
  2105     0FFF  0008               	return
  2106     1000                     __end_of_uart_send_fault_log:
  2107                           
  2108                           	psect	text2
  2109     0924                     __ptext2:	
  2110 ;; *************** function _uart_tx_string *****************
  2111 ;; Defined at:
  2112 ;;		line 151 in file "esd1.c"
  2113 ;; Parameters:    Size  Location     Type
  2114 ;;  s               1    wreg     PTR const unsigned char 
  2115 ;;		 -> uart_send_fault_log@message(64), 
  2116 ;; Auto vars:     Size  Location     Type
  2117 ;;  s               1    2[COMMON] PTR const unsigned char 
  2118 ;;		 -> uart_send_fault_log@message(64), 
  2119 ;; Return value:  Size  Location     Type
  2120 ;;                  1    wreg      void 
  2121 ;; Registers used:
  2122 ;;		wreg, fsr0l, fsr0h, status,2, status,0, pclath, cstack
  2123 ;; Tracked objects:
  2124 ;;		On entry : 0/0
  2125 ;;		On exit  : 0/0
  2126 ;;		Unchanged: 0/0
  2127 ;; Data sizes:     COMMON   BANK0   BANK1   BANK3   BANK2
  2128 ;;      Params:         0       0       0       0       0
  2129 ;;      Locals:         1       0       0       0       0
  2130 ;;      Temps:          1       0       0       0       0
  2131 ;;      Totals:         2       0       0       0       0
  2132 ;;Total ram usage:        2 bytes
  2133 ;; Hardware stack levels used: 1
  2134 ;; Hardware stack levels required when called: 1
  2135 ;; This function calls:
  2136 ;;		_uart_tx_char
  2137 ;; This function is called by:
  2138 ;;		_uart_send_fault_log
  2139 ;; This function uses a non-reentrant model
  2140 ;;
  2141                           
  2142     0924                     _uart_tx_string:	
  2143                           ;psect for function _uart_tx_string
  2144                           
  2145                           
  2146                           ;incstack = 0
  2147                           ; Regs used in _uart_tx_string: [wreg-fsr0h+status,2+status,0+pclath+cstack]
  2148                           ;uart_tx_string@s stored from wreg
  2149     0924  00F2               	movwf	uart_tx_string@s
  2150     0925                     l2581:
  2151                           
  2152                           ;esd1.c: 151: void uart_tx_string(const char *s);esd1.c: 152: {;esd1.c: 153:     while (
      +                          *s != '\0') {
  2153     0925  2932               	goto	l2587
  2154     0926                     l2583:
  2155                           
  2156                           ;esd1.c: 154:         uart_tx_char(*s++);
  2157     0926  0872               	movf	uart_tx_string@s,w
  2158     0927  0084               	movwf	4
  2159     0928  0800               	movf	0,w
  2160     0929  120A  158A  20C0  120A  158A  	fcall	_uart_tx_char
  2161     092E                     l2585:
  2162     092E  3001               	movlw	1
  2163     092F  00F1               	movwf	??_uart_tx_string
  2164     0930  0871               	movf	??_uart_tx_string,w
  2165     0931  07F2               	addwf	uart_tx_string@s,f
  2166     0932                     l2587:
  2167                           
  2168                           ;esd1.c: 153:     while (*s != '\0') {
  2169     0932  0872               	movf	uart_tx_string@s,w
  2170     0933  0084               	movwf	4
  2171     0934  1383               	bcf	3,7	;select IRP bank0
  2172     0935  0800               	movf	0,w
  2173     0936  1D03               	btfss	3,2
  2174     0937  2939               	goto	u2121
  2175     0938  293A               	goto	u2120
  2176     0939                     u2121:
  2177     0939  2926               	goto	l2583
  2178     093A                     u2120:
  2179     093A                     l156:
  2180     093A  0008               	return
  2181     093B                     __end_of_uart_tx_string:
  2182                           
  2183                           	psect	text3
  2184     08C0                     __ptext3:	
  2185 ;; *************** function _uart_tx_char *****************
  2186 ;; Defined at:
  2187 ;;		line 145 in file "esd1.c"
  2188 ;; Parameters:    Size  Location     Type
  2189 ;;  c               1    wreg     unsigned char 
  2190 ;; Auto vars:     Size  Location     Type
  2191 ;;  c               1    0[COMMON] unsigned char 
  2192 ;; Return value:  Size  Location     Type
  2193 ;;                  1    wreg      void 
  2194 ;; Registers used:
  2195 ;;		wreg
  2196 ;; Tracked objects:
  2197 ;;		On entry : 0/0
  2198 ;;		On exit  : 0/0
  2199 ;;		Unchanged: 0/0
  2200 ;; Data sizes:     COMMON   BANK0   BANK1   BANK3   BANK2
  2201 ;;      Params:         0       0       0       0       0
  2202 ;;      Locals:         1       0       0       0       0
  2203 ;;      Temps:          0       0       0       0       0
  2204 ;;      Totals:         1       0       0       0       0
  2205 ;;Total ram usage:        1 bytes
  2206 ;; Hardware stack levels used: 1
  2207 ;; This function calls:
  2208 ;;		Nothing
  2209 ;; This function is called by:
  2210 ;;		_uart_tx_string
  2211 ;; This function uses a non-reentrant model
  2212 ;;
  2213                           
  2214     08C0                     _uart_tx_char:	
  2215                           ;psect for function _uart_tx_char
  2216                           
  2217                           
  2218                           ;incstack = 0
  2219                           ; Regs used in _uart_tx_char: [wreg]
  2220                           ;uart_tx_char@c stored from wreg
  2221     08C0  00F0               	movwf	uart_tx_char@c
  2222     08C1                     l2441:
  2223     08C1                     l147:	
  2224                           ;esd1.c: 145: void uart_tx_char(char c);esd1.c: 146: {;esd1.c: 147:     while (!PIR1bits
      +                          .TXIF);
  2225                           
  2226     08C1  1283               	bcf	3,5	;RP0=0, select bank0
  2227     08C2  1303               	bcf	3,6	;RP1=0, select bank0
  2228     08C3  1E0C               	btfss	12,4	;volatile
  2229     08C4  28C6               	goto	u1831
  2230     08C5  28C7               	goto	u1830
  2231     08C6                     u1831:
  2232     08C6  28C1               	goto	l147
  2233     08C7                     u1830:
  2234     08C7                     l2443:
  2235                           
  2236                           ;esd1.c: 148:     TXREG = c;
  2237     08C7  0870               	movf	uart_tx_char@c,w
  2238     08C8  0099               	movwf	25	;volatile
  2239     08C9                     l150:
  2240     08C9  0008               	return
  2241     08CA                     __end_of_uart_tx_char:
  2242                           
  2243                           	psect	text4
  2244     05E1                     __ptext4:	
  2245 ;; *************** function _sprintf *****************
  2246 ;; Defined at:
  2247 ;;		line 505 in file "C:\Program Files\Microchip\xc8\v2.40\pic\sources\c90\common\doprnt.c"
  2248 ;; Parameters:    Size  Location     Type
  2249 ;;  sp              1    wreg     PTR unsigned char 
  2250 ;;		 -> uart_send_fault_log@message(64), 
  2251 ;;  f               1    0[BANK0 ] PTR const unsigned char 
  2252 ;;		 -> STR_7(31), 
  2253 ;; Auto vars:     Size  Location     Type
  2254 ;;  sp              1   21[BANK0 ] PTR unsigned char 
  2255 ;;		 -> uart_send_fault_log@message(64), 
  2256 ;;  tmpval          4    0        struct .
  2257 ;;  width           2   22[BANK0 ] int 
  2258 ;;  len             2   19[BANK0 ] unsigned int 
  2259 ;;  cp              2   17[BANK0 ] PTR const unsigned char 
  2260 ;;		 -> STR_16(7), ?_sprintf(2), STR_6(8), STR_5(7), 
  2261 ;;		 -> STR_4(8), STR_3(5), STR_2(10), STR_1(10), 
  2262 ;;  val             2   13[BANK0 ] unsigned int 
  2263 ;;  c               1   24[BANK0 ] unsigned char 
  2264 ;;  ap              1   16[BANK0 ] PTR void [1]
  2265 ;;		 -> ?_sprintf(2), 
  2266 ;;  prec            1   15[BANK0 ] char 
  2267 ;;  flag            1   12[BANK0 ] unsigned char 
  2268 ;; Return value:  Size  Location     Type
  2269 ;;                  2    0[BANK0 ] int 
  2270 ;; Registers used:
  2271 ;;		wreg, fsr0l, fsr0h, status,2, status,0, btemp+1, pclath, cstack
  2272 ;; Tracked objects:
  2273 ;;		On entry : 0/0
  2274 ;;		On exit  : 0/0
  2275 ;;		Unchanged: 0/0
  2276 ;; Data sizes:     COMMON   BANK0   BANK1   BANK3   BANK2
  2277 ;;      Params:         0       9       0       0       0
  2278 ;;      Locals:         0      13       0       0       0
  2279 ;;      Temps:          0       3       0       0       0
  2280 ;;      Totals:         0      25       0       0       0
  2281 ;;Total ram usage:       25 bytes
  2282 ;; Hardware stack levels used: 1
  2283 ;; Hardware stack levels required when called: 1
  2284 ;; This function calls:
  2285 ;;		___lwdiv
  2286 ;;		___lwmod
  2287 ;;		___wmul
  2288 ;;		_isdigit
  2289 ;; This function is called by:
  2290 ;;		_uart_send_fault_log
  2291 ;; This function uses a non-reentrant model
  2292 ;;
  2293                           
  2294     05E1                     _sprintf:	
  2295                           ;psect for function _sprintf
  2296                           
  2297                           
  2298                           ;incstack = 0
  2299                           ; Regs used in _sprintf: [wreg-fsr0h+status,2+status,0+btemp+1+pclath+cstack]
  2300                           ;sprintf@sp stored from wreg
  2301     05E1  1283               	bcf	3,5	;RP0=0, select bank0
  2302     05E2  1303               	bcf	3,6	;RP1=0, select bank0
  2303     05E3  00B5               	movwf	sprintf@sp
  2304     05E4                     l2589:
  2305                           
  2306                           ;C:\Program Files\Microchip\xc8\v2.40\pic\sources\c90\common\doprnt.c: 505: sprintf(char
      +                           * sp, const char * f, ...);C:\Program Files\Microchip\xc8\v2.40\pic\sources\c90\common\
      +                          doprnt.c: 506: {;C:\Program Files\Microchip\xc8\v2.40\pic\sources\c90\common\doprnt.c: 5
      +                          07:  va_list ap;;C:\Program Files\Microchip\xc8\v2.40\pic\sources\c90\common\doprnt.c: 5
      +                          12:  char c;;C:\Program Files\Microchip\xc8\v2.40\pic\sources\c90\common\doprnt.c: 514: 
      +                           int width;;C:\Program Files\Microchip\xc8\v2.40\pic\sources\c90\common\doprnt.c: 521:  
      +                          signed char prec;
  2307     05E4  3021               	movlw	(low ((?_sprintf| 0+1)))& (0+255)
  2308     05E5  00B0               	movwf	sprintf@ap
  2309                           
  2310                           ;C:\Program Files\Microchip\xc8\v2.40\pic\sources\c90\common\doprnt.c: 553:  while((c = 
      +                          *f++)) {
  2311     05E6  2FD8               	goto	l2707
  2312     05E7                     l2591:
  2313                           
  2314                           ;C:\Program Files\Microchip\xc8\v2.40\pic\sources\c90\common\doprnt.c: 555:   if(c != '%
      +                          ')
  2315     05E7  3025               	movlw	37
  2316     05E8  0638               	xorwf	sprintf@c,w
  2317     05E9  1903               	btfsc	3,2
  2318     05EA  2DEC               	goto	u2131
  2319     05EB  2DED               	goto	u2130
  2320     05EC                     u2131:
  2321     05EC  2DF7               	goto	l2597
  2322     05ED                     u2130:
  2323     05ED                     l2593:
  2324                           
  2325                           ;C:\Program Files\Microchip\xc8\v2.40\pic\sources\c90\common\doprnt.c: 557:   {;C:\Progr
      +                          am Files\Microchip\xc8\v2.40\pic\sources\c90\common\doprnt.c: 558:    ((*sp++ = (c)));
  2326     05ED  0835               	movf	sprintf@sp,w
  2327     05EE  0084               	movwf	4
  2328     05EF  0838               	movf	sprintf@c,w
  2329     05F0  1383               	bcf	3,7	;select IRP bank0
  2330     05F1  0080               	movwf	0
  2331     05F2                     l2595:
  2332     05F2  3001               	movlw	1
  2333     05F3  00A9               	movwf	??_sprintf
  2334     05F4  0829               	movf	??_sprintf,w
  2335     05F5  07B5               	addwf	sprintf@sp,f
  2336                           
  2337                           ;C:\Program Files\Microchip\xc8\v2.40\pic\sources\c90\common\doprnt.c: 559:    continue;
  2338     05F6  2FD8               	goto	l2707
  2339     05F7                     l2597:
  2340                           
  2341                           ;C:\Program Files\Microchip\xc8\v2.40\pic\sources\c90\common\doprnt.c: 563:   width = 0;
  2342     05F7  01B6               	clrf	sprintf@width
  2343     05F8  01B7               	clrf	sprintf@width+1
  2344                           
  2345                           ;C:\Program Files\Microchip\xc8\v2.40\pic\sources\c90\common\doprnt.c: 565:   flag = 0;
  2346     05F9  01AC               	clrf	sprintf@flag
  2347     05FA  2E00               	goto	l2603
  2348     05FB                     l465:	
  2349                           ;C:\Program Files\Microchip\xc8\v2.40\pic\sources\c90\common\doprnt.c: 596:    case '0':
  2350                           
  2351                           
  2352                           ;C:\Program Files\Microchip\xc8\v2.40\pic\sources\c90\common\doprnt.c: 597:     flag |= 
      +                          0x04;
  2353     05FB  152C               	bsf	sprintf@flag,2
  2354     05FC                     l2599:
  2355                           
  2356                           ;C:\Program Files\Microchip\xc8\v2.40\pic\sources\c90\common\doprnt.c: 598:     f++;
  2357     05FC  3001               	movlw	1
  2358     05FD  00A9               	movwf	??_sprintf
  2359     05FE  0829               	movf	??_sprintf,w
  2360     05FF  07A0               	addwf	sprintf@f,f
  2361     0600                     l2603:	
  2362                           ;C:\Program Files\Microchip\xc8\v2.40\pic\sources\c90\common\doprnt.c: 599:     continue
      +                          ;
  2363                           
  2364     0600  0820               	movf	sprintf@f,w
  2365     0601  0084               	movwf	4
  2366     0602  120A  118A  200D  120A  118A  	fcall	stringdir
  2367     0607  00A9               	movwf	??_sprintf
  2368     0608  01AA               	clrf	??_sprintf+1
  2369                           
  2370                           ; Switch on 2 bytes has been partitioned into a top level switch of size 1, and 1 sub-sw
      +                          itches
  2371                           ; Switch size 1, requested type "simple"
  2372                           ; Number of cases is 1, Range of values is 0 to 0
  2373                           ; switch strategies available:
  2374                           ; Name         Instructions Cycles
  2375                           ; simple_byte            4     3 (average)
  2376                           ; direct_byte           11     8 (fixed)
  2377                           ; jumptable            260     6 (fixed)
  2378                           ;	Chosen strategy is simple_byte
  2379     0609  082A               	movf	??_sprintf+1,w
  2380     060A  3A00               	xorlw	0	; case 0
  2381     060B  1903               	skipnz
  2382     060C  2E0E               	goto	l3597
  2383     060D  2E13               	goto	l2605
  2384     060E                     l3597:
  2385                           
  2386                           ; Switch size 1, requested type "simple"
  2387                           ; Number of cases is 1, Range of values is 48 to 48
  2388                           ; switch strategies available:
  2389                           ; Name         Instructions Cycles
  2390                           ; simple_byte            4     3 (average)
  2391                           ; direct_byte           14    11 (fixed)
  2392                           ; jumptable            263     9 (fixed)
  2393                           ;	Chosen strategy is simple_byte
  2394     060E  0829               	movf	??_sprintf,w
  2395     060F  3A30               	xorlw	48	; case 48
  2396     0610  1903               	skipnz
  2397     0611  2DFB               	goto	l465
  2398     0612  2E13               	goto	l2605
  2399     0613                     l2605:
  2400                           
  2401                           ;C:\Program Files\Microchip\xc8\v2.40\pic\sources\c90\common\doprnt.c: 614:   if(isdigit
      +                          ((unsigned)*f)) {
  2402     0613  0820               	movf	sprintf@f,w
  2403     0614  0084               	movwf	4
  2404     0615  120A  118A  200D  120A  118A  	fcall	stringdir
  2405     061A  120A  158A  20E9  120A  118A  	fcall	_isdigit
  2406     061F  1C03               	btfss	3,0
  2407     0620  2E22               	goto	u2141
  2408     0621  2E23               	goto	u2140
  2409     0622                     u2141:
  2410     0622  2EEE               	goto	l2655
  2411     0623                     u2140:
  2412     0623                     l2607:
  2413                           
  2414                           ;C:\Program Files\Microchip\xc8\v2.40\pic\sources\c90\common\doprnt.c: 615:    width = 0
      +                          ;
  2415     0623  1283               	bcf	3,5	;RP0=0, select bank0
  2416     0624  1303               	bcf	3,6	;RP1=0, select bank0
  2417     0625  01B6               	clrf	sprintf@width
  2418     0626  01B7               	clrf	sprintf@width+1
  2419     0627                     l2609:
  2420                           
  2421                           ;C:\Program Files\Microchip\xc8\v2.40\pic\sources\c90\common\doprnt.c: 617:     width *=
      +                           10;
  2422     0627  300A               	movlw	10
  2423     0628  00F0               	movwf	___wmul@multiplier
  2424     0629  3000               	movlw	0
  2425     062A  00F1               	movwf	___wmul@multiplier+1
  2426     062B  1283               	bcf	3,5	;RP0=0, select bank0
  2427     062C  1303               	bcf	3,6	;RP1=0, select bank0
  2428     062D  0837               	movf	sprintf@width+1,w
  2429     062E  00F3               	movwf	___wmul@multiplicand+1
  2430     062F  0836               	movf	sprintf@width,w
  2431     0630  00F2               	movwf	___wmul@multiplicand
  2432     0631  120A  118A  20E5  120A  118A  	fcall	___wmul
  2433     0636  0871               	movf	?___wmul+1,w
  2434     0637  1283               	bcf	3,5	;RP0=0, select bank0
  2435     0638  1303               	bcf	3,6	;RP1=0, select bank0
  2436     0639  00B7               	movwf	sprintf@width+1
  2437     063A  0870               	movf	?___wmul,w
  2438     063B  00B6               	movwf	sprintf@width
  2439     063C                     l2611:
  2440                           
  2441                           ;C:\Program Files\Microchip\xc8\v2.40\pic\sources\c90\common\doprnt.c: 618:        width
      +                           += *f++ - '0';
  2442     063C  0820               	movf	sprintf@f,w
  2443     063D  0084               	movwf	4
  2444     063E  120A  118A  200D  120A  118A  	fcall	stringdir
  2445     0643  3ED0               	addlw	208
  2446     0644  00A9               	movwf	??_sprintf
  2447     0645  30FF               	movlw	255
  2448     0646  1803               	skipnc
  2449     0647  3000               	movlw	0
  2450     0648  00AA               	movwf	??_sprintf+1
  2451     0649  0829               	movf	??_sprintf,w
  2452     064A  07B6               	addwf	sprintf@width,f
  2453     064B  1803               	skipnc
  2454     064C  0AB7               	incf	sprintf@width+1,f
  2455     064D  082A               	movf	??_sprintf+1,w
  2456     064E  07B7               	addwf	sprintf@width+1,f
  2457     064F                     l2613:
  2458     064F  3001               	movlw	1
  2459     0650  00A9               	movwf	??_sprintf
  2460     0651  0829               	movf	??_sprintf,w
  2461     0652  07A0               	addwf	sprintf@f,f
  2462     0653                     l2615:
  2463                           
  2464                           ;C:\Program Files\Microchip\xc8\v2.40\pic\sources\c90\common\doprnt.c: 619:    } while(i
      +                          sdigit((unsigned)*f));
  2465     0653  0820               	movf	sprintf@f,w
  2466     0654  0084               	movwf	4
  2467     0655  120A  118A  200D  120A  118A  	fcall	stringdir
  2468     065A  120A  158A  20E9  120A  118A  	fcall	_isdigit
  2469     065F  1803               	btfsc	3,0
  2470     0660  2E62               	goto	u2151
  2471     0661  2E63               	goto	u2150
  2472     0662                     u2151:
  2473     0662  2E27               	goto	l2609
  2474     0663                     u2150:
  2475     0663  2EEE               	goto	l2655
  2476     0664                     l2617:
  2477                           
  2478                           ;C:\Program Files\Microchip\xc8\v2.40\pic\sources\c90\common\doprnt.c: 760:     cp = (*(
      +                          const char * *)__va_arg((*(const char * **)ap), (const char *)0));
  2479     0664  0830               	movf	sprintf@ap,w
  2480     0665  0084               	movwf	4
  2481     0666  1383               	bcf	3,7	;select IRP bank0
  2482     0667  0800               	movf	0,w
  2483     0668  00B1               	movwf	sprintf@cp
  2484     0669  0A84               	incf	4,f
  2485     066A  0800               	movf	0,w
  2486     066B  0384               	decf	4,f
  2487     066C  00B2               	movwf	sprintf@cp+1
  2488     066D                     l2619:
  2489     066D  3002               	movlw	2
  2490     066E  00A9               	movwf	??_sprintf
  2491     066F  0829               	movf	??_sprintf,w
  2492     0670  07B0               	addwf	sprintf@ap,f
  2493     0671                     l2621:
  2494                           
  2495                           ;C:\Program Files\Microchip\xc8\v2.40\pic\sources\c90\common\doprnt.c: 766:    if(!cp)
  2496     0671  0831               	movf	sprintf@cp,w
  2497     0672  0432               	iorwf	sprintf@cp+1,w
  2498     0673  1D03               	btfss	3,2
  2499     0674  2E76               	goto	u2161
  2500     0675  2E77               	goto	u2160
  2501     0676                     u2161:
  2502     0676  2E7B               	goto	l2625
  2503     0677                     u2160:
  2504     0677                     l2623:
  2505                           
  2506                           ;C:\Program Files\Microchip\xc8\v2.40\pic\sources\c90\common\doprnt.c: 767:     cp = "(n
      +                          ull)";
  2507     0677  30BF               	movlw	(low ((STR_16-__stringbase)| (0+32768)))& (0+255)
  2508     0678  00B1               	movwf	sprintf@cp
  2509     0679  3080               	movlw	128
  2510     067A  00B2               	movwf	sprintf@cp+1
  2511     067B                     l2625:
  2512                           
  2513                           ;C:\Program Files\Microchip\xc8\v2.40\pic\sources\c90\common\doprnt.c: 771:    len = 0;
  2514     067B  01B3               	clrf	sprintf@len
  2515     067C  01B4               	clrf	sprintf@len+1
  2516                           
  2517                           ;C:\Program Files\Microchip\xc8\v2.40\pic\sources\c90\common\doprnt.c: 772:    while(cp[
      +                          len])
  2518     067D  2E84               	goto	l2629
  2519     067E                     l2627:
  2520                           
  2521                           ;C:\Program Files\Microchip\xc8\v2.40\pic\sources\c90\common\doprnt.c: 773:     len++;
  2522     067E  3001               	movlw	1
  2523     067F  07B3               	addwf	sprintf@len,f
  2524     0680  1803               	skipnc
  2525     0681  0AB4               	incf	sprintf@len+1,f
  2526     0682  3000               	movlw	0
  2527     0683  07B4               	addwf	sprintf@len+1,f
  2528     0684                     l2629:
  2529                           
  2530                           ;C:\Program Files\Microchip\xc8\v2.40\pic\sources\c90\common\doprnt.c: 772:    while(cp[
      +                          len])
  2531     0684  0833               	movf	sprintf@len,w
  2532     0685  0731               	addwf	sprintf@cp,w
  2533     0686  0084               	movwf	4
  2534     0687  0832               	movf	sprintf@cp+1,w
  2535     0688  1803               	skipnc
  2536     0689  0A32               	incf	sprintf@cp+1,w
  2537     068A  00FF               	movwf	btemp+1
  2538     068B  120A  118A  2003  120A  118A  	fcall	stringtab
  2539     0690  3A00               	xorlw	0
  2540     0691  1D03               	skipz
  2541     0692  2E94               	goto	u2171
  2542     0693  2E95               	goto	u2170
  2543     0694                     u2171:
  2544     0694  2E7E               	goto	l2627
  2545     0695                     u2170:
  2546     0695                     l2631:
  2547                           
  2548                           ;C:\Program Files\Microchip\xc8\v2.40\pic\sources\c90\common\doprnt.c: 783:    if(((unsi
      +                          gned)width) > len)
  2549     0695  0837               	movf	sprintf@width+1,w
  2550     0696  0234               	subwf	sprintf@len+1,w
  2551     0697  1D03               	skipz
  2552     0698  2E9B               	goto	u2185
  2553     0699  0836               	movf	sprintf@width,w
  2554     069A  0233               	subwf	sprintf@len,w
  2555     069B                     u2185:
  2556     069B  1803               	skipnc
  2557     069C  2E9E               	goto	u2181
  2558     069D  2E9F               	goto	u2180
  2559     069E                     u2181:
  2560     069E  2EA6               	goto	l2635
  2561     069F                     u2180:
  2562     069F                     l2633:
  2563                           
  2564                           ;C:\Program Files\Microchip\xc8\v2.40\pic\sources\c90\common\doprnt.c: 784:     width -=
      +                           len;
  2565     069F  0833               	movf	sprintf@len,w
  2566     06A0  02B6               	subwf	sprintf@width,f
  2567     06A1  0834               	movf	sprintf@len+1,w
  2568     06A2  1C03               	skipc
  2569     06A3  03B7               	decf	sprintf@width+1,f
  2570     06A4  02B7               	subwf	sprintf@width+1,f
  2571     06A5  2EB2               	goto	l2641
  2572     06A6                     l2635:
  2573                           
  2574                           ;C:\Program Files\Microchip\xc8\v2.40\pic\sources\c90\common\doprnt.c: 786:     width = 
      +                          0;
  2575     06A6  01B6               	clrf	sprintf@width
  2576     06A7  01B7               	clrf	sprintf@width+1
  2577     06A8  2EB2               	goto	l2641
  2578     06A9                     l2637:
  2579                           
  2580                           ;C:\Program Files\Microchip\xc8\v2.40\pic\sources\c90\common\doprnt.c: 791:      ((*sp++
      +                           = (' ')));
  2581     06A9  0835               	movf	sprintf@sp,w
  2582     06AA  0084               	movwf	4
  2583     06AB  3020               	movlw	32
  2584     06AC  1383               	bcf	3,7	;select IRP bank0
  2585     06AD  0080               	movwf	0
  2586     06AE                     l2639:
  2587     06AE  3001               	movlw	1
  2588     06AF  00A9               	movwf	??_sprintf
  2589     06B0  0829               	movf	??_sprintf,w
  2590     06B1  07B5               	addwf	sprintf@sp,f
  2591     06B2                     l2641:
  2592                           
  2593                           ;C:\Program Files\Microchip\xc8\v2.40\pic\sources\c90\common\doprnt.c: 790:     while(wi
      +                          dth--)
  2594     06B2  30FF               	movlw	255
  2595     06B3  07B6               	addwf	sprintf@width,f
  2596     06B4  1803               	skipnc
  2597     06B5  0AB7               	incf	sprintf@width+1,f
  2598     06B6  30FF               	movlw	255
  2599     06B7  07B7               	addwf	sprintf@width+1,f
  2600     06B8  0A36               	incf	sprintf@width,w
  2601     06B9  1D03               	skipz
  2602     06BA  2EBF               	goto	u2191
  2603     06BB  0A37               	incf	sprintf@width+1,w
  2604     06BC  1D03               	btfss	3,2
  2605     06BD  2EBF               	goto	u2191
  2606     06BE  2EC0               	goto	u2190
  2607     06BF                     u2191:
  2608     06BF  2EA9               	goto	l2637
  2609     06C0                     u2190:
  2610     06C0  2EDA               	goto	l2649
  2611     06C1                     l2643:
  2612                           
  2613                           ;C:\Program Files\Microchip\xc8\v2.40\pic\sources\c90\common\doprnt.c: 794:     ((*sp++ 
      +                          = (*cp++)));
  2614     06C1  0832               	movf	sprintf@cp+1,w
  2615     06C2  00FF               	movwf	btemp+1
  2616     06C3  0831               	movf	sprintf@cp,w
  2617     06C4  0084               	movwf	4
  2618     06C5  120A  118A  2003  120A  118A  	fcall	stringtab
  2619     06CA  00A9               	movwf	??_sprintf
  2620     06CB  0835               	movf	sprintf@sp,w
  2621     06CC  0084               	movwf	4
  2622     06CD  0829               	movf	??_sprintf,w
  2623     06CE  1383               	bcf	3,7	;select IRP bank0
  2624     06CF  0080               	movwf	0
  2625     06D0                     l2645:
  2626     06D0  3001               	movlw	1
  2627     06D1  07B1               	addwf	sprintf@cp,f
  2628     06D2  1803               	skipnc
  2629     06D3  0AB2               	incf	sprintf@cp+1,f
  2630     06D4  3000               	movlw	0
  2631     06D5  07B2               	addwf	sprintf@cp+1,f
  2632     06D6                     l2647:
  2633     06D6  3001               	movlw	1
  2634     06D7  00A9               	movwf	??_sprintf
  2635     06D8  0829               	movf	??_sprintf,w
  2636     06D9  07B5               	addwf	sprintf@sp,f
  2637     06DA                     l2649:
  2638                           
  2639                           ;C:\Program Files\Microchip\xc8\v2.40\pic\sources\c90\common\doprnt.c: 793:    while(len
      +                          --)
  2640     06DA  3001               	movlw	1
  2641     06DB  02B3               	subwf	sprintf@len,f
  2642     06DC  3000               	movlw	0
  2643     06DD  1C03               	skipc
  2644     06DE  03B4               	decf	sprintf@len+1,f
  2645     06DF  02B4               	subwf	sprintf@len+1,f
  2646     06E0  0A33               	incf	sprintf@len,w
  2647     06E1  1D03               	skipz
  2648     06E2  2EE7               	goto	u2201
  2649     06E3  0A34               	incf	sprintf@len+1,w
  2650     06E4  1D03               	btfss	3,2
  2651     06E5  2EE7               	goto	u2201
  2652     06E6  2EE8               	goto	u2200
  2653     06E7                     u2201:
  2654     06E7  2EC1               	goto	l2643
  2655     06E8                     u2200:
  2656     06E8  2FD8               	goto	l2707
  2657     06E9                     l2651:
  2658                           
  2659                           ;C:\Program Files\Microchip\xc8\v2.40\pic\sources\c90\common\doprnt.c: 844:    flag |= 0
      +                          xC0;
  2660     06E9  30C0               	movlw	192
  2661     06EA  00A9               	movwf	??_sprintf
  2662     06EB  0829               	movf	??_sprintf,w
  2663     06EC  04AC               	iorwf	sprintf@flag,f
  2664                           
  2665                           ;C:\Program Files\Microchip\xc8\v2.40\pic\sources\c90\common\doprnt.c: 845:    break;
  2666     06ED  2F0D               	goto	l2657
  2667     06EE                     l2655:
  2668     06EE  3001               	movlw	1
  2669     06EF  1283               	bcf	3,5	;RP0=0, select bank0
  2670     06F0  1303               	bcf	3,6	;RP1=0, select bank0
  2671     06F1  07A0               	addwf	sprintf@f,f
  2672     06F2  30FF               	movlw	-1
  2673     06F3  0720               	addwf	sprintf@f,w
  2674     06F4  0084               	movwf	4
  2675     06F5  120A  118A  200D  120A  118A  	fcall	stringdir
  2676     06FA  00B8               	movwf	sprintf@c
  2677     06FB  00A9               	movwf	??_sprintf
  2678     06FC  01AA               	clrf	??_sprintf+1
  2679                           
  2680                           ; Switch on 2 bytes has been partitioned into a top level switch of size 1, and 1 sub-sw
      +                          itches
  2681                           ; Switch size 1, requested type "simple"
  2682                           ; Number of cases is 1, Range of values is 0 to 0
  2683                           ; switch strategies available:
  2684                           ; Name         Instructions Cycles
  2685                           ; simple_byte            4     3 (average)
  2686                           ; direct_byte           11     8 (fixed)
  2687                           ; jumptable            260     6 (fixed)
  2688                           ;	Chosen strategy is simple_byte
  2689     06FD  082A               	movf	??_sprintf+1,w
  2690     06FE  3A00               	xorlw	0	; case 0
  2691     06FF  1903               	skipnz
  2692     0700  2F02               	goto	l3599
  2693     0701  2FD8               	goto	l2707
  2694     0702                     l3599:
  2695                           
  2696                           ; Switch size 1, requested type "simple"
  2697                           ; Number of cases is 3, Range of values is 0 to 117
  2698                           ; switch strategies available:
  2699                           ; Name         Instructions Cycles
  2700                           ; simple_byte           10     6 (average)
  2701                           ; jumptable            260     6 (fixed)
  2702                           ;	Chosen strategy is simple_byte
  2703     0702  0829               	movf	??_sprintf,w
  2704     0703  3A00               	xorlw	0	; case 0
  2705     0704  1903               	skipnz
  2706     0705  2FE8               	goto	l2709
  2707     0706  3A73               	xorlw	115	; case 115
  2708     0707  1903               	skipnz
  2709     0708  2E64               	goto	l2617
  2710     0709  3A06               	xorlw	6	; case 117
  2711     070A  1903               	skipnz
  2712     070B  2EE9               	goto	l2651
  2713     070C  2FD8               	goto	l2707
  2714     070D                     l2657:
  2715                           
  2716                           ;C:\Program Files\Microchip\xc8\v2.40\pic\sources\c90\common\doprnt.c: 1299:   {;C:\Prog
      +                          ram Files\Microchip\xc8\v2.40\pic\sources\c90\common\doprnt.c: 1312:     val = (*(unsign
      +                          ed *)__va_arg((*(unsigned **)ap), (unsigned)0));
  2717     070D  0830               	movf	sprintf@ap,w
  2718     070E  0084               	movwf	4
  2719     070F  1383               	bcf	3,7	;select IRP bank0
  2720     0710  0800               	movf	0,w
  2721     0711  00AD               	movwf	sprintf@val
  2722     0712  0A84               	incf	4,f
  2723     0713  0800               	movf	0,w
  2724     0714  00AE               	movwf	sprintf@val+1
  2725     0715                     l2659:
  2726     0715  3002               	movlw	2
  2727     0716  00A9               	movwf	??_sprintf
  2728     0717  0829               	movf	??_sprintf,w
  2729     0718  07B0               	addwf	sprintf@ap,f
  2730     0719                     l2661:
  2731                           
  2732                           ;C:\Program Files\Microchip\xc8\v2.40\pic\sources\c90\common\doprnt.c: 1313:   };C:\Prog
      +                          ram Files\Microchip\xc8\v2.40\pic\sources\c90\common\doprnt.c: 1331:    for(c = 1 ; c !=
      +                           sizeof dpowers/sizeof dpowers[0] ; c++)
  2733     0719  01B8               	clrf	sprintf@c
  2734     071A  0AB8               	incf	sprintf@c,f
  2735     071B                     l2667:
  2736                           
  2737                           ;C:\Program Files\Microchip\xc8\v2.40\pic\sources\c90\common\doprnt.c: 1332:     if(val 
      +                          < dpowers[c])
  2738     071B  0838               	movf	sprintf@c,w
  2739     071C  00A9               	movwf	??_sprintf
  2740     071D  0729               	addwf	??_sprintf,w
  2741     071E  3E01               	addlw	low ((_dpowers-__stringbase)| (0+32768))
  2742     071F  0084               	movwf	4
  2743     0720  120A  118A  200D  120A  118A  	fcall	stringdir
  2744     0725  00AA               	movwf	??_sprintf+1
  2745     0726  120A  118A  200D  120A  118A  	fcall	stringdir
  2746     072B  00AB               	movwf	??_sprintf+2
  2747     072C  082B               	movf	??_sprintf+2,w
  2748     072D  022E               	subwf	sprintf@val+1,w
  2749     072E  1D03               	skipz
  2750     072F  2F32               	goto	u2215
  2751     0730  082A               	movf	??_sprintf+1,w
  2752     0731  022D               	subwf	sprintf@val,w
  2753     0732                     u2215:
  2754     0732  1803               	skipnc
  2755     0733  2F35               	goto	u2211
  2756     0734  2F36               	goto	u2210
  2757     0735                     u2211:
  2758     0735  2F37               	goto	l2671
  2759     0736                     u2210:
  2760     0736  2F41               	goto	l2673
  2761     0737                     l2671:
  2762     0737  3001               	movlw	1
  2763     0738  00A9               	movwf	??_sprintf
  2764     0739  0829               	movf	??_sprintf,w
  2765     073A  07B8               	addwf	sprintf@c,f
  2766     073B  3005               	movlw	5
  2767     073C  0638               	xorwf	sprintf@c,w
  2768     073D  1D03               	btfss	3,2
  2769     073E  2F40               	goto	u2221
  2770     073F  2F41               	goto	u2220
  2771     0740                     u2221:
  2772     0740  2F1B               	goto	l2667
  2773     0741                     u2220:
  2774     0741                     l2673:
  2775                           
  2776                           ;C:\Program Files\Microchip\xc8\v2.40\pic\sources\c90\common\doprnt.c: 1407:   if(width 
      +                          > c)
  2777     0741  0837               	movf	sprintf@width+1,w
  2778     0742  3A80               	xorlw	128
  2779     0743  3C80               	sublw	128
  2780     0744  1D03               	skipz
  2781     0745  2F48               	goto	u2235
  2782     0746  0836               	movf	sprintf@width,w
  2783     0747  0238               	subwf	sprintf@c,w
  2784     0748                     u2235:
  2785     0748  1803               	skipnc
  2786     0749  2F4B               	goto	u2231
  2787     074A  2F4C               	goto	u2230
  2788     074B                     u2231:
  2789     074B  2F58               	goto	l2677
  2790     074C                     u2230:
  2791     074C                     l2675:
  2792                           
  2793                           ;C:\Program Files\Microchip\xc8\v2.40\pic\sources\c90\common\doprnt.c: 1408:    width -=
      +                           c;
  2794     074C  1283               	bcf	3,5	;RP0=0, select bank0
  2795     074D  1303               	bcf	3,6	;RP1=0, select bank0
  2796     074E  0838               	movf	sprintf@c,w
  2797     074F  00A9               	movwf	??_sprintf
  2798     0750  01AA               	clrf	??_sprintf+1
  2799     0751  0829               	movf	??_sprintf,w
  2800     0752  02B6               	subwf	sprintf@width,f
  2801     0753  082A               	movf	??_sprintf+1,w
  2802     0754  1C03               	skipc
  2803     0755  03B7               	decf	sprintf@width+1,f
  2804     0756  02B7               	subwf	sprintf@width+1,f
  2805     0757  2F5C               	goto	l2679
  2806     0758                     l2677:
  2807                           
  2808                           ;C:\Program Files\Microchip\xc8\v2.40\pic\sources\c90\common\doprnt.c: 1410:    width = 
      +                          0;
  2809     0758  1283               	bcf	3,5	;RP0=0, select bank0
  2810     0759  1303               	bcf	3,6	;RP1=0, select bank0
  2811     075A  01B6               	clrf	sprintf@width
  2812     075B  01B7               	clrf	sprintf@width+1
  2813     075C                     l2679:
  2814                           
  2815                           ;C:\Program Files\Microchip\xc8\v2.40\pic\sources\c90\common\doprnt.c: 1413:   if(flag &
      +                           0x04) {
  2816     075C  1D2C               	btfss	sprintf@flag,2
  2817     075D  2F5F               	goto	u2241
  2818     075E  2F60               	goto	u2240
  2819     075F                     u2241:
  2820     075F  2F7C               	goto	l2689
  2821     0760                     u2240:
  2822     0760                     l2681:
  2823                           
  2824                           ;C:\Program Files\Microchip\xc8\v2.40\pic\sources\c90\common\doprnt.c: 1441:    if(width
      +                          )
  2825     0760  0836               	movf	sprintf@width,w
  2826     0761  0437               	iorwf	sprintf@width+1,w
  2827     0762  1903               	btfsc	3,2
  2828     0763  2F65               	goto	u2251
  2829     0764  2F66               	goto	u2250
  2830     0765                     u2251:
  2831     0765  2F97               	goto	l2697
  2832     0766                     u2250:
  2833     0766                     l2683:
  2834                           
  2835                           ;C:\Program Files\Microchip\xc8\v2.40\pic\sources\c90\common\doprnt.c: 1443:      ((*sp+
      +                          + = ('0')));
  2836     0766  0835               	movf	sprintf@sp,w
  2837     0767  0084               	movwf	4
  2838     0768  3030               	movlw	48
  2839     0769  1383               	bcf	3,7	;select IRP bank0
  2840     076A  0080               	movwf	0
  2841     076B                     l2685:
  2842     076B  3001               	movlw	1
  2843     076C  00A9               	movwf	??_sprintf
  2844     076D  0829               	movf	??_sprintf,w
  2845     076E  07B5               	addwf	sprintf@sp,f
  2846     076F                     l2687:
  2847     076F  30FF               	movlw	255
  2848     0770  07B6               	addwf	sprintf@width,f
  2849     0771  1803               	skipnc
  2850     0772  0AB7               	incf	sprintf@width+1,f
  2851     0773  30FF               	movlw	255
  2852     0774  07B7               	addwf	sprintf@width+1,f
  2853     0775  0836               	movf	sprintf@width,w
  2854     0776  0437               	iorwf	sprintf@width+1,w
  2855     0777  1D03               	btfss	3,2
  2856     0778  2F7A               	goto	u2261
  2857     0779  2F7B               	goto	u2260
  2858     077A                     u2261:
  2859     077A  2F66               	goto	l2683
  2860     077B                     u2260:
  2861     077B  2F97               	goto	l2697
  2862     077C                     l2689:
  2863                           
  2864                           ;C:\Program Files\Microchip\xc8\v2.40\pic\sources\c90\common\doprnt.c: 1448:   {;C:\Prog
      +                          ram Files\Microchip\xc8\v2.40\pic\sources\c90\common\doprnt.c: 1450:    if(width
  2865     077C  0836               	movf	sprintf@width,w
  2866     077D  0437               	iorwf	sprintf@width+1,w
  2867     077E  1903               	btfsc	3,2
  2868     077F  2F81               	goto	u2271
  2869     0780  2F82               	goto	u2270
  2870     0781                     u2271:
  2871     0781  2F97               	goto	l2697
  2872     0782                     u2270:
  2873     0782                     l2691:
  2874                           
  2875                           ;C:\Program Files\Microchip\xc8\v2.40\pic\sources\c90\common\doprnt.c: 1456:      ((*sp+
      +                          + = (' ')));
  2876     0782  0835               	movf	sprintf@sp,w
  2877     0783  0084               	movwf	4
  2878     0784  3020               	movlw	32
  2879     0785  1383               	bcf	3,7	;select IRP bank0
  2880     0786  0080               	movwf	0
  2881     0787                     l2693:
  2882     0787  3001               	movlw	1
  2883     0788  00A9               	movwf	??_sprintf
  2884     0789  0829               	movf	??_sprintf,w
  2885     078A  07B5               	addwf	sprintf@sp,f
  2886     078B                     l2695:
  2887     078B  30FF               	movlw	255
  2888     078C  07B6               	addwf	sprintf@width,f
  2889     078D  1803               	skipnc
  2890     078E  0AB7               	incf	sprintf@width+1,f
  2891     078F  30FF               	movlw	255
  2892     0790  07B7               	addwf	sprintf@width+1,f
  2893     0791  0836               	movf	sprintf@width,w
  2894     0792  0437               	iorwf	sprintf@width+1,w
  2895     0793  1D03               	btfss	3,2
  2896     0794  2F96               	goto	u2281
  2897     0795  2F97               	goto	u2280
  2898     0796                     u2281:
  2899     0796  2F82               	goto	l2691
  2900     0797                     u2280:
  2901     0797                     l2697:
  2902                           
  2903                           ;C:\Program Files\Microchip\xc8\v2.40\pic\sources\c90\common\doprnt.c: 1498:   prec = c;
  2904     0797  0838               	movf	sprintf@c,w
  2905     0798  00AF               	movwf	sprintf@prec
  2906                           
  2907                           ;C:\Program Files\Microchip\xc8\v2.40\pic\sources\c90\common\doprnt.c: 1500:   while(pre
      +                          c--) {
  2908     0799  2FCF               	goto	l2705
  2909     079A                     l2699:
  2910                           
  2911                           ;C:\Program Files\Microchip\xc8\v2.40\pic\sources\c90\common\doprnt.c: 1504:    {;C:\Pro
      +                          gram Files\Microchip\xc8\v2.40\pic\sources\c90\common\doprnt.c: 1515:     c = (val / dpo
      +                          wers[(unsigned char)prec]) % 10 + '0';
  2912     079A  300A               	movlw	10
  2913     079B  00F8               	movwf	___lwmod@divisor
  2914     079C  3000               	movlw	0
  2915     079D  00F9               	movwf	___lwmod@divisor+1
  2916     079E  082F               	movf	sprintf@prec,w
  2917     079F  00A9               	movwf	??_sprintf
  2918     07A0  0729               	addwf	??_sprintf,w
  2919     07A1  3E01               	addlw	low ((_dpowers-__stringbase)| (0+32768))
  2920     07A2  0084               	movwf	4
  2921     07A3  120A  118A  200D  120A  118A  	fcall	stringdir
  2922     07A8  00F0               	movwf	___lwdiv@divisor
  2923     07A9  120A  118A  200D  120A  118A  	fcall	stringdir
  2924     07AE  00F1               	movwf	___lwdiv@divisor+1
  2925     07AF  082E               	movf	sprintf@val+1,w
  2926     07B0  00F3               	movwf	___lwdiv@dividend+1
  2927     07B1  082D               	movf	sprintf@val,w
  2928     07B2  00F2               	movwf	___lwdiv@dividend
  2929     07B3  120A  158A  23B2  120A  118A  	fcall	___lwdiv
  2930     07B8  0871               	movf	?___lwdiv+1,w
  2931     07B9  00FB               	movwf	___lwmod@dividend+1
  2932     07BA  0870               	movf	?___lwdiv,w
  2933     07BB  00FA               	movwf	___lwmod@dividend
  2934     07BC  120A  158A  2378  120A  118A  	fcall	___lwmod
  2935     07C1  0878               	movf	?___lwmod,w
  2936     07C2  3E30               	addlw	48
  2937     07C3  1283               	bcf	3,5	;RP0=0, select bank0
  2938     07C4  1303               	bcf	3,6	;RP1=0, select bank0
  2939     07C5  00B8               	movwf	sprintf@c
  2940     07C6                     l2701:
  2941                           
  2942                           ;C:\Program Files\Microchip\xc8\v2.40\pic\sources\c90\common\doprnt.c: 1549:    };C:\Pro
      +                          gram Files\Microchip\xc8\v2.40\pic\sources\c90\common\doprnt.c: 1550:    ((*sp++ = (c)))
      +                          ;
  2943     07C6  0835               	movf	sprintf@sp,w
  2944     07C7  0084               	movwf	4
  2945     07C8  0838               	movf	sprintf@c,w
  2946     07C9  1383               	bcf	3,7	;select IRP bank0
  2947     07CA  0080               	movwf	0
  2948     07CB                     l2703:
  2949     07CB  3001               	movlw	1
  2950     07CC  00A9               	movwf	??_sprintf
  2951     07CD  0829               	movf	??_sprintf,w
  2952     07CE  07B5               	addwf	sprintf@sp,f
  2953     07CF                     l2705:
  2954                           
  2955                           ;C:\Program Files\Microchip\xc8\v2.40\pic\sources\c90\common\doprnt.c: 1500:   while(pre
      +                          c--) {
  2956     07CF  30FF               	movlw	255
  2957     07D0  00A9               	movwf	??_sprintf
  2958     07D1  0829               	movf	??_sprintf,w
  2959     07D2  07AF               	addwf	sprintf@prec,f
  2960     07D3  0A2F               	incf	sprintf@prec,w
  2961     07D4  1D03               	btfss	3,2
  2962     07D5  2FD7               	goto	u2291
  2963     07D6  2FD8               	goto	u2290
  2964     07D7                     u2291:
  2965     07D7  2F9A               	goto	l2699
  2966     07D8                     u2290:
  2967     07D8                     l2707:
  2968                           
  2969                           ;C:\Program Files\Microchip\xc8\v2.40\pic\sources\c90\common\doprnt.c: 553:  while((c = 
      +                          *f++)) {
  2970     07D8  3001               	movlw	1
  2971     07D9  07A0               	addwf	sprintf@f,f
  2972     07DA  30FF               	movlw	-1
  2973     07DB  0720               	addwf	sprintf@f,w
  2974     07DC  0084               	movwf	4
  2975     07DD  120A  118A  200D  120A  118A  	fcall	stringdir
  2976     07E2  00B8               	movwf	sprintf@c
  2977     07E3  0838               	movf	sprintf@c,w
  2978     07E4  1D03               	btfss	3,2
  2979     07E5  2FE7               	goto	u2301
  2980     07E6  2FE8               	goto	u2300
  2981     07E7                     u2301:
  2982     07E7  2DE7               	goto	l2591
  2983     07E8                     u2300:
  2984     07E8                     l2709:
  2985                           
  2986                           ;C:\Program Files\Microchip\xc8\v2.40\pic\sources\c90\common\doprnt.c: 1564:  *sp = 0;
  2987     07E8  0835               	movf	sprintf@sp,w
  2988     07E9  0084               	movwf	4
  2989     07EA  1383               	bcf	3,7	;select IRP bank0
  2990     07EB  0180               	clrf	0
  2991     07EC                     l508:
  2992     07EC  0008               	return
  2993     07ED                     __end_of_sprintf:
  2994                           
  2995                           	psect	text5
  2996     08E9                     __ptext5:	
  2997 ;; *************** function _isdigit *****************
  2998 ;; Defined at:
  2999 ;;		line 8 in file "C:\Program Files\Microchip\xc8\v2.40\pic\sources\c90\common\isdigit.c"
  3000 ;; Parameters:    Size  Location     Type
  3001 ;;  c               1    wreg     unsigned char 
  3002 ;; Auto vars:     Size  Location     Type
  3003 ;;  c               1    1[COMMON] unsigned char 
  3004 ;; Return value:  Size  Location     Type
  3005 ;;		None               void
  3006 ;; Registers used:
  3007 ;;		wreg, status,2, status,0
  3008 ;; Tracked objects:
  3009 ;;		On entry : 0/0
  3010 ;;		On exit  : 0/0
  3011 ;;		Unchanged: 0/0
  3012 ;; Data sizes:     COMMON   BANK0   BANK1   BANK3   BANK2
  3013 ;;      Params:         0       0       0       0       0
  3014 ;;      Locals:         2       0       0       0       0
  3015 ;;      Temps:          0       0       0       0       0
  3016 ;;      Totals:         2       0       0       0       0
  3017 ;;Total ram usage:        2 bytes
  3018 ;; Hardware stack levels used: 1
  3019 ;; This function calls:
  3020 ;;		Nothing
  3021 ;; This function is called by:
  3022 ;;		_sprintf
  3023 ;; This function uses a non-reentrant model
  3024 ;;
  3025                           
  3026     08E9                     _isdigit:	
  3027                           ;psect for function _isdigit
  3028                           
  3029                           
  3030                           ;incstack = 0
  3031                           ; Regs used in _isdigit: [wreg+status,2+status,0]
  3032                           ;isdigit@c stored from wreg
  3033     08E9  00F1               	movwf	isdigit@c
  3034     08EA                     l2495:
  3035     08EA  01F0               	clrf	_isdigit$1057
  3036     08EB                     l2497:
  3037     08EB  303A               	movlw	58
  3038     08EC  0271               	subwf	isdigit@c,w
  3039     08ED  1803               	skipnc
  3040     08EE  28F0               	goto	u1901
  3041     08EF  28F1               	goto	u1900
  3042     08F0                     u1901:
  3043     08F0  28F9               	goto	l2503
  3044     08F1                     u1900:
  3045     08F1                     l2499:
  3046     08F1  3030               	movlw	48
  3047     08F2  0271               	subwf	isdigit@c,w
  3048     08F3  1C03               	skipc
  3049     08F4  28F6               	goto	u1911
  3050     08F5  28F7               	goto	u1910
  3051     08F6                     u1911:
  3052     08F6  28F9               	goto	l2503
  3053     08F7                     u1910:
  3054     08F7                     l2501:
  3055     08F7  01F0               	clrf	_isdigit$1057
  3056     08F8  0AF0               	incf	_isdigit$1057,f
  3057     08F9                     l2503:
  3058     08F9  0C70               	rrf	_isdigit$1057,w
  3059     08FA                     l965:
  3060     08FA  0008               	return
  3061     08FB                     __end_of_isdigit:
  3062                           
  3063                           	psect	text6
  3064     00E5                     __ptext6:	
  3065 ;; *************** function ___wmul *****************
  3066 ;; Defined at:
  3067 ;;		line 15 in file "C:\Program Files\Microchip\xc8\v2.40\pic\sources\c90\common\Umul16.c"
  3068 ;; Parameters:    Size  Location     Type
  3069 ;;  multiplier      2    0[COMMON] unsigned int 
  3070 ;;  multiplicand    2    2[COMMON] unsigned int 
  3071 ;; Auto vars:     Size  Location     Type
  3072 ;;  product         2    4[COMMON] unsigned int 
  3073 ;; Return value:  Size  Location     Type
  3074 ;;                  2    0[COMMON] unsigned int 
  3075 ;; Registers used:
  3076 ;;		wreg, status,2, status,0
  3077 ;; Tracked objects:
  3078 ;;		On entry : 0/0
  3079 ;;		On exit  : 0/0
  3080 ;;		Unchanged: 0/0
  3081 ;; Data sizes:     COMMON   BANK0   BANK1   BANK3   BANK2
  3082 ;;      Params:         4       0       0       0       0
  3083 ;;      Locals:         2       0       0       0       0
  3084 ;;      Temps:          0       0       0       0       0
  3085 ;;      Totals:         6       0       0       0       0
  3086 ;;Total ram usage:        6 bytes
  3087 ;; Hardware stack levels used: 1
  3088 ;; This function calls:
  3089 ;;		Nothing
  3090 ;; This function is called by:
  3091 ;;		_sprintf
  3092 ;; This function uses a non-reentrant model
  3093 ;;
  3094                           
  3095     00E5                     ___wmul:	
  3096                           ;psect for function ___wmul
  3097                           
  3098     00E5                     l2507:	
  3099                           ;incstack = 0
  3100                           ; Regs used in ___wmul: [wreg+status,2+status,0]
  3101                           
  3102     00E5  01F4               	clrf	___wmul@product
  3103     00E6  01F5               	clrf	___wmul@product+1
  3104     00E7                     l2509:
  3105     00E7  1C70               	btfss	___wmul@multiplier,0
  3106     00E8  28EA               	goto	u1921
  3107     00E9  28EB               	goto	u1920
  3108     00EA                     u1921:
  3109     00EA  28F1               	goto	l512
  3110     00EB                     u1920:
  3111     00EB                     l2511:
  3112     00EB  0872               	movf	___wmul@multiplicand,w
  3113     00EC  07F4               	addwf	___wmul@product,f
  3114     00ED  1803               	skipnc
  3115     00EE  0AF5               	incf	___wmul@product+1,f
  3116     00EF  0873               	movf	___wmul@multiplicand+1,w
  3117     00F0  07F5               	addwf	___wmul@product+1,f
  3118     00F1                     l512:
  3119     00F1  3001               	movlw	1
  3120     00F2                     u1935:
  3121     00F2  1003               	clrc
  3122     00F3  0DF2               	rlf	___wmul@multiplicand,f
  3123     00F4  0DF3               	rlf	___wmul@multiplicand+1,f
  3124     00F5  3EFF               	addlw	-1
  3125     00F6  1D03               	skipz
  3126     00F7  28F2               	goto	u1935
  3127     00F8                     l2513:
  3128     00F8  3001               	movlw	1
  3129     00F9                     u1945:
  3130     00F9  1003               	clrc
  3131     00FA  0CF1               	rrf	___wmul@multiplier+1,f
  3132     00FB  0CF0               	rrf	___wmul@multiplier,f
  3133     00FC  3EFF               	addlw	-1
  3134     00FD  1D03               	skipz
  3135     00FE  28F9               	goto	u1945
  3136     00FF                     l2515:
  3137     00FF  0870               	movf	___wmul@multiplier,w
  3138     0100  0471               	iorwf	___wmul@multiplier+1,w
  3139     0101  1D03               	btfss	3,2
  3140     0102  2904               	goto	u1951
  3141     0103  2905               	goto	u1950
  3142     0104                     u1951:
  3143     0104  28E7               	goto	l2509
  3144     0105                     u1950:
  3145     0105                     l2517:
  3146     0105  0875               	movf	___wmul@product+1,w
  3147     0106  00F1               	movwf	?___wmul+1
  3148     0107  0874               	movf	___wmul@product,w
  3149     0108  00F0               	movwf	?___wmul
  3150     0109                     l514:
  3151     0109  0008               	return
  3152     010A                     __end_of___wmul:
  3153                           
  3154                           	psect	text7
  3155     0B78                     __ptext7:	
  3156 ;; *************** function ___lwmod *****************
  3157 ;; Defined at:
  3158 ;;		line 5 in file "C:\Program Files\Microchip\xc8\v2.40\pic\sources\c90\common\lwmod.c"
  3159 ;; Parameters:    Size  Location     Type
  3160 ;;  divisor         2    8[COMMON] unsigned int 
  3161 ;;  dividend        2   10[COMMON] unsigned int 
  3162 ;; Auto vars:     Size  Location     Type
  3163 ;;  counter         1   13[COMMON] unsigned char 
  3164 ;; Return value:  Size  Location     Type
  3165 ;;                  2    8[COMMON] unsigned int 
  3166 ;; Registers used:
  3167 ;;		wreg, status,2, status,0
  3168 ;; Tracked objects:
  3169 ;;		On entry : 0/0
  3170 ;;		On exit  : 0/0
  3171 ;;		Unchanged: 0/0
  3172 ;; Data sizes:     COMMON   BANK0   BANK1   BANK3   BANK2
  3173 ;;      Params:         4       0       0       0       0
  3174 ;;      Locals:         1       0       0       0       0
  3175 ;;      Temps:          1       0       0       0       0
  3176 ;;      Totals:         6       0       0       0       0
  3177 ;;Total ram usage:        6 bytes
  3178 ;; Hardware stack levels used: 1
  3179 ;; This function calls:
  3180 ;;		Nothing
  3181 ;; This function is called by:
  3182 ;;		_sprintf
  3183 ;; This function uses a non-reentrant model
  3184 ;;
  3185                           
  3186     0B78                     ___lwmod:	
  3187                           ;psect for function ___lwmod
  3188                           
  3189     0B78                     l2547:	
  3190                           ;incstack = 0
  3191                           ; Regs used in ___lwmod: [wreg+status,2+status,0]
  3192                           
  3193     0B78  0878               	movf	___lwmod@divisor,w
  3194     0B79  0479               	iorwf	___lwmod@divisor+1,w
  3195     0B7A  1903               	btfsc	3,2
  3196     0B7B  2B7D               	goto	u2031
  3197     0B7C  2B7E               	goto	u2030
  3198     0B7D                     u2031:
  3199     0B7D  2BAD               	goto	l2565
  3200     0B7E                     u2030:
  3201     0B7E                     l2549:
  3202     0B7E  01FD               	clrf	___lwmod@counter
  3203     0B7F  0AFD               	incf	___lwmod@counter,f
  3204     0B80  2B8C               	goto	l2555
  3205     0B81                     l2551:
  3206     0B81  3001               	movlw	1
  3207     0B82                     u2045:
  3208     0B82  1003               	clrc
  3209     0B83  0DF8               	rlf	___lwmod@divisor,f
  3210     0B84  0DF9               	rlf	___lwmod@divisor+1,f
  3211     0B85  3EFF               	addlw	-1
  3212     0B86  1D03               	skipz
  3213     0B87  2B82               	goto	u2045
  3214     0B88                     l2553:
  3215     0B88  3001               	movlw	1
  3216     0B89  00FC               	movwf	??___lwmod
  3217     0B8A  087C               	movf	??___lwmod,w
  3218     0B8B  07FD               	addwf	___lwmod@counter,f
  3219     0B8C                     l2555:
  3220     0B8C  1FF9               	btfss	___lwmod@divisor+1,7
  3221     0B8D  2B8F               	goto	u2051
  3222     0B8E  2B90               	goto	u2050
  3223     0B8F                     u2051:
  3224     0B8F  2B81               	goto	l2551
  3225     0B90                     u2050:
  3226     0B90                     l2557:
  3227     0B90  0879               	movf	___lwmod@divisor+1,w
  3228     0B91  027B               	subwf	___lwmod@dividend+1,w
  3229     0B92  1D03               	skipz
  3230     0B93  2B96               	goto	u2065
  3231     0B94  0878               	movf	___lwmod@divisor,w
  3232     0B95  027A               	subwf	___lwmod@dividend,w
  3233     0B96                     u2065:
  3234     0B96  1C03               	skipc
  3235     0B97  2B99               	goto	u2061
  3236     0B98  2B9A               	goto	u2060
  3237     0B99                     u2061:
  3238     0B99  2BA0               	goto	l2561
  3239     0B9A                     u2060:
  3240     0B9A                     l2559:
  3241     0B9A  0878               	movf	___lwmod@divisor,w
  3242     0B9B  02FA               	subwf	___lwmod@dividend,f
  3243     0B9C  0879               	movf	___lwmod@divisor+1,w
  3244     0B9D  1C03               	skipc
  3245     0B9E  03FB               	decf	___lwmod@dividend+1,f
  3246     0B9F  02FB               	subwf	___lwmod@dividend+1,f
  3247     0BA0                     l2561:
  3248     0BA0  3001               	movlw	1
  3249     0BA1                     u2075:
  3250     0BA1  1003               	clrc
  3251     0BA2  0CF9               	rrf	___lwmod@divisor+1,f
  3252     0BA3  0CF8               	rrf	___lwmod@divisor,f
  3253     0BA4  3EFF               	addlw	-1
  3254     0BA5  1D03               	skipz
  3255     0BA6  2BA1               	goto	u2075
  3256     0BA7                     l2563:
  3257     0BA7  3001               	movlw	1
  3258     0BA8  02FD               	subwf	___lwmod@counter,f
  3259     0BA9  1D03               	btfss	3,2
  3260     0BAA  2BAC               	goto	u2081
  3261     0BAB  2BAD               	goto	u2080
  3262     0BAC                     u2081:
  3263     0BAC  2B90               	goto	l2557
  3264     0BAD                     u2080:
  3265     0BAD                     l2565:
  3266     0BAD  087B               	movf	___lwmod@dividend+1,w
  3267     0BAE  00F9               	movwf	?___lwmod+1
  3268     0BAF  087A               	movf	___lwmod@dividend,w
  3269     0BB0  00F8               	movwf	?___lwmod
  3270     0BB1                     l794:
  3271     0BB1  0008               	return
  3272     0BB2                     __end_of___lwmod:
  3273                           
  3274                           	psect	text8
  3275     0BB2                     __ptext8:	
  3276 ;; *************** function ___lwdiv *****************
  3277 ;; Defined at:
  3278 ;;		line 5 in file "C:\Program Files\Microchip\xc8\v2.40\pic\sources\c90\common\lwdiv.c"
  3279 ;; Parameters:    Size  Location     Type
  3280 ;;  divisor         2    0[COMMON] unsigned int 
  3281 ;;  dividend        2    2[COMMON] unsigned int 
  3282 ;; Auto vars:     Size  Location     Type
  3283 ;;  quotient        2    5[COMMON] unsigned int 
  3284 ;;  counter         1    7[COMMON] unsigned char 
  3285 ;; Return value:  Size  Location     Type
  3286 ;;                  2    0[COMMON] unsigned int 
  3287 ;; Registers used:
  3288 ;;		wreg, status,2, status,0
  3289 ;; Tracked objects:
  3290 ;;		On entry : 0/0
  3291 ;;		On exit  : 0/0
  3292 ;;		Unchanged: 0/0
  3293 ;; Data sizes:     COMMON   BANK0   BANK1   BANK3   BANK2
  3294 ;;      Params:         4       0       0       0       0
  3295 ;;      Locals:         3       0       0       0       0
  3296 ;;      Temps:          1       0       0       0       0
  3297 ;;      Totals:         8       0       0       0       0
  3298 ;;Total ram usage:        8 bytes
  3299 ;; Hardware stack levels used: 1
  3300 ;; This function calls:
  3301 ;;		Nothing
  3302 ;; This function is called by:
  3303 ;;		_sprintf
  3304 ;; This function uses a non-reentrant model
  3305 ;;
  3306                           
  3307     0BB2                     ___lwdiv:	
  3308                           ;psect for function ___lwdiv
  3309                           
  3310     0BB2                     l2521:	
  3311                           ;incstack = 0
  3312                           ; Regs used in ___lwdiv: [wreg+status,2+status,0]
  3313                           
  3314     0BB2  01F5               	clrf	___lwdiv@quotient
  3315     0BB3  01F6               	clrf	___lwdiv@quotient+1
  3316     0BB4                     l2523:
  3317     0BB4  0870               	movf	___lwdiv@divisor,w
  3318     0BB5  0471               	iorwf	___lwdiv@divisor+1,w
  3319     0BB6  1903               	btfsc	3,2
  3320     0BB7  2BB9               	goto	u1961
  3321     0BB8  2BBA               	goto	u1960
  3322     0BB9                     u1961:
  3323     0BB9  2BF1               	goto	l2543
  3324     0BBA                     u1960:
  3325     0BBA                     l2525:
  3326     0BBA  01F7               	clrf	___lwdiv@counter
  3327     0BBB  0AF7               	incf	___lwdiv@counter,f
  3328     0BBC  2BC8               	goto	l2531
  3329     0BBD                     l2527:
  3330     0BBD  3001               	movlw	1
  3331     0BBE                     u1975:
  3332     0BBE  1003               	clrc
  3333     0BBF  0DF0               	rlf	___lwdiv@divisor,f
  3334     0BC0  0DF1               	rlf	___lwdiv@divisor+1,f
  3335     0BC1  3EFF               	addlw	-1
  3336     0BC2  1D03               	skipz
  3337     0BC3  2BBE               	goto	u1975
  3338     0BC4                     l2529:
  3339     0BC4  3001               	movlw	1
  3340     0BC5  00F4               	movwf	??___lwdiv
  3341     0BC6  0874               	movf	??___lwdiv,w
  3342     0BC7  07F7               	addwf	___lwdiv@counter,f
  3343     0BC8                     l2531:
  3344     0BC8  1FF1               	btfss	___lwdiv@divisor+1,7
  3345     0BC9  2BCB               	goto	u1981
  3346     0BCA  2BCC               	goto	u1980
  3347     0BCB                     u1981:
  3348     0BCB  2BBD               	goto	l2527
  3349     0BCC                     u1980:
  3350     0BCC                     l2533:
  3351     0BCC  3001               	movlw	1
  3352     0BCD                     u1995:
  3353     0BCD  1003               	clrc
  3354     0BCE  0DF5               	rlf	___lwdiv@quotient,f
  3355     0BCF  0DF6               	rlf	___lwdiv@quotient+1,f
  3356     0BD0  3EFF               	addlw	-1
  3357     0BD1  1D03               	skipz
  3358     0BD2  2BCD               	goto	u1995
  3359     0BD3  0871               	movf	___lwdiv@divisor+1,w
  3360     0BD4  0273               	subwf	___lwdiv@dividend+1,w
  3361     0BD5  1D03               	skipz
  3362     0BD6  2BD9               	goto	u2005
  3363     0BD7  0870               	movf	___lwdiv@divisor,w
  3364     0BD8  0272               	subwf	___lwdiv@dividend,w
  3365     0BD9                     u2005:
  3366     0BD9  1C03               	skipc
  3367     0BDA  2BDC               	goto	u2001
  3368     0BDB  2BDD               	goto	u2000
  3369     0BDC                     u2001:
  3370     0BDC  2BE4               	goto	l2539
  3371     0BDD                     u2000:
  3372     0BDD                     l2535:
  3373     0BDD  0870               	movf	___lwdiv@divisor,w
  3374     0BDE  02F2               	subwf	___lwdiv@dividend,f
  3375     0BDF  0871               	movf	___lwdiv@divisor+1,w
  3376     0BE0  1C03               	skipc
  3377     0BE1  03F3               	decf	___lwdiv@dividend+1,f
  3378     0BE2  02F3               	subwf	___lwdiv@dividend+1,f
  3379     0BE3                     l2537:
  3380     0BE3  1475               	bsf	___lwdiv@quotient,0
  3381     0BE4                     l2539:
  3382     0BE4  3001               	movlw	1
  3383     0BE5                     u2015:
  3384     0BE5  1003               	clrc
  3385     0BE6  0CF1               	rrf	___lwdiv@divisor+1,f
  3386     0BE7  0CF0               	rrf	___lwdiv@divisor,f
  3387     0BE8  3EFF               	addlw	-1
  3388     0BE9  1D03               	skipz
  3389     0BEA  2BE5               	goto	u2015
  3390     0BEB                     l2541:
  3391     0BEB  3001               	movlw	1
  3392     0BEC  02F7               	subwf	___lwdiv@counter,f
  3393     0BED  1D03               	btfss	3,2
  3394     0BEE  2BF0               	goto	u2021
  3395     0BEF  2BF1               	goto	u2020
  3396     0BF0                     u2021:
  3397     0BF0  2BCC               	goto	l2533
  3398     0BF1                     u2020:
  3399     0BF1                     l2543:
  3400     0BF1  0876               	movf	___lwdiv@quotient+1,w
  3401     0BF2  00F1               	movwf	?___lwdiv+1
  3402     0BF3  0875               	movf	___lwdiv@quotient,w
  3403     0BF4  00F0               	movwf	?___lwdiv
  3404     0BF5                     l784:
  3405     0BF5  0008               	return
  3406     0BF6                     __end_of___lwdiv:
  3407                           
  3408                           	psect	text9
  3409     0985                     __ptext9:	
  3410 ;; *************** function _uart_init *****************
  3411 ;; Defined at:
  3412 ;;		line 126 in file "esd1.c"
  3413 ;; Parameters:    Size  Location     Type
  3414 ;;		None
  3415 ;; Auto vars:     Size  Location     Type
  3416 ;;		None
  3417 ;; Return value:  Size  Location     Type
  3418 ;;                  1    wreg      void 
  3419 ;; Registers used:
  3420 ;;		wreg
  3421 ;; Tracked objects:
  3422 ;;		On entry : 0/0
  3423 ;;		On exit  : 0/0
  3424 ;;		Unchanged: 0/0
  3425 ;; Data sizes:     COMMON   BANK0   BANK1   BANK3   BANK2
  3426 ;;      Params:         0       0       0       0       0
  3427 ;;      Locals:         0       0       0       0       0
  3428 ;;      Temps:          0       0       0       0       0
  3429 ;;      Totals:         0       0       0       0       0
  3430 ;;Total ram usage:        0 bytes
  3431 ;; Hardware stack levels used: 1
  3432 ;; This function calls:
  3433 ;;		Nothing
  3434 ;; This function is called by:
  3435 ;;		_main
  3436 ;; This function uses a non-reentrant model
  3437 ;;
  3438                           
  3439     0985                     _uart_init:	
  3440                           ;psect for function _uart_init
  3441                           
  3442     0985                     l2903:	
  3443                           ;incstack = 0
  3444                           ; Regs used in _uart_init: [wreg]
  3445                           
  3446                           
  3447                           ;esd1.c: 130:     TRISCbits.TRISC6 = 0;
  3448     0985  1683               	bsf	3,5	;RP0=1, select bank1
  3449     0986  1303               	bcf	3,6	;RP1=0, select bank1
  3450     0987  1307               	bcf	7,6	;volatile
  3451                           
  3452                           ;esd1.c: 131:     TRISCbits.TRISC7 = 1;
  3453     0988  1787               	bsf	7,7	;volatile
  3454                           
  3455                           ;esd1.c: 133:     TXSTAbits.SYNC = 0;
  3456     0989  1218               	bcf	24,4	;volatile
  3457                           
  3458                           ;esd1.c: 134:     TXSTAbits.BRGH = 1;
  3459     098A  1518               	bsf	24,2	;volatile
  3460                           
  3461                           ;esd1.c: 135:     RCSTAbits.SPEN = 1;
  3462     098B  1283               	bcf	3,5	;RP0=0, select bank0
  3463     098C  1303               	bcf	3,6	;RP1=0, select bank0
  3464     098D  1798               	bsf	24,7	;volatile
  3465                           
  3466                           ;esd1.c: 136:     TXSTAbits.TXEN = 1;
  3467     098E  1683               	bsf	3,5	;RP0=1, select bank1
  3468     098F  1303               	bcf	3,6	;RP1=0, select bank1
  3469     0990  1698               	bsf	24,5	;volatile
  3470                           
  3471                           ;esd1.c: 137:     RCSTAbits.CREN = 0;
  3472     0991  1283               	bcf	3,5	;RP0=0, select bank0
  3473     0992  1303               	bcf	3,6	;RP1=0, select bank0
  3474     0993  1218               	bcf	24,4	;volatile
  3475     0994                     l2905:
  3476                           
  3477                           ;esd1.c: 139:     SPBRG = 51;
  3478     0994  3033               	movlw	51
  3479     0995  1683               	bsf	3,5	;RP0=1, select bank1
  3480     0996  1303               	bcf	3,6	;RP1=0, select bank1
  3481     0997  0099               	movwf	25	;volatile
  3482     0998                     l2907:
  3483                           
  3484                           ;esd1.c: 141:     BAUDCTLbits.BRG16 = 0;
  3485     0998  1683               	bsf	3,5	;RP0=1, select bank3
  3486     0999  1703               	bsf	3,6	;RP1=1, select bank3
  3487     099A  1187               	bcf	7,3	;volatile
  3488     099B                     l2909:
  3489                           
  3490                           ;esd1.c: 142:     PORTCbits.RC6 = 1;
  3491     099B  1283               	bcf	3,5	;RP0=0, select bank0
  3492     099C  1303               	bcf	3,6	;RP1=0, select bank0
  3493     099D  1707               	bsf	7,6	;volatile
  3494     099E                     l144:
  3495     099E  0008               	return
  3496     099F                     __end_of_uart_init:
  3497                           
  3498                           	psect	text10
  3499     01CB                     __ptext10:	
  3500 ;; *************** function _rtc_read *****************
  3501 ;; Defined at:
  3502 ;;		line 335 in file "esd1.c"
  3503 ;; Parameters:    Size  Location     Type
  3504 ;;  hour            1    wreg     PTR unsigned char 
  3505 ;;		 -> last_good_hour(1), main@hour(1), main@h(1), 
  3506 ;;  min             1    9[COMMON] PTR unsigned char 
  3507 ;;		 -> last_good_min(1), main@minute(1), main@m(1), 
  3508 ;;  sec             1   10[COMMON] PTR unsigned char 
  3509 ;;		 -> last_good_sec(1), main@second(1), main@s(1), 
  3510 ;; Auto vars:     Size  Location     Type
  3511 ;;  hour            1    0[BANK0 ] PTR unsigned char 
  3512 ;;		 -> last_good_hour(1), main@hour(1), main@h(1), 
  3513 ;;  d               2    1[BANK0 ] int 
  3514 ;;  data            1    3[BANK0 ] unsigned char 
  3515 ;; Return value:  Size  Location     Type
  3516 ;;                  2    9[COMMON] int 
  3517 ;; Registers used:
  3518 ;;		wreg, fsr0l, fsr0h, status,2, status,0, pclath, cstack
  3519 ;; Tracked objects:
  3520 ;;		On entry : 0/0
  3521 ;;		On exit  : 0/0
  3522 ;;		Unchanged: 0/0
  3523 ;; Data sizes:     COMMON   BANK0   BANK1   BANK3   BANK2
  3524 ;;      Params:         2       0       0       0       0
  3525 ;;      Locals:         0       4       0       0       0
  3526 ;;      Temps:          2       0       0       0       0
  3527 ;;      Totals:         4       4       0       0       0
  3528 ;;Total ram usage:        8 bytes
  3529 ;; Hardware stack levels used: 1
  3530 ;; Hardware stack levels required when called: 2
  3531 ;; This function calls:
  3532 ;;		___bmul
  3533 ;;		_address
  3534 ;;		_read_byte
  3535 ;;		_repeated_start
  3536 ;;		_start
  3537 ;;		_stop
  3538 ;;		_write
  3539 ;; This function is called by:
  3540 ;;		_main
  3541 ;; This function uses a non-reentrant model
  3542 ;;
  3543                           
  3544     01CB                     _rtc_read:	
  3545                           ;psect for function _rtc_read
  3546                           
  3547                           
  3548                           ;incstack = 0
  3549                           ; Regs used in _rtc_read: [wreg-fsr0h+status,2+status,0+pclath+cstack]
  3550                           ;rtc_read@hour stored from wreg
  3551     01CB  1283               	bcf	3,5	;RP0=0, select bank0
  3552     01CC  1303               	bcf	3,6	;RP1=0, select bank0
  3553     01CD  00A0               	movwf	rtc_read@hour
  3554     01CE                     l2977:
  3555                           
  3556                           ;esd1.c: 335: int rtc_read(unsigned char *hour, unsigned char *min, unsigned char *sec);
      +                          esd1.c: 336: {;esd1.c: 337:     int d;;esd1.c: 338:     unsigned char data;;esd1.c: 340:
      +                               if (!start()) return 0;
  3557     01CE  120A  158A  22AF  120A  118A  	fcall	_start
  3558     01D3  0872               	movf	?_start,w
  3559     01D4  0473               	iorwf	?_start+1,w
  3560     01D5  1D03               	btfss	3,2
  3561     01D6  29D8               	goto	u2611
  3562     01D7  29D9               	goto	u2610
  3563     01D8                     u2611:
  3564     01D8  29DC               	goto	l2983
  3565     01D9                     u2610:
  3566     01D9                     l2979:
  3567     01D9  01F9               	clrf	?_rtc_read
  3568     01DA  01FA               	clrf	?_rtc_read+1
  3569     01DB  2AA6               	goto	l242
  3570     01DC                     l2983:
  3571                           
  3572                           ;esd1.c: 341:     if (!address(0xD0)) { stop(); return 0; }
  3573     01DC  30D0               	movlw	208
  3574     01DD  120A  158A  2228  120A  118A  	fcall	_address
  3575     01E2  0872               	movf	?_address,w
  3576     01E3  0473               	iorwf	?_address+1,w
  3577     01E4  1D03               	btfss	3,2
  3578     01E5  29E7               	goto	u2621
  3579     01E6  29E8               	goto	u2620
  3580     01E7                     u2621:
  3581     01E7  29EE               	goto	l2991
  3582     01E8                     u2620:
  3583     01E8                     l2985:
  3584     01E8  120A  158A  22E1  120A  118A  	fcall	_stop
  3585     01ED  29D9               	goto	l2979
  3586     01EE                     l2991:
  3587                           
  3588                           ;esd1.c: 342:     if (!write(0x00)) { stop(); return 0; }
  3589     01EE  3000               	movlw	0
  3590     01EF  120A  158A  2253  120A  118A  	fcall	_write
  3591     01F4  0872               	movf	?_write,w
  3592     01F5  0473               	iorwf	?_write+1,w
  3593     01F6  1D03               	btfss	3,2
  3594     01F7  29F9               	goto	u2631
  3595     01F8  29FA               	goto	u2630
  3596     01F9                     u2631:
  3597     01F9  29FB               	goto	l2999
  3598     01FA                     u2630:
  3599     01FA  29E8               	goto	l2985
  3600     01FB                     l2999:
  3601                           
  3602                           ;esd1.c: 343:     if (!repeated_start()) { stop(); return 0; }
  3603     01FB  120A  158A  2313  120A  118A  	fcall	_repeated_start
  3604     0200  0872               	movf	?_repeated_start,w
  3605     0201  0473               	iorwf	?_repeated_start+1,w
  3606     0202  1D03               	btfss	3,2
  3607     0203  2A05               	goto	u2641
  3608     0204  2A06               	goto	u2640
  3609     0205                     u2641:
  3610     0205  2A07               	goto	l3007
  3611     0206                     u2640:
  3612     0206  29E8               	goto	l2985
  3613     0207                     l3007:
  3614                           
  3615                           ;esd1.c: 344:     if (!address(0xD1)) { stop(); return 0; }
  3616     0207  30D1               	movlw	209
  3617     0208  120A  158A  2228  120A  118A  	fcall	_address
  3618     020D  0872               	movf	?_address,w
  3619     020E  0473               	iorwf	?_address+1,w
  3620     020F  1D03               	btfss	3,2
  3621     0210  2A12               	goto	u2651
  3622     0211  2A13               	goto	u2650
  3623     0212                     u2651:
  3624     0212  2A14               	goto	l3015
  3625     0213                     u2650:
  3626     0213  29E8               	goto	l2985
  3627     0214                     l3015:
  3628                           
  3629                           ;esd1.c: 346:     d = read_byte(0);
  3630     0214  3000               	movlw	0
  3631     0215  120A  158A  265B  120A  118A  	fcall	_read_byte
  3632     021A  0873               	movf	?_read_byte+1,w
  3633     021B  1283               	bcf	3,5	;RP0=0, select bank0
  3634     021C  1303               	bcf	3,6	;RP1=0, select bank0
  3635     021D  00A2               	movwf	rtc_read@d+1
  3636     021E  0872               	movf	?_read_byte,w
  3637     021F  00A1               	movwf	rtc_read@d
  3638     0220                     l3017:
  3639                           
  3640                           ;esd1.c: 347:     if (d < 0) { stop(); return 0; }
  3641     0220  1FA2               	btfss	rtc_read@d+1,7
  3642     0221  2A23               	goto	u2661
  3643     0222  2A24               	goto	u2660
  3644     0223                     u2661:
  3645     0223  2A25               	goto	l3025
  3646     0224                     u2660:
  3647     0224  29E8               	goto	l2985
  3648     0225                     l3025:
  3649                           
  3650                           ;esd1.c: 348:     data = (unsigned char)d;
  3651     0225  0821               	movf	rtc_read@d,w
  3652     0226  00A3               	movwf	rtc_read@data
  3653     0227                     l3027:
  3654                           
  3655                           ;esd1.c: 349:     *sec = ((data >> 4) * 10) + (data & 0x0F);
  3656     0227  087A               	movf	rtc_read@sec,w
  3657     0228  0084               	movwf	4
  3658     0229  300F               	movlw	15
  3659     022A  0523               	andwf	rtc_read@data,w
  3660     022B  00FB               	movwf	??_rtc_read
  3661     022C  300A               	movlw	10
  3662     022D  00F0               	movwf	___bmul@multiplicand
  3663     022E  0823               	movf	rtc_read@data,w
  3664     022F  00FC               	movwf	??_rtc_read+1
  3665     0230  3004               	movlw	4
  3666     0231                     u2675:
  3667     0231  1003               	clrc
  3668     0232  0CFC               	rrf	??_rtc_read+1,f
  3669     0233  3EFF               	addlw	-1
  3670     0234  1D03               	skipz
  3671     0235  2A31               	goto	u2675
  3672     0236  087C               	movf	??_rtc_read+1,w
  3673     0237  120A  158A  210F  120A  118A  	fcall	___bmul
  3674     023C  077B               	addwf	??_rtc_read,w
  3675     023D  1383               	bcf	3,7	;select IRP bank0
  3676     023E  0080               	movwf	0
  3677     023F                     l3029:
  3678                           
  3679                           ;esd1.c: 351:     d = read_byte(0);
  3680     023F  3000               	movlw	0
  3681     0240  120A  158A  265B  120A  118A  	fcall	_read_byte
  3682     0245  0873               	movf	?_read_byte+1,w
  3683     0246  1283               	bcf	3,5	;RP0=0, select bank0
  3684     0247  1303               	bcf	3,6	;RP1=0, select bank0
  3685     0248  00A2               	movwf	rtc_read@d+1
  3686     0249  0872               	movf	?_read_byte,w
  3687     024A  00A1               	movwf	rtc_read@d
  3688     024B                     l3031:
  3689                           
  3690                           ;esd1.c: 352:     if (d < 0) { stop(); return 0; }
  3691     024B  1FA2               	btfss	rtc_read@d+1,7
  3692     024C  2A4E               	goto	u2681
  3693     024D  2A4F               	goto	u2680
  3694     024E                     u2681:
  3695     024E  2A50               	goto	l3039
  3696     024F                     u2680:
  3697     024F  29E8               	goto	l2985
  3698     0250                     l3039:
  3699                           
  3700                           ;esd1.c: 353:     data = (unsigned char)d;
  3701     0250  0821               	movf	rtc_read@d,w
  3702     0251  00A3               	movwf	rtc_read@data
  3703     0252                     l3041:
  3704                           
  3705                           ;esd1.c: 354:     *min = ((data >> 4) * 10) + (data & 0x0F);
  3706     0252  0879               	movf	rtc_read@min,w
  3707     0253  0084               	movwf	4
  3708     0254  300F               	movlw	15
  3709     0255  0523               	andwf	rtc_read@data,w
  3710     0256  00FB               	movwf	??_rtc_read
  3711     0257  300A               	movlw	10
  3712     0258  00F0               	movwf	___bmul@multiplicand
  3713     0259  0823               	movf	rtc_read@data,w
  3714     025A  00FC               	movwf	??_rtc_read+1
  3715     025B  3004               	movlw	4
  3716     025C                     u2695:
  3717     025C  1003               	clrc
  3718     025D  0CFC               	rrf	??_rtc_read+1,f
  3719     025E  3EFF               	addlw	-1
  3720     025F  1D03               	skipz
  3721     0260  2A5C               	goto	u2695
  3722     0261  087C               	movf	??_rtc_read+1,w
  3723     0262  120A  158A  210F  120A  118A  	fcall	___bmul
  3724     0267  077B               	addwf	??_rtc_read,w
  3725     0268  1383               	bcf	3,7	;select IRP bank0
  3726     0269  0080               	movwf	0
  3727     026A                     l3043:
  3728                           
  3729                           ;esd1.c: 356:     d = read_byte(1);
  3730     026A  3001               	movlw	1
  3731     026B  120A  158A  265B  120A  118A  	fcall	_read_byte
  3732     0270  0873               	movf	?_read_byte+1,w
  3733     0271  1283               	bcf	3,5	;RP0=0, select bank0
  3734     0272  1303               	bcf	3,6	;RP1=0, select bank0
  3735     0273  00A2               	movwf	rtc_read@d+1
  3736     0274  0872               	movf	?_read_byte,w
  3737     0275  00A1               	movwf	rtc_read@d
  3738     0276                     l3045:
  3739                           
  3740                           ;esd1.c: 357:     if (d < 0) { stop(); return 0; }
  3741     0276  1FA2               	btfss	rtc_read@d+1,7
  3742     0277  2A79               	goto	u2701
  3743     0278  2A7A               	goto	u2700
  3744     0279                     u2701:
  3745     0279  2A7B               	goto	l3053
  3746     027A                     u2700:
  3747     027A  29E8               	goto	l2985
  3748     027B                     l3053:
  3749                           
  3750                           ;esd1.c: 358:     data = (unsigned char)d;
  3751     027B  0821               	movf	rtc_read@d,w
  3752     027C  00A3               	movwf	rtc_read@data
  3753     027D                     l3055:
  3754                           
  3755                           ;esd1.c: 359:     *hour = ((data & 0x3F) >> 4) * 10 + (data & 0x0F);
  3756     027D  0820               	movf	rtc_read@hour,w
  3757     027E  0084               	movwf	4
  3758     027F  300F               	movlw	15
  3759     0280  0523               	andwf	rtc_read@data,w
  3760     0281  00FB               	movwf	??_rtc_read
  3761     0282  300A               	movlw	10
  3762     0283  00F0               	movwf	___bmul@multiplicand
  3763     0284  0823               	movf	rtc_read@data,w
  3764     0285  00FC               	movwf	??_rtc_read+1
  3765     0286  3004               	movlw	4
  3766     0287                     u2715:
  3767     0287  1003               	clrc
  3768     0288  0CFC               	rrf	??_rtc_read+1,f
  3769     0289  3EFF               	addlw	-1
  3770     028A  1D03               	skipz
  3771     028B  2A87               	goto	u2715
  3772     028C  087C               	movf	??_rtc_read+1,w
  3773     028D  3903               	andlw	3
  3774     028E  120A  158A  210F  120A  118A  	fcall	___bmul
  3775     0293  077B               	addwf	??_rtc_read,w
  3776     0294  1383               	bcf	3,7	;select IRP bank0
  3777     0295  0080               	movwf	0
  3778     0296                     l3057:
  3779                           
  3780                           ;esd1.c: 361:     if (!stop()) return 0;
  3781     0296  120A  158A  22E1  120A  118A  	fcall	_stop
  3782     029B  0872               	movf	?_stop,w
  3783     029C  0473               	iorwf	?_stop+1,w
  3784     029D  1D03               	btfss	3,2
  3785     029E  2AA0               	goto	u2721
  3786     029F  2AA1               	goto	u2720
  3787     02A0                     u2721:
  3788     02A0  2AA2               	goto	l3063
  3789     02A1                     u2720:
  3790     02A1  29D9               	goto	l2979
  3791     02A2                     l3063:
  3792                           
  3793                           ;esd1.c: 362:     return 1;
  3794     02A2  3001               	movlw	1
  3795     02A3  00F9               	movwf	?_rtc_read
  3796     02A4  3000               	movlw	0
  3797     02A5  00FA               	movwf	?_rtc_read+1
  3798     02A6                     l242:
  3799     02A6  0008               	return
  3800     02A7                     __end_of_rtc_read:
  3801                           
  3802                           	psect	text11
  3803     090F                     __ptext11:	
  3804 ;; *************** function ___bmul *****************
  3805 ;; Defined at:
  3806 ;;		line 4 in file "C:\Program Files\Microchip\xc8\v2.40\pic\sources\c90\common\Umul8.c"
  3807 ;; Parameters:    Size  Location     Type
  3808 ;;  multiplier      1    wreg     unsigned char 
  3809 ;;  multiplicand    1    0[COMMON] unsigned char 
  3810 ;; Auto vars:     Size  Location     Type
  3811 ;;  multiplier      1    3[COMMON] unsigned char 
  3812 ;;  product         1    2[COMMON] unsigned char 
  3813 ;; Return value:  Size  Location     Type
  3814 ;;                  1    wreg      unsigned char 
  3815 ;; Registers used:
  3816 ;;		wreg, status,2, status,0
  3817 ;; Tracked objects:
  3818 ;;		On entry : 0/0
  3819 ;;		On exit  : 0/0
  3820 ;;		Unchanged: 0/0
  3821 ;; Data sizes:     COMMON   BANK0   BANK1   BANK3   BANK2
  3822 ;;      Params:         1       0       0       0       0
  3823 ;;      Locals:         2       0       0       0       0
  3824 ;;      Temps:          1       0       0       0       0
  3825 ;;      Totals:         4       0       0       0       0
  3826 ;;Total ram usage:        4 bytes
  3827 ;; Hardware stack levels used: 1
  3828 ;; This function calls:
  3829 ;;		Nothing
  3830 ;; This function is called by:
  3831 ;;		_rtc_read
  3832 ;; This function uses a non-reentrant model
  3833 ;;
  3834                           
  3835     090F                     ___bmul:	
  3836                           ;psect for function ___bmul
  3837                           
  3838                           
  3839                           ;incstack = 0
  3840                           ; Regs used in ___bmul: [wreg+status,2+status,0]
  3841                           ;___bmul@multiplier stored from wreg
  3842     090F  00F3               	movwf	___bmul@multiplier
  3843     0910                     l2845:
  3844     0910  01F2               	clrf	___bmul@product
  3845     0911                     l2847:
  3846     0911  1C73               	btfss	___bmul@multiplier,0
  3847     0912  2914               	goto	u2471
  3848     0913  2915               	goto	u2470
  3849     0914                     u2471:
  3850     0914  2919               	goto	l2851
  3851     0915                     u2470:
  3852     0915                     l2849:
  3853     0915  0870               	movf	___bmul@multiplicand,w
  3854     0916  00F1               	movwf	??___bmul
  3855     0917  0871               	movf	??___bmul,w
  3856     0918  07F2               	addwf	___bmul@product,f
  3857     0919                     l2851:
  3858     0919  1003               	clrc
  3859     091A  0DF0               	rlf	___bmul@multiplicand,f
  3860     091B                     l2853:
  3861     091B  1003               	clrc
  3862     091C  0CF3               	rrf	___bmul@multiplier,f
  3863     091D  0873               	movf	___bmul@multiplier,w
  3864     091E  1D03               	btfss	3,2
  3865     091F  2921               	goto	u2481
  3866     0920  2922               	goto	u2480
  3867     0921                     u2481:
  3868     0921  2911               	goto	l2847
  3869     0922                     u2480:
  3870     0922                     l2855:
  3871     0922  0872               	movf	___bmul@product,w
  3872     0923                     l538:
  3873     0923  0008               	return
  3874     0924                     __end_of___bmul:
  3875                           
  3876                           	psect	text12
  3877     0F28                     __ptext12:	
  3878 ;; *************** function _restore_log_state *****************
  3879 ;; Defined at:
  3880 ;;		line 432 in file "esd1.c"
  3881 ;; Parameters:    Size  Location     Type
  3882 ;;		None
  3883 ;; Auto vars:     Size  Location     Type
  3884 ;;		None
  3885 ;; Return value:  Size  Location     Type
  3886 ;;                  1    wreg      void 
  3887 ;; Registers used:
  3888 ;;		wreg, status,2, status,0, btemp+1, pclath, cstack
  3889 ;; Tracked objects:
  3890 ;;		On entry : 0/0
  3891 ;;		On exit  : 0/0
  3892 ;;		Unchanged: 0/0
  3893 ;; Data sizes:     COMMON   BANK0   BANK1   BANK3   BANK2
  3894 ;;      Params:         0       0       0       0       0
  3895 ;;      Locals:         0       0       0       0       0
  3896 ;;      Temps:          4       0       0       0       0
  3897 ;;      Totals:         4       0       0       0       0
  3898 ;;Total ram usage:        4 bytes
  3899 ;; Hardware stack levels used: 1
  3900 ;; Hardware stack levels required when called: 2
  3901 ;; This function calls:
  3902 ;;		_internal_eeprom_read
  3903 ;;		_internal_eeprom_write
  3904 ;;		_save_log_state
  3905 ;; This function is called by:
  3906 ;;		_main
  3907 ;; This function uses a non-reentrant model
  3908 ;;
  3909                           
  3910     0F28                     _restore_log_state:	
  3911                           ;psect for function _restore_log_state
  3912                           
  3913     0F28                     l3067:	
  3914                           ;incstack = 0
  3915                           ; Regs used in _restore_log_state: [wreg+status,2+status,0+btemp+1+pclath+cstack]
  3916                           
  3917                           
  3918                           ;esd1.c: 435:     if (internal_eeprom_read(9) != 0xA5)
  3919     0F28  3009               	movlw	9
  3920     0F29  120A  158A  20CA  120A  158A  	fcall	_internal_eeprom_read
  3921     0F2E  3AA5               	xorlw	165
  3922     0F2F  1903               	skipnz
  3923     0F30  2F32               	goto	u2731
  3924     0F31  2F33               	goto	u2730
  3925     0F32                     u2731:
  3926     0F32  2F46               	goto	l3077
  3927     0F33                     u2730:
  3928     0F33                     l3069:
  3929                           
  3930                           ;esd1.c: 436:     {;esd1.c: 437:         write_index = 0;
  3931     0F33  1283               	bcf	3,5	;RP0=0, select bank0
  3932     0F34  1303               	bcf	3,6	;RP1=0, select bank0
  3933     0F35  01E2               	clrf	_write_index
  3934     0F36  01E3               	clrf	_write_index+1
  3935                           
  3936                           ;esd1.c: 438:         log_count = 0;
  3937     0F37  01E0               	clrf	_log_count
  3938     0F38  01E1               	clrf	_log_count+1
  3939     0F39                     l3071:
  3940                           
  3941                           ;esd1.c: 439:         save_log_state();
  3942     0F39  120A  158A  227E  120A  158A  	fcall	_save_log_state
  3943     0F3E                     l3073:
  3944                           
  3945                           ;esd1.c: 441:         internal_eeprom_write(4, 0);
  3946     0F3E  01F0               	clrf	internal_eeprom_write@data
  3947     0F3F  3004               	movlw	4
  3948     0F40  120A  158A  219F  120A  158A  	fcall	_internal_eeprom_write
  3949     0F45  2F92               	goto	l289
  3950     0F46                     l3077:
  3951                           
  3952                           ;esd1.c: 446:     write_index = ((unsigned int)internal_eeprom_read(6) << 8)
  3953     0F46  3005               	movlw	5
  3954     0F47  120A  158A  20CA  120A  158A  	fcall	_internal_eeprom_read
  3955     0F4C  00F2               	movwf	??_restore_log_state
  3956     0F4D  01F3               	clrf	??_restore_log_state+1
  3957     0F4E  3006               	movlw	6
  3958     0F4F  120A  158A  20CA  120A  158A  	fcall	_internal_eeprom_read
  3959     0F54  00F4               	movwf	??_restore_log_state+2
  3960     0F55  01F5               	clrf	??_restore_log_state+3
  3961     0F56  0874               	movf	??_restore_log_state+2,w
  3962     0F57  00F5               	movwf	??_restore_log_state+3
  3963     0F58  01F4               	clrf	??_restore_log_state+2
  3964     0F59  0872               	movf	??_restore_log_state,w
  3965     0F5A  0474               	iorwf	??_restore_log_state+2,w
  3966     0F5B  1283               	bcf	3,5	;RP0=0, select bank0
  3967     0F5C  1303               	bcf	3,6	;RP1=0, select bank0
  3968     0F5D  00E2               	movwf	_write_index
  3969     0F5E  0873               	movf	??_restore_log_state+1,w
  3970     0F5F  0475               	iorwf	??_restore_log_state+3,w
  3971     0F60  00E3               	movwf	_write_index+1
  3972                           
  3973                           ;esd1.c: 448:     log_count = ((unsigned int)internal_eeprom_read(8) << 8)
  3974     0F61  3007               	movlw	7
  3975     0F62  120A  158A  20CA  120A  158A  	fcall	_internal_eeprom_read
  3976     0F67  00F2               	movwf	??_restore_log_state
  3977     0F68  01F3               	clrf	??_restore_log_state+1
  3978     0F69  3008               	movlw	8
  3979     0F6A  120A  158A  20CA  120A  158A  	fcall	_internal_eeprom_read
  3980     0F6F  00F4               	movwf	??_restore_log_state+2
  3981     0F70  01F5               	clrf	??_restore_log_state+3
  3982     0F71  0874               	movf	??_restore_log_state+2,w
  3983     0F72  00F5               	movwf	??_restore_log_state+3
  3984     0F73  01F4               	clrf	??_restore_log_state+2
  3985     0F74  0872               	movf	??_restore_log_state,w
  3986     0F75  0474               	iorwf	??_restore_log_state+2,w
  3987     0F76  1283               	bcf	3,5	;RP0=0, select bank0
  3988     0F77  1303               	bcf	3,6	;RP1=0, select bank0
  3989     0F78  00E0               	movwf	_log_count
  3990     0F79  0873               	movf	??_restore_log_state+1,w
  3991     0F7A  0475               	iorwf	??_restore_log_state+3,w
  3992     0F7B  00E1               	movwf	_log_count+1
  3993     0F7C                     l3079:
  3994                           
  3995                           ;esd1.c: 452:     if (write_index >= 256) write_index = 0;
  3996     0F7C  3001               	movlw	1
  3997     0F7D  0263               	subwf	_write_index+1,w
  3998     0F7E  3000               	movlw	0
  3999     0F7F  1903               	skipnz
  4000     0F80  0262               	subwf	_write_index,w
  4001     0F81  1C03               	skipc
  4002     0F82  2F84               	goto	u2741
  4003     0F83  2F85               	goto	u2740
  4004     0F84                     u2741:
  4005     0F84  2F87               	goto	l3083
  4006     0F85                     u2740:
  4007     0F85                     l3081:
  4008     0F85  01E2               	clrf	_write_index
  4009     0F86  01E3               	clrf	_write_index+1
  4010     0F87                     l3083:
  4011                           
  4012                           ;esd1.c: 453:     if (log_count >= 256) log_count = 0;
  4013     0F87  3001               	movlw	1
  4014     0F88  0261               	subwf	_log_count+1,w
  4015     0F89  3000               	movlw	0
  4016     0F8A  1903               	skipnz
  4017     0F8B  0260               	subwf	_log_count,w
  4018     0F8C  1C03               	skipc
  4019     0F8D  2F8F               	goto	u2751
  4020     0F8E  2F90               	goto	u2750
  4021     0F8F                     u2751:
  4022     0F8F  2F92               	goto	l289
  4023     0F90                     u2750:
  4024     0F90                     l3085:
  4025     0F90  01E0               	clrf	_log_count
  4026     0F91  01E1               	clrf	_log_count+1
  4027     0F92                     l289:
  4028     0F92  0008               	return
  4029     0F93                     __end_of_restore_log_state:
  4030                           
  4031                           	psect	text13
  4032     02A7                     __ptext13:	
  4033 ;; *************** function _read_temp_with_classification *****************
  4034 ;; Defined at:
  4035 ;;		line 540 in file "esd1.c"
  4036 ;; Parameters:    Size  Location     Type
  4037 ;;  temp_data       1    wreg     PTR int 
  4038 ;;		 -> main@temperature(2), 
  4039 ;; Auto vars:     Size  Location     Type
  4040 ;;  temp_data       1   11[BANK0 ] PTR int 
  4041 ;;		 -> main@temperature(2), 
  4042 ;;  d               2    9[BANK0 ] int 
  4043 ;;  msb             1    8[BANK0 ] unsigned char 
  4044 ;;  lsb             1    7[BANK0 ] unsigned char 
  4045 ;; Return value:  Size  Location     Type
  4046 ;;                  2    9[COMMON] int 
  4047 ;; Registers used:
  4048 ;;		wreg, fsr0l, fsr0h, status,2, status,0, pclath, cstack
  4049 ;; Tracked objects:
  4050 ;;		On entry : 0/0
  4051 ;;		On exit  : 0/0
  4052 ;;		Unchanged: 0/0
  4053 ;; Data sizes:     COMMON   BANK0   BANK1   BANK3   BANK2
  4054 ;;      Params:         2       0       0       0       0
  4055 ;;      Locals:         0       5       0       0       0
  4056 ;;      Temps:          0       7       0       0       0
  4057 ;;      Totals:         2      12       0       0       0
  4058 ;;Total ram usage:       14 bytes
  4059 ;; Hardware stack levels used: 1
  4060 ;; Hardware stack levels required when called: 2
  4061 ;; This function calls:
  4062 ;;		___awdiv
  4063 ;;		_address
  4064 ;;		_read_byte
  4065 ;;		_repeated_start
  4066 ;;		_start
  4067 ;;		_stop
  4068 ;;		_write
  4069 ;; This function is called by:
  4070 ;;		_main
  4071 ;; This function uses a non-reentrant model
  4072 ;;
  4073                           
  4074     02A7                     _read_temp_with_classification:	
  4075                           ;psect for function _read_temp_with_classification
  4076                           
  4077                           
  4078                           ;incstack = 0
  4079                           ; Regs used in _read_temp_with_classification: [wreg-fsr0h+status,2+status,0+pclath+csta
      +                          ck]
  4080                           ;read_temp_with_classification@temp_data stored from wreg
  4081     02A7  1283               	bcf	3,5	;RP0=0, select bank0
  4082     02A8  1303               	bcf	3,6	;RP1=0, select bank0
  4083     02A9  00AB               	movwf	read_temp_with_classification@temp_data
  4084     02AA                     l3129:
  4085                           
  4086                           ;esd1.c: 540: int read_temp_with_classification(int *temp_data);esd1.c: 541: {;esd1.c: 5
      +                          42:     unsigned char msb, lsb;;esd1.c: 543:     int d;;esd1.c: 545:     if (!start()) {
  4087     02AA  120A  158A  22AF  120A  118A  	fcall	_start
  4088     02AF  0872               	movf	?_start,w
  4089     02B0  0473               	iorwf	?_start+1,w
  4090     02B1  1D03               	btfss	3,2
  4091     02B2  2AB4               	goto	u2821
  4092     02B3  2AB5               	goto	u2820
  4093     02B4                     u2821:
  4094     02B4  2AC0               	goto	l3139
  4095     02B5                     u2820:
  4096     02B5                     l3131:
  4097                           
  4098                           ;esd1.c: 546:         last_fault_context.ackstat_set = 0;
  4099     02B5  1283               	bcf	3,5	;RP0=0, select bank0
  4100     02B6  1303               	bcf	3,6	;RP1=0, select bank0
  4101     02B7  01DC               	clrf	_last_fault_context
  4102     02B8  01DD               	clrf	_last_fault_context+1
  4103     02B9                     l3133:
  4104                           
  4105                           ;esd1.c: 547:         last_fault_context.failed_step = 1;
  4106     02B9  3001               	movlw	1
  4107     02BA  00DE               	movwf	_last_fault_context+2
  4108     02BB  3000               	movlw	0
  4109     02BC  00DF               	movwf	_last_fault_context+3
  4110     02BD                     l3135:
  4111                           
  4112                           ;esd1.c: 548:         return 0;
  4113     02BD  01F9               	clrf	?_read_temp_with_classification
  4114     02BE  01FA               	clrf	?_read_temp_with_classification+1
  4115     02BF  2BED               	goto	l319
  4116     02C0                     l3139:
  4117                           
  4118                           ;esd1.c: 550:     if (!address(0x90)) {
  4119     02C0  3090               	movlw	144
  4120     02C1  120A  158A  2228  120A  118A  	fcall	_address
  4121     02C6  0872               	movf	?_address,w
  4122     02C7  0473               	iorwf	?_address+1,w
  4123     02C8  1D03               	btfss	3,2
  4124     02C9  2ACB               	goto	u2831
  4125     02CA  2ACC               	goto	u2830
  4126     02CB                     u2831:
  4127     02CB  2AE6               	goto	l3151
  4128     02CC                     u2830:
  4129     02CC                     l3141:
  4130                           
  4131                           ;esd1.c: 551:         last_fault_context.ackstat_set = ACKSTAT;
  4132     02CC  1003               	clrc
  4133     02CD  1683               	bsf	3,5	;RP0=1, select bank1
  4134     02CE  1303               	bcf	3,6	;RP1=0, select bank1
  4135     02CF  1B11               	btfsc	17,6	;volatile
  4136     02D0  1403               	setc
  4137     02D1  3000               	movlw	0
  4138     02D2  1803               	skipnc
  4139     02D3  3001               	movlw	1
  4140     02D4  1283               	bcf	3,5	;RP0=0, select bank0
  4141     02D5  1303               	bcf	3,6	;RP1=0, select bank0
  4142     02D6  00A0               	movwf	??_read_temp_with_classification
  4143     02D7  01A1               	clrf	??_read_temp_with_classification+1
  4144     02D8  0820               	movf	??_read_temp_with_classification,w
  4145     02D9  00DC               	movwf	_last_fault_context
  4146     02DA  0821               	movf	??_read_temp_with_classification+1,w
  4147     02DB  00DD               	movwf	_last_fault_context+1
  4148     02DC                     l3143:
  4149                           
  4150                           ;esd1.c: 552:         last_fault_context.failed_step = 2;
  4151     02DC  3002               	movlw	2
  4152     02DD  00DE               	movwf	_last_fault_context+2
  4153     02DE  3000               	movlw	0
  4154     02DF  00DF               	movwf	_last_fault_context+3
  4155     02E0                     l3145:
  4156                           
  4157                           ;esd1.c: 553:         stop();
  4158     02E0  120A  158A  22E1  120A  118A  	fcall	_stop
  4159     02E5  2ABD               	goto	l3135
  4160     02E6                     l3151:
  4161                           
  4162                           ;esd1.c: 556:     if (!write(0x00)) {
  4163     02E6  3000               	movlw	0
  4164     02E7  120A  158A  2253  120A  118A  	fcall	_write
  4165     02EC  0872               	movf	?_write,w
  4166     02ED  0473               	iorwf	?_write+1,w
  4167     02EE  1D03               	btfss	3,2
  4168     02EF  2AF1               	goto	u2841
  4169     02F0  2AF2               	goto	u2840
  4170     02F1                     u2841:
  4171     02F1  2B07               	goto	l3163
  4172     02F2                     u2840:
  4173     02F2                     l3153:
  4174                           
  4175                           ;esd1.c: 557:         last_fault_context.ackstat_set = ACKSTAT;
  4176     02F2  1003               	clrc
  4177     02F3  1683               	bsf	3,5	;RP0=1, select bank1
  4178     02F4  1303               	bcf	3,6	;RP1=0, select bank1
  4179     02F5  1B11               	btfsc	17,6	;volatile
  4180     02F6  1403               	setc
  4181     02F7  3000               	movlw	0
  4182     02F8  1803               	skipnc
  4183     02F9  3001               	movlw	1
  4184     02FA  1283               	bcf	3,5	;RP0=0, select bank0
  4185     02FB  1303               	bcf	3,6	;RP1=0, select bank0
  4186     02FC  00A0               	movwf	??_read_temp_with_classification
  4187     02FD  01A1               	clrf	??_read_temp_with_classification+1
  4188     02FE  0820               	movf	??_read_temp_with_classification,w
  4189     02FF  00DC               	movwf	_last_fault_context
  4190     0300  0821               	movf	??_read_temp_with_classification+1,w
  4191     0301  00DD               	movwf	_last_fault_context+1
  4192     0302                     l3155:
  4193                           
  4194                           ;esd1.c: 558:         last_fault_context.failed_step = 3;
  4195     0302  3003               	movlw	3
  4196     0303  00DE               	movwf	_last_fault_context+2
  4197     0304  3000               	movlw	0
  4198     0305  00DF               	movwf	_last_fault_context+3
  4199     0306  2AE0               	goto	l3145
  4200     0307                     l3163:
  4201                           
  4202                           ;esd1.c: 562:     if (!repeated_start()) {
  4203     0307  120A  158A  2313  120A  118A  	fcall	_repeated_start
  4204     030C  0872               	movf	?_repeated_start,w
  4205     030D  0473               	iorwf	?_repeated_start+1,w
  4206     030E  1D03               	btfss	3,2
  4207     030F  2B11               	goto	u2851
  4208     0310  2B12               	goto	u2850
  4209     0311                     u2851:
  4210     0311  2B1B               	goto	l3175
  4211     0312                     u2850:
  4212     0312                     l3165:
  4213                           
  4214                           ;esd1.c: 563:         last_fault_context.ackstat_set = 0;
  4215     0312  1283               	bcf	3,5	;RP0=0, select bank0
  4216     0313  1303               	bcf	3,6	;RP1=0, select bank0
  4217     0314  01DC               	clrf	_last_fault_context
  4218     0315  01DD               	clrf	_last_fault_context+1
  4219     0316                     l3167:
  4220                           
  4221                           ;esd1.c: 564:         last_fault_context.failed_step = 4;
  4222     0316  3004               	movlw	4
  4223     0317  00DE               	movwf	_last_fault_context+2
  4224     0318  3000               	movlw	0
  4225     0319  00DF               	movwf	_last_fault_context+3
  4226     031A  2AE0               	goto	l3145
  4227     031B                     l3175:
  4228                           
  4229                           ;esd1.c: 568:     if (!address(0x91)) {
  4230     031B  3091               	movlw	145
  4231     031C  120A  158A  2228  120A  118A  	fcall	_address
  4232     0321  0872               	movf	?_address,w
  4233     0322  0473               	iorwf	?_address+1,w
  4234     0323  1D03               	btfss	3,2
  4235     0324  2B26               	goto	u2861
  4236     0325  2B27               	goto	u2860
  4237     0326                     u2861:
  4238     0326  2B3C               	goto	l3187
  4239     0327                     u2860:
  4240     0327                     l3177:
  4241                           
  4242                           ;esd1.c: 569:         last_fault_context.ackstat_set = ACKSTAT;
  4243     0327  1003               	clrc
  4244     0328  1683               	bsf	3,5	;RP0=1, select bank1
  4245     0329  1303               	bcf	3,6	;RP1=0, select bank1
  4246     032A  1B11               	btfsc	17,6	;volatile
  4247     032B  1403               	setc
  4248     032C  3000               	movlw	0
  4249     032D  1803               	skipnc
  4250     032E  3001               	movlw	1
  4251     032F  1283               	bcf	3,5	;RP0=0, select bank0
  4252     0330  1303               	bcf	3,6	;RP1=0, select bank0
  4253     0331  00A0               	movwf	??_read_temp_with_classification
  4254     0332  01A1               	clrf	??_read_temp_with_classification+1
  4255     0333  0820               	movf	??_read_temp_with_classification,w
  4256     0334  00DC               	movwf	_last_fault_context
  4257     0335  0821               	movf	??_read_temp_with_classification+1,w
  4258     0336  00DD               	movwf	_last_fault_context+1
  4259     0337                     l3179:
  4260                           
  4261                           ;esd1.c: 570:         last_fault_context.failed_step = 5;
  4262     0337  3005               	movlw	5
  4263     0338  00DE               	movwf	_last_fault_context+2
  4264     0339  3000               	movlw	0
  4265     033A  00DF               	movwf	_last_fault_context+3
  4266     033B  2AE0               	goto	l3145
  4267     033C                     l3187:
  4268                           
  4269                           ;esd1.c: 574:     d = read_byte(0);
  4270     033C  3000               	movlw	0
  4271     033D  120A  158A  265B  120A  118A  	fcall	_read_byte
  4272     0342  0873               	movf	?_read_byte+1,w
  4273     0343  1283               	bcf	3,5	;RP0=0, select bank0
  4274     0344  1303               	bcf	3,6	;RP1=0, select bank0
  4275     0345  00AA               	movwf	read_temp_with_classification@d+1
  4276     0346  0872               	movf	?_read_byte,w
  4277     0347  00A9               	movwf	read_temp_with_classification@d
  4278     0348                     l3189:
  4279                           
  4280                           ;esd1.c: 575:     if (d < 0) {
  4281     0348  1FAA               	btfss	read_temp_with_classification@d+1,7
  4282     0349  2B4B               	goto	u2871
  4283     034A  2B4C               	goto	u2870
  4284     034B                     u2871:
  4285     034B  2B53               	goto	l3201
  4286     034C                     u2870:
  4287     034C                     l3191:
  4288                           
  4289                           ;esd1.c: 576:         last_fault_context.ackstat_set = 0;
  4290     034C  01DC               	clrf	_last_fault_context
  4291     034D  01DD               	clrf	_last_fault_context+1
  4292     034E                     l3193:
  4293                           
  4294                           ;esd1.c: 577:         last_fault_context.failed_step = 6;
  4295     034E  3006               	movlw	6
  4296     034F  00DE               	movwf	_last_fault_context+2
  4297     0350  3000               	movlw	0
  4298     0351  00DF               	movwf	_last_fault_context+3
  4299     0352  2AE0               	goto	l3145
  4300     0353                     l3201:
  4301                           
  4302                           ;esd1.c: 581:     msb = d;
  4303     0353  0829               	movf	read_temp_with_classification@d,w
  4304     0354  00A8               	movwf	read_temp_with_classification@msb
  4305     0355                     l3203:
  4306                           
  4307                           ;esd1.c: 583:     d = read_byte(1);
  4308     0355  3001               	movlw	1
  4309     0356  120A  158A  265B  120A  118A  	fcall	_read_byte
  4310     035B  0873               	movf	?_read_byte+1,w
  4311     035C  1283               	bcf	3,5	;RP0=0, select bank0
  4312     035D  1303               	bcf	3,6	;RP1=0, select bank0
  4313     035E  00AA               	movwf	read_temp_with_classification@d+1
  4314     035F  0872               	movf	?_read_byte,w
  4315     0360  00A9               	movwf	read_temp_with_classification@d
  4316     0361                     l3205:
  4317                           
  4318                           ;esd1.c: 584:     if (d < 0) {
  4319     0361  1FAA               	btfss	read_temp_with_classification@d+1,7
  4320     0362  2B64               	goto	u2881
  4321     0363  2B65               	goto	u2880
  4322     0364                     u2881:
  4323     0364  2B6C               	goto	l3217
  4324     0365                     u2880:
  4325     0365                     l3207:
  4326                           
  4327                           ;esd1.c: 585:         last_fault_context.ackstat_set = 0;
  4328     0365  01DC               	clrf	_last_fault_context
  4329     0366  01DD               	clrf	_last_fault_context+1
  4330     0367                     l3209:
  4331                           
  4332                           ;esd1.c: 586:         last_fault_context.failed_step = 7;
  4333     0367  3007               	movlw	7
  4334     0368  00DE               	movwf	_last_fault_context+2
  4335     0369  3000               	movlw	0
  4336     036A  00DF               	movwf	_last_fault_context+3
  4337     036B  2AE0               	goto	l3145
  4338     036C                     l3217:
  4339                           
  4340                           ;esd1.c: 590:     lsb = d;
  4341     036C  0829               	movf	read_temp_with_classification@d,w
  4342     036D  00A7               	movwf	read_temp_with_classification@lsb
  4343     036E                     l3219:
  4344                           
  4345                           ;esd1.c: 592:     if (!stop()) {
  4346     036E  120A  158A  22E1  120A  118A  	fcall	_stop
  4347     0373  0872               	movf	?_stop,w
  4348     0374  0473               	iorwf	?_stop+1,w
  4349     0375  1D03               	btfss	3,2
  4350     0376  2B78               	goto	u2891
  4351     0377  2B79               	goto	u2890
  4352     0378                     u2891:
  4353     0378  2B82               	goto	l3229
  4354     0379                     u2890:
  4355     0379                     l3221:
  4356                           
  4357                           ;esd1.c: 593:         last_fault_context.ackstat_set = 0;
  4358     0379  1283               	bcf	3,5	;RP0=0, select bank0
  4359     037A  1303               	bcf	3,6	;RP1=0, select bank0
  4360     037B  01DC               	clrf	_last_fault_context
  4361     037C  01DD               	clrf	_last_fault_context+1
  4362     037D                     l3223:
  4363                           
  4364                           ;esd1.c: 594:         last_fault_context.failed_step = 8;
  4365     037D  3008               	movlw	8
  4366     037E  00DE               	movwf	_last_fault_context+2
  4367     037F  3000               	movlw	0
  4368     0380  00DF               	movwf	_last_fault_context+3
  4369     0381  2ABD               	goto	l3135
  4370     0382                     l3229:
  4371                           
  4372                           ;esd1.c: 598:     sign = 1 & (msb >> 7);
  4373     0382  1283               	bcf	3,5	;RP0=0, select bank0
  4374     0383  1303               	bcf	3,6	;RP1=0, select bank0
  4375     0384  0828               	movf	read_temp_with_classification@msb,w
  4376     0385  00A0               	movwf	??_read_temp_with_classification
  4377     0386  3007               	movlw	7
  4378     0387                     u2905:
  4379     0387  1003               	clrc
  4380     0388  0CA0               	rrf	??_read_temp_with_classification,f
  4381     0389  3EFF               	addlw	-1
  4382     038A  1D03               	skipz
  4383     038B  2B87               	goto	u2905
  4384     038C  0820               	movf	??_read_temp_with_classification,w
  4385     038D  3901               	andlw	1
  4386     038E  00A1               	movwf	??_read_temp_with_classification+1
  4387     038F  01A2               	clrf	??_read_temp_with_classification+2
  4388     0390  0821               	movf	??_read_temp_with_classification+1,w
  4389     0391  00E8               	movwf	_sign
  4390     0392  0822               	movf	??_read_temp_with_classification+2,w
  4391     0393  00E9               	movwf	_sign+1
  4392     0394                     l3231:
  4393                           
  4394                           ;esd1.c: 599:     msb = msb & (~(1 << 7));
  4395     0394  0828               	movf	read_temp_with_classification@msb,w
  4396     0395  397F               	andlw	127
  4397     0396  00A8               	movwf	read_temp_with_classification@msb
  4398     0397                     l3233:
  4399                           
  4400                           ;esd1.c: 600:     *temp_data = (msb << 1) | (lsb >> 7);
  4401     0397  0827               	movf	read_temp_with_classification@lsb,w
  4402     0398  00A0               	movwf	??_read_temp_with_classification
  4403     0399  3007               	movlw	7
  4404     039A                     u2915:
  4405     039A  1003               	clrc
  4406     039B  0CA0               	rrf	??_read_temp_with_classification,f
  4407     039C  3EFF               	addlw	-1
  4408     039D  1D03               	skipz
  4409     039E  2B9A               	goto	u2915
  4410     039F  0820               	movf	??_read_temp_with_classification,w
  4411     03A0  00A1               	movwf	??_read_temp_with_classification+1
  4412     03A1  01A2               	clrf	??_read_temp_with_classification+2
  4413     03A2  0828               	movf	read_temp_with_classification@msb,w
  4414     03A3  00A3               	movwf	??_read_temp_with_classification+3
  4415     03A4  01A4               	clrf	??_read_temp_with_classification+4
  4416     03A5  1003               	clrc
  4417     03A6  0DA3               	rlf	??_read_temp_with_classification+3,f
  4418     03A7  0DA4               	rlf	??_read_temp_with_classification+4,f
  4419     03A8  0821               	movf	??_read_temp_with_classification+1,w
  4420     03A9  0423               	iorwf	??_read_temp_with_classification+3,w
  4421     03AA  00A5               	movwf	??_read_temp_with_classification+5
  4422     03AB  0822               	movf	??_read_temp_with_classification+2,w
  4423     03AC  0424               	iorwf	??_read_temp_with_classification+4,w
  4424     03AD  00A6               	movwf	??_read_temp_with_classification+6
  4425     03AE  082B               	movf	read_temp_with_classification@temp_data,w
  4426     03AF  0084               	movwf	4
  4427     03B0  0825               	movf	??_read_temp_with_classification+5,w
  4428     03B1  1383               	bcf	3,7	;select IRP bank0
  4429     03B2  0080               	movwf	0
  4430     03B3  0A84               	incf	4,f
  4431     03B4  0826               	movf	??_read_temp_with_classification+6,w
  4432     03B5  0080               	movwf	0
  4433     03B6                     l3235:
  4434                           
  4435                           ;esd1.c: 601:     *temp_data = *temp_data / 2;
  4436     03B6  3002               	movlw	2
  4437     03B7  00F0               	movwf	___awdiv@divisor
  4438     03B8  3000               	movlw	0
  4439     03B9  00F1               	movwf	___awdiv@divisor+1
  4440     03BA  082B               	movf	read_temp_with_classification@temp_data,w
  4441     03BB  0084               	movwf	4
  4442     03BC  0800               	movf	0,w
  4443     03BD  00F2               	movwf	___awdiv@dividend
  4444     03BE  0A84               	incf	4,f
  4445     03BF  0800               	movf	0,w
  4446     03C0  00F3               	movwf	___awdiv@dividend+1
  4447     03C1  120A  158A  26C1  120A  118A  	fcall	___awdiv
  4448     03C6  1283               	bcf	3,5	;RP0=0, select bank0
  4449     03C7  1303               	bcf	3,6	;RP1=0, select bank0
  4450     03C8  082B               	movf	read_temp_with_classification@temp_data,w
  4451     03C9  0084               	movwf	4
  4452     03CA  0870               	movf	?___awdiv,w
  4453     03CB  1383               	bcf	3,7	;select IRP bank0
  4454     03CC  0080               	movwf	0
  4455     03CD  0A84               	incf	4,f
  4456     03CE  0871               	movf	?___awdiv+1,w
  4457     03CF  0080               	movwf	0
  4458     03D0                     l3237:
  4459                           
  4460                           ;esd1.c: 602:     if (sign) *temp_data = -*temp_data;
  4461     03D0  0868               	movf	_sign,w
  4462     03D1  0469               	iorwf	_sign+1,w
  4463     03D2  1903               	btfsc	3,2
  4464     03D3  2BD5               	goto	u2921
  4465     03D4  2BD6               	goto	u2920
  4466     03D5                     u2921:
  4467     03D5  2BE9               	goto	l3241
  4468     03D6                     u2920:
  4469     03D6                     l3239:
  4470     03D6  082B               	movf	read_temp_with_classification@temp_data,w
  4471     03D7  0084               	movwf	4
  4472     03D8  0800               	movf	0,w
  4473     03D9  00A0               	movwf	??_read_temp_with_classification
  4474     03DA  0A84               	incf	4,f
  4475     03DB  0800               	movf	0,w
  4476     03DC  00A1               	movwf	??_read_temp_with_classification+1
  4477     03DD  09A0               	comf	??_read_temp_with_classification,f
  4478     03DE  09A1               	comf	??_read_temp_with_classification+1,f
  4479     03DF  0AA0               	incf	??_read_temp_with_classification,f
  4480     03E0  1903               	skipnz
  4481     03E1  0AA1               	incf	??_read_temp_with_classification+1,f
  4482     03E2  082B               	movf	read_temp_with_classification@temp_data,w
  4483     03E3  0084               	movwf	4
  4484     03E4  0820               	movf	??_read_temp_with_classification,w
  4485     03E5  0080               	movwf	0
  4486     03E6  0A84               	incf	4,f
  4487     03E7  0821               	movf	??_read_temp_with_classification+1,w
  4488     03E8  0080               	movwf	0
  4489     03E9                     l3241:
  4490                           
  4491                           ;esd1.c: 604:     return 1;
  4492     03E9  3001               	movlw	1
  4493     03EA  00F9               	movwf	?_read_temp_with_classification
  4494     03EB  3000               	movlw	0
  4495     03EC  00FA               	movwf	?_read_temp_with_classification+1
  4496     03ED                     l319:
  4497     03ED  0008               	return
  4498     03EE                     __end_of_read_temp_with_classification:
  4499                           
  4500                           	psect	text14
  4501     0B13                     __ptext14:	
  4502 ;; *************** function _repeated_start *****************
  4503 ;; Defined at:
  4504 ;;		line 224 in file "esd1.c"
  4505 ;; Parameters:    Size  Location     Type
  4506 ;;		None
  4507 ;; Auto vars:     Size  Location     Type
  4508 ;;		None
  4509 ;; Return value:  Size  Location     Type
  4510 ;;                  2    2[COMMON] int 
  4511 ;; Registers used:
  4512 ;;		wreg, status,2, status,0, pclath, cstack
  4513 ;; Tracked objects:
  4514 ;;		On entry : 0/0
  4515 ;;		On exit  : 0/0
  4516 ;;		Unchanged: 0/0
  4517 ;; Data sizes:     COMMON   BANK0   BANK1   BANK3   BANK2
  4518 ;;      Params:         2       0       0       0       0
  4519 ;;      Locals:         0       0       0       0       0
  4520 ;;      Temps:          0       0       0       0       0
  4521 ;;      Totals:         2       0       0       0       0
  4522 ;;Total ram usage:        2 bytes
  4523 ;; Hardware stack levels used: 1
  4524 ;; Hardware stack levels required when called: 1
  4525 ;; This function calls:
  4526 ;;		_wait_i2c_idle
  4527 ;; This function is called by:
  4528 ;;		_rtc_read
  4529 ;;		_read_temp_with_classification
  4530 ;;		_eeprom_read_byte
  4531 ;; This function uses a non-reentrant model
  4532 ;;
  4533                           
  4534     0B13                     _repeated_start:	
  4535                           ;psect for function _repeated_start
  4536                           
  4537     0B13                     l2721:	
  4538                           ;incstack = 0
  4539                           ; Regs used in _repeated_start: [wreg+status,2+status,0+pclath+cstack]
  4540                           
  4541                           
  4542                           ;esd1.c: 226:     if (!wait_i2c_idle()) return 0;
  4543     0B13  120A  158A  21FF  120A  158A  	fcall	_wait_i2c_idle
  4544     0B18  0870               	movf	?_wait_i2c_idle,w
  4545     0B19  0471               	iorwf	?_wait_i2c_idle+1,w
  4546     0B1A  1D03               	btfss	3,2
  4547     0B1B  2B1D               	goto	u2311
  4548     0B1C  2B1E               	goto	u2310
  4549     0B1D                     u2311:
  4550     0B1D  2B21               	goto	l192
  4551     0B1E                     u2310:
  4552     0B1E                     l2723:
  4553     0B1E  01F2               	clrf	?_repeated_start
  4554     0B1F  01F3               	clrf	?_repeated_start+1
  4555     0B20  2B44               	goto	l193
  4556     0B21                     l192:
  4557                           
  4558                           ;esd1.c: 227:     RSEN = 1;
  4559     0B21  1683               	bsf	3,5	;RP0=1, select bank1
  4560     0B22  1303               	bcf	3,6	;RP1=0, select bank1
  4561     0B23  1491               	bsf	17,1	;volatile
  4562     0B24                     l2727:
  4563                           
  4564                           ;esd1.c: 228:     timeout_counter = 6000;
  4565     0B24  3070               	movlw	112
  4566     0B25  1283               	bcf	3,5	;RP0=0, select bank0
  4567     0B26  1303               	bcf	3,6	;RP1=0, select bank0
  4568     0B27  00E4               	movwf	_timeout_counter
  4569     0B28  3017               	movlw	23
  4570     0B29  00E5               	movwf	_timeout_counter+1
  4571                           
  4572                           ;esd1.c: 229:     while (RSEN)
  4573     0B2A  2B3A               	goto	l194
  4574     0B2B                     l2729:
  4575                           
  4576                           ;esd1.c: 230:     {;esd1.c: 231:         if (--timeout_counter == 0) return 0;
  4577     0B2B  30FF               	movlw	255
  4578     0B2C  1283               	bcf	3,5	;RP0=0, select bank0
  4579     0B2D  1303               	bcf	3,6	;RP1=0, select bank0
  4580     0B2E  07E4               	addwf	_timeout_counter,f
  4581     0B2F  1803               	skipnc
  4582     0B30  0AE5               	incf	_timeout_counter+1,f
  4583     0B31  30FF               	movlw	255
  4584     0B32  07E5               	addwf	_timeout_counter+1,f
  4585     0B33  0864               	movf	_timeout_counter,w
  4586     0B34  0465               	iorwf	_timeout_counter+1,w
  4587     0B35  1D03               	btfss	3,2
  4588     0B36  2B38               	goto	u2321
  4589     0B37  2B39               	goto	u2320
  4590     0B38                     u2321:
  4591     0B38  2B3A               	goto	l194
  4592     0B39                     u2320:
  4593     0B39  2B1E               	goto	l2723
  4594     0B3A                     l194:	
  4595                           ;esd1.c: 232:     }
  4596                           
  4597                           
  4598                           ;esd1.c: 229:     while (RSEN)
  4599     0B3A  1683               	bsf	3,5	;RP0=1, select bank1
  4600     0B3B  1303               	bcf	3,6	;RP1=0, select bank1
  4601     0B3C  1891               	btfsc	17,1	;volatile
  4602     0B3D  2B3F               	goto	u2331
  4603     0B3E  2B40               	goto	u2330
  4604     0B3F                     u2331:
  4605     0B3F  2B2B               	goto	l2729
  4606     0B40                     u2330:
  4607     0B40                     l2735:
  4608                           
  4609                           ;esd1.c: 233:     return 1;
  4610     0B40  3001               	movlw	1
  4611     0B41  00F2               	movwf	?_repeated_start
  4612     0B42  3000               	movlw	0
  4613     0B43  00F3               	movwf	?_repeated_start+1
  4614     0B44                     l193:
  4615     0B44  0008               	return
  4616     0B45                     __end_of_repeated_start:
  4617                           
  4618                           	psect	text15
  4619     0E5B                     __ptext15:	
  4620 ;; *************** function _read_byte *****************
  4621 ;; Defined at:
  4622 ;;		line 266 in file "esd1.c"
  4623 ;; Parameters:    Size  Location     Type
  4624 ;;  ack             1    wreg     unsigned char 
  4625 ;; Auto vars:     Size  Location     Type
  4626 ;;  ack             1    8[COMMON] unsigned char 
  4627 ;;  d               2    6[COMMON] int 
  4628 ;; Return value:  Size  Location     Type
  4629 ;;                  2    2[COMMON] int 
  4630 ;; Registers used:
  4631 ;;		wreg, status,2, status,0, pclath, cstack
  4632 ;; Tracked objects:
  4633 ;;		On entry : 0/0
  4634 ;;		On exit  : 0/0
  4635 ;;		Unchanged: 0/0
  4636 ;; Data sizes:     COMMON   BANK0   BANK1   BANK3   BANK2
  4637 ;;      Params:         2       0       0       0       0
  4638 ;;      Locals:         3       0       0       0       0
  4639 ;;      Temps:          2       0       0       0       0
  4640 ;;      Totals:         7       0       0       0       0
  4641 ;;Total ram usage:        7 bytes
  4642 ;; Hardware stack levels used: 1
  4643 ;; Hardware stack levels required when called: 1
  4644 ;; This function calls:
  4645 ;;		_wait_i2c_idle
  4646 ;; This function is called by:
  4647 ;;		_rtc_read
  4648 ;;		_read_temp_with_classification
  4649 ;;		_eeprom_read_byte
  4650 ;; This function uses a non-reentrant model
  4651 ;;
  4652                           
  4653     0E5B                     _read_byte:	
  4654                           ;psect for function _read_byte
  4655                           
  4656                           
  4657                           ;incstack = 0
  4658                           ; Regs used in _read_byte: [wreg+status,2+status,0+pclath+cstack]
  4659                           ;read_byte@ack stored from wreg
  4660     0E5B  00F8               	movwf	read_byte@ack
  4661     0E5C                     l2739:
  4662                           
  4663                           ;esd1.c: 266: int read_byte(unsigned char ack);esd1.c: 267: {;esd1.c: 268:     int d;;es
      +                          d1.c: 269:     if (!wait_i2c_idle()) return -1;
  4664     0E5C  120A  158A  21FF  120A  158A  	fcall	_wait_i2c_idle
  4665     0E61  0870               	movf	?_wait_i2c_idle,w
  4666     0E62  0471               	iorwf	?_wait_i2c_idle+1,w
  4667     0E63  1D03               	btfss	3,2
  4668     0E64  2E66               	goto	u2341
  4669     0E65  2E67               	goto	u2340
  4670     0E66                     u2341:
  4671     0E66  2E6C               	goto	l220
  4672     0E67                     u2340:
  4673     0E67                     l2741:
  4674     0E67  30FF               	movlw	255
  4675     0E68  00F2               	movwf	?_read_byte
  4676     0E69  30FF               	movlw	255
  4677     0E6A  00F3               	movwf	?_read_byte+1
  4678     0E6B  2EC0               	goto	l221
  4679     0E6C                     l220:
  4680                           
  4681                           ;esd1.c: 270:     RCEN = 1;
  4682     0E6C  1683               	bsf	3,5	;RP0=1, select bank1
  4683     0E6D  1303               	bcf	3,6	;RP1=0, select bank1
  4684     0E6E  1591               	bsf	17,3	;volatile
  4685     0E6F                     l2745:
  4686                           
  4687                           ;esd1.c: 271:     timeout_counter = 6000;
  4688     0E6F  3070               	movlw	112
  4689     0E70  1283               	bcf	3,5	;RP0=0, select bank0
  4690     0E71  1303               	bcf	3,6	;RP1=0, select bank0
  4691     0E72  00E4               	movwf	_timeout_counter
  4692     0E73  3017               	movlw	23
  4693     0E74  00E5               	movwf	_timeout_counter+1
  4694                           
  4695                           ;esd1.c: 272:     while (BF == 0)
  4696     0E75  2E85               	goto	l222
  4697     0E76                     l2747:
  4698                           
  4699                           ;esd1.c: 273:     {;esd1.c: 274:         if (--timeout_counter == 0) return -1;
  4700     0E76  30FF               	movlw	255
  4701     0E77  1283               	bcf	3,5	;RP0=0, select bank0
  4702     0E78  1303               	bcf	3,6	;RP1=0, select bank0
  4703     0E79  07E4               	addwf	_timeout_counter,f
  4704     0E7A  1803               	skipnc
  4705     0E7B  0AE5               	incf	_timeout_counter+1,f
  4706     0E7C  30FF               	movlw	255
  4707     0E7D  07E5               	addwf	_timeout_counter+1,f
  4708     0E7E  0864               	movf	_timeout_counter,w
  4709     0E7F  0465               	iorwf	_timeout_counter+1,w
  4710     0E80  1D03               	btfss	3,2
  4711     0E81  2E83               	goto	u2351
  4712     0E82  2E84               	goto	u2350
  4713     0E83                     u2351:
  4714     0E83  2E85               	goto	l222
  4715     0E84                     u2350:
  4716     0E84  2E67               	goto	l2741
  4717     0E85                     l222:	
  4718                           ;esd1.c: 275:     }
  4719                           
  4720                           
  4721                           ;esd1.c: 272:     while (BF == 0)
  4722     0E85  1683               	bsf	3,5	;RP0=1, select bank1
  4723     0E86  1303               	bcf	3,6	;RP1=0, select bank1
  4724     0E87  1C14               	btfss	20,0	;volatile
  4725     0E88  2E8A               	goto	u2361
  4726     0E89  2E8B               	goto	u2360
  4727     0E8A                     u2361:
  4728     0E8A  2E76               	goto	l2747
  4729     0E8B                     u2360:
  4730     0E8B                     l2753:
  4731                           
  4732                           ;esd1.c: 276:     d = SSPBUF;
  4733     0E8B  1283               	bcf	3,5	;RP0=0, select bank0
  4734     0E8C  1303               	bcf	3,6	;RP1=0, select bank0
  4735     0E8D  0813               	movf	19,w	;volatile
  4736     0E8E  00F4               	movwf	??_read_byte
  4737     0E8F  01F5               	clrf	??_read_byte+1
  4738     0E90  0874               	movf	??_read_byte,w
  4739     0E91  00F6               	movwf	read_byte@d
  4740     0E92  0875               	movf	??_read_byte+1,w
  4741     0E93  00F7               	movwf	read_byte@d+1
  4742     0E94                     l2755:
  4743                           
  4744                           ;esd1.c: 277:     ACKDT = ack ? 1 : 0;
  4745     0E94  0878               	movf	read_byte@ack,w
  4746     0E95  1D03               	btfss	3,2
  4747     0E96  2E98               	goto	u2371
  4748     0E97  2E9C               	goto	u2370
  4749     0E98                     u2371:
  4750     0E98  1683               	bsf	3,5	;RP0=1, select bank1
  4751     0E99  1303               	bcf	3,6	;RP1=0, select bank1
  4752     0E9A  1691               	bsf	17,5	;volatile
  4753     0E9B  2E9F               	goto	u2384
  4754     0E9C                     u2370:
  4755     0E9C  1683               	bsf	3,5	;RP0=1, select bank1
  4756     0E9D  1303               	bcf	3,6	;RP1=0, select bank1
  4757     0E9E  1291               	bcf	17,5	;volatile
  4758     0E9F                     u2384:
  4759     0E9F                     l2757:
  4760                           
  4761                           ;esd1.c: 278:     ACKEN = 1;
  4762     0E9F  1611               	bsf	17,4	;volatile
  4763     0EA0                     l2759:
  4764                           
  4765                           ;esd1.c: 279:     timeout_counter = 6000;
  4766     0EA0  3070               	movlw	112
  4767     0EA1  1283               	bcf	3,5	;RP0=0, select bank0
  4768     0EA2  1303               	bcf	3,6	;RP1=0, select bank0
  4769     0EA3  00E4               	movwf	_timeout_counter
  4770     0EA4  3017               	movlw	23
  4771     0EA5  00E5               	movwf	_timeout_counter+1
  4772                           
  4773                           ;esd1.c: 280:     while (ACKEN)
  4774     0EA6  2EB6               	goto	l226
  4775     0EA7                     l2761:
  4776                           
  4777                           ;esd1.c: 281:     {;esd1.c: 282:         if (--timeout_counter == 0) break;
  4778     0EA7  30FF               	movlw	255
  4779     0EA8  1283               	bcf	3,5	;RP0=0, select bank0
  4780     0EA9  1303               	bcf	3,6	;RP1=0, select bank0
  4781     0EAA  07E4               	addwf	_timeout_counter,f
  4782     0EAB  1803               	skipnc
  4783     0EAC  0AE5               	incf	_timeout_counter+1,f
  4784     0EAD  30FF               	movlw	255
  4785     0EAE  07E5               	addwf	_timeout_counter+1,f
  4786     0EAF  0864               	movf	_timeout_counter,w
  4787     0EB0  0465               	iorwf	_timeout_counter+1,w
  4788     0EB1  1D03               	btfss	3,2
  4789     0EB2  2EB4               	goto	u2391
  4790     0EB3  2EB5               	goto	u2390
  4791     0EB4                     u2391:
  4792     0EB4  2EB6               	goto	l226
  4793     0EB5                     u2390:
  4794     0EB5  2EBC               	goto	l2765
  4795     0EB6                     l226:	
  4796                           ;esd1.c: 283:     }
  4797                           
  4798                           
  4799                           ;esd1.c: 280:     while (ACKEN)
  4800     0EB6  1683               	bsf	3,5	;RP0=1, select bank1
  4801     0EB7  1303               	bcf	3,6	;RP1=0, select bank1
  4802     0EB8  1A11               	btfsc	17,4	;volatile
  4803     0EB9  2EBB               	goto	u2401
  4804     0EBA  2EBC               	goto	u2400
  4805     0EBB                     u2401:
  4806     0EBB  2EA7               	goto	l2761
  4807     0EBC                     u2400:
  4808     0EBC                     l2765:
  4809                           
  4810                           ;esd1.c: 284:     return d;
  4811     0EBC  0877               	movf	read_byte@d+1,w
  4812     0EBD  00F3               	movwf	?_read_byte+1
  4813     0EBE  0876               	movf	read_byte@d,w
  4814     0EBF  00F2               	movwf	?_read_byte
  4815     0EC0                     l221:
  4816     0EC0  0008               	return
  4817     0EC1                     __end_of_read_byte:
  4818                           
  4819                           	psect	text16
  4820     0EC1                     __ptext16:	
  4821 ;; *************** function ___awdiv *****************
  4822 ;; Defined at:
  4823 ;;		line 5 in file "C:\Program Files\Microchip\xc8\v2.40\pic\sources\c90\common\awdiv.c"
  4824 ;; Parameters:    Size  Location     Type
  4825 ;;  divisor         2    0[COMMON] int 
  4826 ;;  dividend        2    2[COMMON] int 
  4827 ;; Auto vars:     Size  Location     Type
  4828 ;;  quotient        2    7[COMMON] int 
  4829 ;;  sign            1    6[COMMON] unsigned char 
  4830 ;;  counter         1    5[COMMON] unsigned char 
  4831 ;; Return value:  Size  Location     Type
  4832 ;;                  2    0[COMMON] int 
  4833 ;; Registers used:
  4834 ;;		wreg, status,2, status,0
  4835 ;; Tracked objects:
  4836 ;;		On entry : 0/0
  4837 ;;		On exit  : 0/0
  4838 ;;		Unchanged: 0/0
  4839 ;; Data sizes:     COMMON   BANK0   BANK1   BANK3   BANK2
  4840 ;;      Params:         4       0       0       0       0
  4841 ;;      Locals:         4       0       0       0       0
  4842 ;;      Temps:          1       0       0       0       0
  4843 ;;      Totals:         9       0       0       0       0
  4844 ;;Total ram usage:        9 bytes
  4845 ;; Hardware stack levels used: 1
  4846 ;; This function calls:
  4847 ;;		Nothing
  4848 ;; This function is called by:
  4849 ;;		_read_temp_with_classification
  4850 ;;		_main
  4851 ;; This function uses a non-reentrant model
  4852 ;;
  4853                           
  4854     0EC1                     ___awdiv:	
  4855                           ;psect for function ___awdiv
  4856                           
  4857     0EC1                     l2859:	
  4858                           ;incstack = 0
  4859                           ; Regs used in ___awdiv: [wreg+status,2+status,0]
  4860                           
  4861     0EC1  01F6               	clrf	___awdiv@sign
  4862     0EC2                     l2861:
  4863     0EC2  1FF1               	btfss	___awdiv@divisor+1,7
  4864     0EC3  2EC5               	goto	u2491
  4865     0EC4  2EC6               	goto	u2490
  4866     0EC5                     u2491:
  4867     0EC5  2ECD               	goto	l2867
  4868     0EC6                     u2490:
  4869     0EC6                     l2863:
  4870     0EC6  09F0               	comf	___awdiv@divisor,f
  4871     0EC7  09F1               	comf	___awdiv@divisor+1,f
  4872     0EC8  0AF0               	incf	___awdiv@divisor,f
  4873     0EC9  1903               	skipnz
  4874     0ECA  0AF1               	incf	___awdiv@divisor+1,f
  4875     0ECB                     l2865:
  4876     0ECB  01F6               	clrf	___awdiv@sign
  4877     0ECC  0AF6               	incf	___awdiv@sign,f
  4878     0ECD                     l2867:
  4879     0ECD  1FF3               	btfss	___awdiv@dividend+1,7
  4880     0ECE  2ED0               	goto	u2501
  4881     0ECF  2ED1               	goto	u2500
  4882     0ED0                     u2501:
  4883     0ED0  2EDA               	goto	l2873
  4884     0ED1                     u2500:
  4885     0ED1                     l2869:
  4886     0ED1  09F2               	comf	___awdiv@dividend,f
  4887     0ED2  09F3               	comf	___awdiv@dividend+1,f
  4888     0ED3  0AF2               	incf	___awdiv@dividend,f
  4889     0ED4  1903               	skipnz
  4890     0ED5  0AF3               	incf	___awdiv@dividend+1,f
  4891     0ED6                     l2871:
  4892     0ED6  3001               	movlw	1
  4893     0ED7  00F4               	movwf	??___awdiv
  4894     0ED8  0874               	movf	??___awdiv,w
  4895     0ED9  06F6               	xorwf	___awdiv@sign,f
  4896     0EDA                     l2873:
  4897     0EDA  01F7               	clrf	___awdiv@quotient
  4898     0EDB  01F8               	clrf	___awdiv@quotient+1
  4899     0EDC                     l2875:
  4900     0EDC  0870               	movf	___awdiv@divisor,w
  4901     0EDD  0471               	iorwf	___awdiv@divisor+1,w
  4902     0EDE  1903               	btfsc	3,2
  4903     0EDF  2EE1               	goto	u2511
  4904     0EE0  2EE2               	goto	u2510
  4905     0EE1                     u2511:
  4906     0EE1  2F19               	goto	l2895
  4907     0EE2                     u2510:
  4908     0EE2                     l2877:
  4909     0EE2  01F5               	clrf	___awdiv@counter
  4910     0EE3  0AF5               	incf	___awdiv@counter,f
  4911     0EE4  2EF0               	goto	l2883
  4912     0EE5                     l2879:
  4913     0EE5  3001               	movlw	1
  4914     0EE6                     u2525:
  4915     0EE6  1003               	clrc
  4916     0EE7  0DF0               	rlf	___awdiv@divisor,f
  4917     0EE8  0DF1               	rlf	___awdiv@divisor+1,f
  4918     0EE9  3EFF               	addlw	-1
  4919     0EEA  1D03               	skipz
  4920     0EEB  2EE6               	goto	u2525
  4921     0EEC                     l2881:
  4922     0EEC  3001               	movlw	1
  4923     0EED  00F4               	movwf	??___awdiv
  4924     0EEE  0874               	movf	??___awdiv,w
  4925     0EEF  07F5               	addwf	___awdiv@counter,f
  4926     0EF0                     l2883:
  4927     0EF0  1FF1               	btfss	___awdiv@divisor+1,7
  4928     0EF1  2EF3               	goto	u2531
  4929     0EF2  2EF4               	goto	u2530
  4930     0EF3                     u2531:
  4931     0EF3  2EE5               	goto	l2879
  4932     0EF4                     u2530:
  4933     0EF4                     l2885:
  4934     0EF4  3001               	movlw	1
  4935     0EF5                     u2545:
  4936     0EF5  1003               	clrc
  4937     0EF6  0DF7               	rlf	___awdiv@quotient,f
  4938     0EF7  0DF8               	rlf	___awdiv@quotient+1,f
  4939     0EF8  3EFF               	addlw	-1
  4940     0EF9  1D03               	skipz
  4941     0EFA  2EF5               	goto	u2545
  4942     0EFB  0871               	movf	___awdiv@divisor+1,w
  4943     0EFC  0273               	subwf	___awdiv@dividend+1,w
  4944     0EFD  1D03               	skipz
  4945     0EFE  2F01               	goto	u2555
  4946     0EFF  0870               	movf	___awdiv@divisor,w
  4947     0F00  0272               	subwf	___awdiv@dividend,w
  4948     0F01                     u2555:
  4949     0F01  1C03               	skipc
  4950     0F02  2F04               	goto	u2551
  4951     0F03  2F05               	goto	u2550
  4952     0F04                     u2551:
  4953     0F04  2F0C               	goto	l2891
  4954     0F05                     u2550:
  4955     0F05                     l2887:
  4956     0F05  0870               	movf	___awdiv@divisor,w
  4957     0F06  02F2               	subwf	___awdiv@dividend,f
  4958     0F07  0871               	movf	___awdiv@divisor+1,w
  4959     0F08  1C03               	skipc
  4960     0F09  03F3               	decf	___awdiv@dividend+1,f
  4961     0F0A  02F3               	subwf	___awdiv@dividend+1,f
  4962     0F0B                     l2889:
  4963     0F0B  1477               	bsf	___awdiv@quotient,0
  4964     0F0C                     l2891:
  4965     0F0C  3001               	movlw	1
  4966     0F0D                     u2565:
  4967     0F0D  1003               	clrc
  4968     0F0E  0CF1               	rrf	___awdiv@divisor+1,f
  4969     0F0F  0CF0               	rrf	___awdiv@divisor,f
  4970     0F10  3EFF               	addlw	-1
  4971     0F11  1D03               	skipz
  4972     0F12  2F0D               	goto	u2565
  4973     0F13                     l2893:
  4974     0F13  3001               	movlw	1
  4975     0F14  02F5               	subwf	___awdiv@counter,f
  4976     0F15  1D03               	btfss	3,2
  4977     0F16  2F18               	goto	u2571
  4978     0F17  2F19               	goto	u2570
  4979     0F18                     u2571:
  4980     0F18  2EF4               	goto	l2885
  4981     0F19                     u2570:
  4982     0F19                     l2895:
  4983     0F19  0876               	movf	___awdiv@sign,w
  4984     0F1A  1903               	btfsc	3,2
  4985     0F1B  2F1D               	goto	u2581
  4986     0F1C  2F1E               	goto	u2580
  4987     0F1D                     u2581:
  4988     0F1D  2F23               	goto	l2899
  4989     0F1E                     u2580:
  4990     0F1E                     l2897:
  4991     0F1E  09F7               	comf	___awdiv@quotient,f
  4992     0F1F  09F8               	comf	___awdiv@quotient+1,f
  4993     0F20  0AF7               	incf	___awdiv@quotient,f
  4994     0F21  1903               	skipnz
  4995     0F22  0AF8               	incf	___awdiv@quotient+1,f
  4996     0F23                     l2899:
  4997     0F23  0878               	movf	___awdiv@quotient+1,w
  4998     0F24  00F1               	movwf	?___awdiv+1
  4999     0F25  0877               	movf	___awdiv@quotient,w
  5000     0F26  00F0               	movwf	?___awdiv
  5001     0F27                     l665:
  5002     0F27  0008               	return
  5003     0F28                     __end_of___awdiv:
  5004                           
  5005                           	psect	text17
  5006     0D3C                     __ptext17:	
  5007 ;; *************** function _handle_fault *****************
  5008 ;; Defined at:
  5009 ;;		line 609 in file "esd1.c"
  5010 ;; Parameters:    Size  Location     Type
  5011 ;;  fault_type      1    wreg     enum E1349
  5012 ;;  hour            1    3[BANK0 ] unsigned char 
  5013 ;;  minute          1    4[BANK0 ] unsigned char 
  5014 ;;  second          1    5[BANK0 ] unsigned char 
  5015 ;; Auto vars:     Size  Location     Type
  5016 ;;  fault_type      1    6[BANK0 ] enum E1349
  5017 ;; Return value:  Size  Location     Type
  5018 ;;                  1    wreg      void 
  5019 ;; Registers used:
  5020 ;;		wreg, fsr0l, fsr0h, status,2, status,0, btemp+1, pclath, cstack
  5021 ;; Tracked objects:
  5022 ;;		On entry : 0/0
  5023 ;;		On exit  : 0/0
  5024 ;;		Unchanged: 0/0
  5025 ;; Data sizes:     COMMON   BANK0   BANK1   BANK3   BANK2
  5026 ;;      Params:         0       3       0       0       0
  5027 ;;      Locals:         0       1       0       0       0
  5028 ;;      Temps:          2       0       0       0       0
  5029 ;;      Totals:         2       4       0       0       0
  5030 ;;Total ram usage:        6 bytes
  5031 ;; Hardware stack levels used: 1
  5032 ;; Hardware stack levels required when called: 4
  5033 ;; This function calls:
  5034 ;;		_busy_delay_ms
  5035 ;;		_print
  5036 ;; This function is called by:
  5037 ;;		_main
  5038 ;; This function uses a non-reentrant model
  5039 ;;
  5040                           
  5041     0D3C                     _handle_fault:	
  5042                           ;psect for function _handle_fault
  5043                           
  5044                           
  5045                           ;incstack = 0
  5046                           ; Regs used in _handle_fault: [wreg-fsr0h+status,2+status,0+btemp+1+pclath+cstack]
  5047                           ;handle_fault@fault_type stored from wreg
  5048     0D3C  1283               	bcf	3,5	;RP0=0, select bank0
  5049     0D3D  1303               	bcf	3,6	;RP1=0, select bank0
  5050     0D3E  00A6               	movwf	handle_fault@fault_type
  5051     0D3F                     l3245:
  5052                           
  5053                           ;esd1.c: 609: void handle_fault(fault_type_t fault_type, unsigned char hour, unsigned ch
      +                          ar minute, unsigned char second);esd1.c: 610: {;esd1.c: 612:     switch (fault_type) {
  5054     0D3F  2D77               	goto	l3259
  5055     0D40                     l3247:
  5056                           
  5057                           ;esd1.c: 614:             print(0xC0, "Status:SDA STUCK");
  5058     0D40  305D               	movlw	(low ((STR_8-__stringbase)| (0+32768)))& (0+255)
  5059     0D41  00F7               	movwf	print@ptr
  5060     0D42  3080               	movlw	128
  5061     0D43  00F8               	movwf	print@ptr+1
  5062     0D44  30C0               	movlw	192
  5063     0D45  120A  158A  2488  120A  158A  	fcall	_print
  5064                           
  5065                           ;esd1.c: 615:             break;
  5066     0D4A  2D8D               	goto	l3261
  5067     0D4B                     l3249:
  5068                           
  5069                           ;esd1.c: 617:             print(0xC0, "Status:SCL STUCK");
  5070     0D4B  306E               	movlw	(low ((STR_9-__stringbase)| (0+32768)))& (0+255)
  5071     0D4C  00F7               	movwf	print@ptr
  5072     0D4D  3080               	movlw	128
  5073     0D4E  00F8               	movwf	print@ptr+1
  5074     0D4F  30C0               	movlw	192
  5075     0D50  120A  158A  2488  120A  158A  	fcall	_print
  5076                           
  5077                           ;esd1.c: 618:             break;
  5078     0D55  2D8D               	goto	l3261
  5079     0D56                     l3251:
  5080                           
  5081                           ;esd1.c: 620:             print(0xC0, "Status:NACK     ");
  5082     0D56  302A               	movlw	(low ((STR_10-__stringbase)| (0+32768)))& (0+255)
  5083     0D57  00F7               	movwf	print@ptr
  5084     0D58  3080               	movlw	128
  5085     0D59  00F8               	movwf	print@ptr+1
  5086     0D5A  30C0               	movlw	192
  5087     0D5B  120A  158A  2488  120A  158A  	fcall	_print
  5088                           
  5089                           ;esd1.c: 621:             break;
  5090     0D60  2D8D               	goto	l3261
  5091     0D61                     l3253:
  5092                           
  5093                           ;esd1.c: 623:             print(0xC0, "Status:TIMEOUT  ");
  5094     0D61  304C               	movlw	(low ((STR_11-__stringbase)| (0+32768)))& (0+255)
  5095     0D62  00F7               	movwf	print@ptr
  5096     0D63  3080               	movlw	128
  5097     0D64  00F8               	movwf	print@ptr+1
  5098     0D65  30C0               	movlw	192
  5099     0D66  120A  158A  2488  120A  158A  	fcall	_print
  5100                           
  5101                           ;esd1.c: 624:             break;
  5102     0D6B  2D8D               	goto	l3261
  5103     0D6C                     l3255:
  5104                           
  5105                           ;esd1.c: 626:             print(0xC0, "Status:UNKNOWN  ");
  5106     0D6C  303B               	movlw	(low ((STR_12-__stringbase)| (0+32768)))& (0+255)
  5107     0D6D  00F7               	movwf	print@ptr
  5108     0D6E  3080               	movlw	128
  5109     0D6F  00F8               	movwf	print@ptr+1
  5110     0D70  30C0               	movlw	192
  5111     0D71  120A  158A  2488  120A  158A  	fcall	_print
  5112                           
  5113                           ;esd1.c: 627:             break;
  5114     0D76  2D8D               	goto	l3261
  5115     0D77                     l3259:
  5116     0D77  0826               	movf	handle_fault@fault_type,w
  5117     0D78  00FC               	movwf	??_handle_fault
  5118     0D79  01FD               	clrf	??_handle_fault+1
  5119                           
  5120                           ; Switch on 2 bytes has been partitioned into a top level switch of size 1, and 1 sub-sw
      +                          itches
  5121                           ; Switch size 1, requested type "simple"
  5122                           ; Number of cases is 1, Range of values is 0 to 0
  5123                           ; switch strategies available:
  5124                           ; Name         Instructions Cycles
  5125                           ; simple_byte            4     3 (average)
  5126                           ; direct_byte           11     8 (fixed)
  5127                           ; jumptable            260     6 (fixed)
  5128                           ;	Chosen strategy is simple_byte
  5129     0D7A  087D               	movf	??_handle_fault+1,w
  5130     0D7B  3A00               	xorlw	0	; case 0
  5131     0D7C  1903               	skipnz
  5132     0D7D  2D7F               	goto	l3601
  5133     0D7E  2D6C               	goto	l3255
  5134     0D7F                     l3601:
  5135                           
  5136                           ; Switch size 1, requested type "simple"
  5137                           ; Number of cases is 4, Range of values is 1 to 4
  5138                           ; switch strategies available:
  5139                           ; Name         Instructions Cycles
  5140                           ; simple_byte           13     7 (average)
  5141                           ; direct_byte           23    11 (fixed)
  5142                           ; jumptable            263     9 (fixed)
  5143                           ;	Chosen strategy is simple_byte
  5144     0D7F  087C               	movf	??_handle_fault,w
  5145     0D80  3A01               	xorlw	1	; case 1
  5146     0D81  1903               	skipnz
  5147     0D82  2D40               	goto	l3247
  5148     0D83  3A03               	xorlw	3	; case 2
  5149     0D84  1903               	skipnz
  5150     0D85  2D4B               	goto	l3249
  5151     0D86  3A01               	xorlw	1	; case 3
  5152     0D87  1903               	skipnz
  5153     0D88  2D56               	goto	l3251
  5154     0D89  3A07               	xorlw	7	; case 4
  5155     0D8A  1903               	skipnz
  5156     0D8B  2D61               	goto	l3253
  5157     0D8C  2D6C               	goto	l3255
  5158     0D8D                     l3261:
  5159                           
  5160                           ;esd1.c: 629:     busy_delay_ms(2000);
  5161     0D8D  30D0               	movlw	208
  5162     0D8E  00F0               	movwf	busy_delay_ms@ms
  5163     0D8F  3007               	movlw	7
  5164     0D90  00F1               	movwf	busy_delay_ms@ms+1
  5165     0D91  120A  158A  2153  120A  158A  	fcall	_busy_delay_ms
  5166     0D96                     l337:
  5167     0D96  0008               	return
  5168     0D97                     __end_of_handle_fault:
  5169                           
  5170                           	psect	text18
  5171     0C3B                     __ptext18:	
  5172 ;; *************** function _flush_internal_eeprom_fault *****************
  5173 ;; Defined at:
  5174 ;;		line 476 in file "esd1.c"
  5175 ;; Parameters:    Size  Location     Type
  5176 ;;		None
  5177 ;; Auto vars:     Size  Location     Type
  5178 ;;  second          1    8[BANK0 ] unsigned char 
  5179 ;;  minute          1    7[BANK0 ] unsigned char 
  5180 ;;  hour            1    6[BANK0 ] unsigned char 
  5181 ;;  fault_type      1    5[BANK0 ] unsigned char 
  5182 ;; Return value:  Size  Location     Type
  5183 ;;                  2  297[None  ] int 
  5184 ;; Registers used:
  5185 ;;		wreg, status,2, status,0, pclath, cstack
  5186 ;; Tracked objects:
  5187 ;;		On entry : 0/0
  5188 ;;		On exit  : 0/0
  5189 ;;		Unchanged: 0/0
  5190 ;; Data sizes:     COMMON   BANK0   BANK1   BANK3   BANK2
  5191 ;;      Params:         0       0       0       0       0
  5192 ;;      Locals:         0       4       0       0       0
  5193 ;;      Temps:          0       0       0       0       0
  5194 ;;      Totals:         0       4       0       0       0
  5195 ;;Total ram usage:        4 bytes
  5196 ;; Hardware stack levels used: 1
  5197 ;; Hardware stack levels required when called: 4
  5198 ;; This function calls:
  5199 ;;		_internal_eeprom_read
  5200 ;;		_internal_eeprom_write
  5201 ;;		_log_fault
  5202 ;; This function is called by:
  5203 ;;		_main
  5204 ;; This function uses a non-reentrant model
  5205 ;;
  5206                           
  5207     0C3B                     _flush_internal_eeprom_fault:	
  5208                           ;psect for function _flush_internal_eeprom_fault
  5209                           
  5210     0C3B                     l3097:	
  5211                           ;incstack = 0
  5212                           ; Regs used in _flush_internal_eeprom_fault: [wreg+status,2+status,0+pclath+cstack]
  5213                           
  5214                           
  5215                           ;esd1.c: 478:     unsigned char fault_type;;esd1.c: 479:     unsigned char hour;;esd1.c:
      +                           480:     unsigned char minute;;esd1.c: 481:     unsigned char second;;esd1.c: 483:     
      +                          if (internal_eeprom_read(4) != 1) {
  5216     0C3B  3004               	movlw	4
  5217     0C3C  120A  158A  20CA  120A  158A  	fcall	_internal_eeprom_read
  5218     0C41  3A01               	xorlw	1
  5219     0C42  1903               	skipnz
  5220     0C43  2C45               	goto	u2771
  5221     0C44  2C46               	goto	u2770
  5222     0C45                     u2771:
  5223     0C45  2C47               	goto	l3101
  5224     0C46                     u2770:
  5225     0C46  2C87               	goto	l299
  5226     0C47                     l3101:
  5227                           
  5228                           ;esd1.c: 487:     fault_type = internal_eeprom_read(0);
  5229     0C47  3000               	movlw	0
  5230     0C48  120A  158A  20CA  120A  158A  	fcall	_internal_eeprom_read
  5231     0C4D  1283               	bcf	3,5	;RP0=0, select bank0
  5232     0C4E  1303               	bcf	3,6	;RP1=0, select bank0
  5233     0C4F  00A5               	movwf	flush_internal_eeprom_fault@fault_type
  5234                           
  5235                           ;esd1.c: 488:     hour = internal_eeprom_read(0 + 1);
  5236     0C50  3001               	movlw	1
  5237     0C51  120A  158A  20CA  120A  158A  	fcall	_internal_eeprom_read
  5238     0C56  1283               	bcf	3,5	;RP0=0, select bank0
  5239     0C57  1303               	bcf	3,6	;RP1=0, select bank0
  5240     0C58  00A6               	movwf	flush_internal_eeprom_fault@hour
  5241                           
  5242                           ;esd1.c: 489:     minute = internal_eeprom_read(0 + 2);
  5243     0C59  3002               	movlw	2
  5244     0C5A  120A  158A  20CA  120A  158A  	fcall	_internal_eeprom_read
  5245     0C5F  1283               	bcf	3,5	;RP0=0, select bank0
  5246     0C60  1303               	bcf	3,6	;RP1=0, select bank0
  5247     0C61  00A7               	movwf	flush_internal_eeprom_fault@minute
  5248                           
  5249                           ;esd1.c: 490:     second = internal_eeprom_read(0 + 3);
  5250     0C62  3003               	movlw	3
  5251     0C63  120A  158A  20CA  120A  158A  	fcall	_internal_eeprom_read
  5252     0C68  1283               	bcf	3,5	;RP0=0, select bank0
  5253     0C69  1303               	bcf	3,6	;RP1=0, select bank0
  5254     0C6A  00A8               	movwf	flush_internal_eeprom_fault@second
  5255     0C6B                     l3103:
  5256                           
  5257                           ;esd1.c: 492:     if (log_fault(fault_type, hour, minute, second)) {
  5258     0C6B  0826               	movf	flush_internal_eeprom_fault@hour,w
  5259     0C6C  00FA               	movwf	log_fault@hour
  5260     0C6D  0827               	movf	flush_internal_eeprom_fault@minute,w
  5261     0C6E  00FB               	movwf	log_fault@minute
  5262     0C6F  0828               	movf	flush_internal_eeprom_fault@second,w
  5263     0C70  00FC               	movwf	log_fault@second
  5264     0C71  0825               	movf	flush_internal_eeprom_fault@fault_type,w
  5265     0C72  120A  118A  210A  120A  158A  	fcall	_log_fault
  5266     0C77  087A               	movf	?_log_fault,w
  5267     0C78  047B               	iorwf	?_log_fault+1,w
  5268     0C79  1903               	btfsc	3,2
  5269     0C7A  2C7C               	goto	u2781
  5270     0C7B  2C7D               	goto	u2780
  5271     0C7C                     u2781:
  5272     0C7C  2C87               	goto	l299
  5273     0C7D                     u2780:
  5274     0C7D                     l3105:
  5275                           
  5276                           ;esd1.c: 493:         internal_eeprom_write(4, 0);
  5277     0C7D  01F0               	clrf	internal_eeprom_write@data
  5278     0C7E  3004               	movlw	4
  5279     0C7F  120A  158A  219F  120A  158A  	fcall	_internal_eeprom_write
  5280     0C84                     l3107:
  5281                           
  5282                           ;esd1.c: 494:         fault_uart_sent = 0;
  5283     0C84  1283               	bcf	3,5	;RP0=0, select bank0
  5284     0C85  1303               	bcf	3,6	;RP1=0, select bank0
  5285     0C86  01EA               	clrf	_fault_uart_sent
  5286     0C87                     l299:
  5287     0C87  0008               	return
  5288     0C88                     __end_of_flush_internal_eeprom_fault:
  5289                           
  5290                           	psect	text19
  5291     010A                     __ptext19:	
  5292 ;; *************** function _log_fault *****************
  5293 ;; Defined at:
  5294 ;;		line 502 in file "esd1.c"
  5295 ;; Parameters:    Size  Location     Type
  5296 ;;  fault_type      1    wreg     unsigned char 
  5297 ;;  hour            1   10[COMMON] unsigned char 
  5298 ;;  minute          1   11[COMMON] unsigned char 
  5299 ;;  second          1   12[COMMON] unsigned char 
  5300 ;; Auto vars:     Size  Location     Type
  5301 ;;  fault_type      1    2[BANK0 ] unsigned char 
  5302 ;;  addr            2    3[BANK0 ] unsigned int 
  5303 ;; Return value:  Size  Location     Type
  5304 ;;                  2   10[COMMON] int 
  5305 ;; Registers used:
  5306 ;;		wreg, status,2, status,0, pclath, cstack
  5307 ;; Tracked objects:
  5308 ;;		On entry : 0/0
  5309 ;;		On exit  : 0/0
  5310 ;;		Unchanged: 0/0
  5311 ;; Data sizes:     COMMON   BANK0   BANK1   BANK3   BANK2
  5312 ;;      Params:         3       0       0       0       0
  5313 ;;      Locals:         0       3       0       0       0
  5314 ;;      Temps:          0       2       0       0       0
  5315 ;;      Totals:         3       5       0       0       0
  5316 ;;Total ram usage:        8 bytes
  5317 ;; Hardware stack levels used: 1
  5318 ;; Hardware stack levels required when called: 3
  5319 ;; This function calls:
  5320 ;;		_eeprom_write_byte
  5321 ;;		_save_log_state
  5322 ;; This function is called by:
  5323 ;;		_flush_internal_eeprom_fault
  5324 ;;		_main
  5325 ;; This function uses a non-reentrant model
  5326 ;;
  5327                           
  5328     010A                     _log_fault:	
  5329                           ;psect for function _log_fault
  5330                           
  5331                           
  5332                           ;incstack = 0
  5333                           ; Regs used in _log_fault: [wreg+status,2+status,0+pclath+cstack]
  5334                           ;log_fault@fault_type stored from wreg
  5335     010A  1283               	bcf	3,5	;RP0=0, select bank0
  5336     010B  1303               	bcf	3,6	;RP1=0, select bank0
  5337     010C  00A2               	movwf	log_fault@fault_type
  5338     010D                     l2799:
  5339                           
  5340                           ;esd1.c: 502: int log_fault(unsigned char fault_type, unsigned char hour, unsigned char 
      +                          minute, unsigned char second);esd1.c: 503: {;esd1.c: 504:     unsigned int addr = write_
      +                          index * 4;
  5341     010D  0863               	movf	_write_index+1,w
  5342     010E  00A1               	movwf	??_log_fault+1
  5343     010F  0862               	movf	_write_index,w
  5344     0110  00A0               	movwf	??_log_fault
  5345     0111  1003               	clrc
  5346     0112  0DA0               	rlf	??_log_fault,f
  5347     0113  0DA1               	rlf	??_log_fault+1,f
  5348     0114  1003               	clrc
  5349     0115  0DA0               	rlf	??_log_fault,f
  5350     0116  0DA1               	rlf	??_log_fault+1,f
  5351     0117  0820               	movf	??_log_fault,w
  5352     0118  00A3               	movwf	log_fault@addr
  5353     0119  0821               	movf	??_log_fault+1,w
  5354     011A  00A4               	movwf	log_fault@addr+1
  5355     011B                     l2801:
  5356                           
  5357                           ;esd1.c: 505:     if (!eeprom_write_byte(addr, fault_type)) return 0;
  5358     011B  0824               	movf	log_fault@addr+1,w
  5359     011C  00F6               	movwf	eeprom_write_byte@addr+1
  5360     011D  0823               	movf	log_fault@addr,w
  5361     011E  00F5               	movwf	eeprom_write_byte@addr
  5362     011F  0822               	movf	log_fault@fault_type,w
  5363     0120  00F7               	movwf	eeprom_write_byte@data
  5364     0121  120A  158A  2597  120A  118A  	fcall	_eeprom_write_byte
  5365     0126  0875               	movf	?_eeprom_write_byte,w
  5366     0127  0476               	iorwf	?_eeprom_write_byte+1,w
  5367     0128  1D03               	btfss	3,2
  5368     0129  292B               	goto	u2411
  5369     012A  292C               	goto	u2410
  5370     012B                     u2411:
  5371     012B  292F               	goto	l2807
  5372     012C                     u2410:
  5373     012C                     l2803:
  5374     012C  01FA               	clrf	?_log_fault
  5375     012D  01FB               	clrf	?_log_fault+1
  5376     012E  29CA               	goto	l304
  5377     012F                     l2807:
  5378                           
  5379                           ;esd1.c: 506:     _delay((unsigned long)((5)*(8000000/4000.0)));
  5380     012F  300D               	movlw	13
  5381     0130  1283               	bcf	3,5	;RP0=0, select bank0
  5382     0131  1303               	bcf	3,6	;RP1=0, select bank0
  5383     0132  00A1               	movwf	??_log_fault+1
  5384     0133  30FB               	movlw	251
  5385     0134  00A0               	movwf	??_log_fault
  5386     0135                     u3217:
  5387     0135  0BA0               	decfsz	??_log_fault,f
  5388     0136  2935               	goto	u3217
  5389     0137  0BA1               	decfsz	??_log_fault+1,f
  5390     0138  2935               	goto	u3217
  5391     0139                     l2809:
  5392                           
  5393                           ;esd1.c: 507:     if (!eeprom_write_byte(addr + 1, hour)) return 0;
  5394     0139  1283               	bcf	3,5	;RP0=0, select bank0
  5395     013A  1303               	bcf	3,6	;RP1=0, select bank0
  5396     013B  0823               	movf	log_fault@addr,w
  5397     013C  3E01               	addlw	1
  5398     013D  00F5               	movwf	eeprom_write_byte@addr
  5399     013E  0824               	movf	log_fault@addr+1,w
  5400     013F  1803               	skipnc
  5401     0140  3E01               	addlw	1
  5402     0141  3E00               	addlw	0
  5403     0142  00F6               	movwf	eeprom_write_byte@addr+1
  5404     0143  087A               	movf	log_fault@hour,w
  5405     0144  00F7               	movwf	eeprom_write_byte@data
  5406     0145  120A  158A  2597  120A  118A  	fcall	_eeprom_write_byte
  5407     014A  0875               	movf	?_eeprom_write_byte,w
  5408     014B  0476               	iorwf	?_eeprom_write_byte+1,w
  5409     014C  1D03               	btfss	3,2
  5410     014D  294F               	goto	u2421
  5411     014E  2950               	goto	u2420
  5412     014F                     u2421:
  5413     014F  2951               	goto	l2815
  5414     0150                     u2420:
  5415     0150  292C               	goto	l2803
  5416     0151                     l2815:
  5417                           
  5418                           ;esd1.c: 508:     _delay((unsigned long)((5)*(8000000/4000.0)));
  5419     0151  300D               	movlw	13
  5420     0152  1283               	bcf	3,5	;RP0=0, select bank0
  5421     0153  1303               	bcf	3,6	;RP1=0, select bank0
  5422     0154  00A1               	movwf	??_log_fault+1
  5423     0155  30FB               	movlw	251
  5424     0156  00A0               	movwf	??_log_fault
  5425     0157                     u3227:
  5426     0157  0BA0               	decfsz	??_log_fault,f
  5427     0158  2957               	goto	u3227
  5428     0159  0BA1               	decfsz	??_log_fault+1,f
  5429     015A  2957               	goto	u3227
  5430     015B                     l2817:
  5431                           
  5432                           ;esd1.c: 509:     if (!eeprom_write_byte(addr + 2, minute)) return 0;
  5433     015B  1283               	bcf	3,5	;RP0=0, select bank0
  5434     015C  1303               	bcf	3,6	;RP1=0, select bank0
  5435     015D  0823               	movf	log_fault@addr,w
  5436     015E  3E02               	addlw	2
  5437     015F  00F5               	movwf	eeprom_write_byte@addr
  5438     0160  0824               	movf	log_fault@addr+1,w
  5439     0161  1803               	skipnc
  5440     0162  3E01               	addlw	1
  5441     0163  3E00               	addlw	0
  5442     0164  00F6               	movwf	eeprom_write_byte@addr+1
  5443     0165  087B               	movf	log_fault@minute,w
  5444     0166  00F7               	movwf	eeprom_write_byte@data
  5445     0167  120A  158A  2597  120A  118A  	fcall	_eeprom_write_byte
  5446     016C  0875               	movf	?_eeprom_write_byte,w
  5447     016D  0476               	iorwf	?_eeprom_write_byte+1,w
  5448     016E  1D03               	btfss	3,2
  5449     016F  2971               	goto	u2431
  5450     0170  2972               	goto	u2430
  5451     0171                     u2431:
  5452     0171  2973               	goto	l2823
  5453     0172                     u2430:
  5454     0172  292C               	goto	l2803
  5455     0173                     l2823:
  5456                           
  5457                           ;esd1.c: 510:     _delay((unsigned long)((5)*(8000000/4000.0)));
  5458     0173  300D               	movlw	13
  5459     0174  1283               	bcf	3,5	;RP0=0, select bank0
  5460     0175  1303               	bcf	3,6	;RP1=0, select bank0
  5461     0176  00A1               	movwf	??_log_fault+1
  5462     0177  30FB               	movlw	251
  5463     0178  00A0               	movwf	??_log_fault
  5464     0179                     u3237:
  5465     0179  0BA0               	decfsz	??_log_fault,f
  5466     017A  2979               	goto	u3237
  5467     017B  0BA1               	decfsz	??_log_fault+1,f
  5468     017C  2979               	goto	u3237
  5469     017D                     l2825:
  5470                           
  5471                           ;esd1.c: 511:     if (!eeprom_write_byte(addr + 3, second)) return 0;
  5472     017D  1283               	bcf	3,5	;RP0=0, select bank0
  5473     017E  1303               	bcf	3,6	;RP1=0, select bank0
  5474     017F  0823               	movf	log_fault@addr,w
  5475     0180  3E03               	addlw	3
  5476     0181  00F5               	movwf	eeprom_write_byte@addr
  5477     0182  0824               	movf	log_fault@addr+1,w
  5478     0183  1803               	skipnc
  5479     0184  3E01               	addlw	1
  5480     0185  3E00               	addlw	0
  5481     0186  00F6               	movwf	eeprom_write_byte@addr+1
  5482     0187  087C               	movf	log_fault@second,w
  5483     0188  00F7               	movwf	eeprom_write_byte@data
  5484     0189  120A  158A  2597  120A  118A  	fcall	_eeprom_write_byte
  5485     018E  0875               	movf	?_eeprom_write_byte,w
  5486     018F  0476               	iorwf	?_eeprom_write_byte+1,w
  5487     0190  1D03               	btfss	3,2
  5488     0191  2993               	goto	u2441
  5489     0192  2994               	goto	u2440
  5490     0193                     u2441:
  5491     0193  2995               	goto	l2831
  5492     0194                     u2440:
  5493     0194  292C               	goto	l2803
  5494     0195                     l2831:
  5495                           
  5496                           ;esd1.c: 512:     _delay((unsigned long)((5)*(8000000/4000.0)));
  5497     0195  300D               	movlw	13
  5498     0196  1283               	bcf	3,5	;RP0=0, select bank0
  5499     0197  1303               	bcf	3,6	;RP1=0, select bank0
  5500     0198  00A1               	movwf	??_log_fault+1
  5501     0199  30FB               	movlw	251
  5502     019A  00A0               	movwf	??_log_fault
  5503     019B                     u3247:
  5504     019B  0BA0               	decfsz	??_log_fault,f
  5505     019C  299B               	goto	u3247
  5506     019D  0BA1               	decfsz	??_log_fault+1,f
  5507     019E  299B               	goto	u3247
  5508                           
  5509                           ;esd1.c: 514:     write_index++;
  5510     019F  3001               	movlw	1
  5511     01A0  1283               	bcf	3,5	;RP0=0, select bank0
  5512     01A1  1303               	bcf	3,6	;RP1=0, select bank0
  5513     01A2  07E2               	addwf	_write_index,f
  5514     01A3  1803               	skipnc
  5515     01A4  0AE3               	incf	_write_index+1,f
  5516     01A5  3000               	movlw	0
  5517     01A6  07E3               	addwf	_write_index+1,f
  5518                           
  5519                           ;esd1.c: 515:     if (write_index >= 256) write_index = 0;
  5520     01A7  3001               	movlw	1
  5521     01A8  0263               	subwf	_write_index+1,w
  5522     01A9  3000               	movlw	0
  5523     01AA  1903               	skipnz
  5524     01AB  0262               	subwf	_write_index,w
  5525     01AC  1C03               	skipc
  5526     01AD  29AF               	goto	u2451
  5527     01AE  29B0               	goto	u2450
  5528     01AF                     u2451:
  5529     01AF  29B2               	goto	l2835
  5530     01B0                     u2450:
  5531     01B0                     l2833:
  5532     01B0  01E2               	clrf	_write_index
  5533     01B1  01E3               	clrf	_write_index+1
  5534     01B2                     l2835:
  5535                           
  5536                           ;esd1.c: 516:     if (log_count < 256) log_count++;
  5537     01B2  3001               	movlw	1
  5538     01B3  0261               	subwf	_log_count+1,w
  5539     01B4  3000               	movlw	0
  5540     01B5  1903               	skipnz
  5541     01B6  0260               	subwf	_log_count,w
  5542     01B7  1803               	skipnc
  5543     01B8  29BA               	goto	u2461
  5544     01B9  29BB               	goto	u2460
  5545     01BA                     u2461:
  5546     01BA  29C1               	goto	l2839
  5547     01BB                     u2460:
  5548     01BB                     l2837:
  5549     01BB  3001               	movlw	1
  5550     01BC  07E0               	addwf	_log_count,f
  5551     01BD  1803               	skipnc
  5552     01BE  0AE1               	incf	_log_count+1,f
  5553     01BF  3000               	movlw	0
  5554     01C0  07E1               	addwf	_log_count+1,f
  5555     01C1                     l2839:
  5556                           
  5557                           ;esd1.c: 519:     save_log_state();
  5558     01C1  120A  158A  227E  120A  118A  	fcall	_save_log_state
  5559     01C6                     l2841:
  5560                           
  5561                           ;esd1.c: 521:     return 1;
  5562     01C6  3001               	movlw	1
  5563     01C7  00FA               	movwf	?_log_fault
  5564     01C8  3000               	movlw	0
  5565     01C9  00FB               	movwf	?_log_fault+1
  5566     01CA                     l304:
  5567     01CA  0008               	return
  5568     01CB                     __end_of_log_fault:
  5569                           
  5570                           	psect	text20
  5571     0D97                     __ptext20:	
  5572 ;; *************** function _eeprom_write_byte *****************
  5573 ;; Defined at:
  5574 ;;		line 367 in file "esd1.c"
  5575 ;; Parameters:    Size  Location     Type
  5576 ;;  addr            2    5[COMMON] unsigned int 
  5577 ;;  data            1    7[COMMON] unsigned char 
  5578 ;; Auto vars:     Size  Location     Type
  5579 ;;		None
  5580 ;; Return value:  Size  Location     Type
  5581 ;;                  2    5[COMMON] int 
  5582 ;; Registers used:
  5583 ;;		wreg, status,2, status,0, pclath, cstack
  5584 ;; Tracked objects:
  5585 ;;		On entry : 0/0
  5586 ;;		On exit  : 0/0
  5587 ;;		Unchanged: 0/0
  5588 ;; Data sizes:     COMMON   BANK0   BANK1   BANK3   BANK2
  5589 ;;      Params:         3       0       0       0       0
  5590 ;;      Locals:         0       0       0       0       0
  5591 ;;      Temps:          2       0       0       0       0
  5592 ;;      Totals:         5       0       0       0       0
  5593 ;;Total ram usage:        5 bytes
  5594 ;; Hardware stack levels used: 1
  5595 ;; Hardware stack levels required when called: 2
  5596 ;; This function calls:
  5597 ;;		_address
  5598 ;;		_start
  5599 ;;		_stop
  5600 ;;		_write
  5601 ;; This function is called by:
  5602 ;;		_log_fault
  5603 ;; This function uses a non-reentrant model
  5604 ;;
  5605                           
  5606     0D97                     _eeprom_write_byte:	
  5607                           ;psect for function _eeprom_write_byte
  5608                           
  5609     0D97                     l2445:	
  5610                           ;incstack = 0
  5611                           ; Regs used in _eeprom_write_byte: [wreg+status,2+status,0+pclath+cstack]
  5612                           
  5613                           
  5614                           ;esd1.c: 367: int eeprom_write_byte(unsigned int addr, unsigned char data);esd1.c: 368: 
      +                          {;esd1.c: 369:     if (!start()) return 0;
  5615     0D97  120A  158A  22AF  120A  158A  	fcall	_start
  5616     0D9C  0872               	movf	?_start,w
  5617     0D9D  0473               	iorwf	?_start+1,w
  5618     0D9E  1D03               	btfss	3,2
  5619     0D9F  2DA1               	goto	u1841
  5620     0DA0  2DA2               	goto	u1840
  5621     0DA1                     u1841:
  5622     0DA1  2DA5               	goto	l2451
  5623     0DA2                     u1840:
  5624     0DA2                     l2447:
  5625     0DA2  01F5               	clrf	?_eeprom_write_byte
  5626     0DA3  01F6               	clrf	?_eeprom_write_byte+1
  5627     0DA4  2DF7               	goto	l254
  5628     0DA5                     l2451:
  5629                           
  5630                           ;esd1.c: 370:     if (!address(0xA0)) { stop(); return 0; }
  5631     0DA5  30A0               	movlw	160
  5632     0DA6  120A  158A  2228  120A  158A  	fcall	_address
  5633     0DAB  0872               	movf	?_address,w
  5634     0DAC  0473               	iorwf	?_address+1,w
  5635     0DAD  1D03               	btfss	3,2
  5636     0DAE  2DB0               	goto	u1851
  5637     0DAF  2DB1               	goto	u1850
  5638     0DB0                     u1851:
  5639     0DB0  2DB7               	goto	l2459
  5640     0DB1                     u1850:
  5641     0DB1                     l2453:
  5642     0DB1  120A  158A  22E1  120A  158A  	fcall	_stop
  5643     0DB6  2DA2               	goto	l2447
  5644     0DB7                     l2459:
  5645                           
  5646                           ;esd1.c: 371:     if (!write(addr >> 8)) { stop(); return 0; }
  5647     0DB7  0876               	movf	eeprom_write_byte@addr+1,w
  5648     0DB8  120A  158A  2253  120A  158A  	fcall	_write
  5649     0DBD  0872               	movf	?_write,w
  5650     0DBE  0473               	iorwf	?_write+1,w
  5651     0DBF  1D03               	btfss	3,2
  5652     0DC0  2DC2               	goto	u1861
  5653     0DC1  2DC3               	goto	u1860
  5654     0DC2                     u1861:
  5655     0DC2  2DC4               	goto	l2467
  5656     0DC3                     u1860:
  5657     0DC3  2DB1               	goto	l2453
  5658     0DC4                     l2467:
  5659                           
  5660                           ;esd1.c: 372:     if (!write(addr & 0xFF)) { stop(); return 0; }
  5661     0DC4  0875               	movf	eeprom_write_byte@addr,w
  5662     0DC5  120A  158A  2253  120A  158A  	fcall	_write
  5663     0DCA  0872               	movf	?_write,w
  5664     0DCB  0473               	iorwf	?_write+1,w
  5665     0DCC  1D03               	btfss	3,2
  5666     0DCD  2DCF               	goto	u1871
  5667     0DCE  2DD0               	goto	u1870
  5668     0DCF                     u1871:
  5669     0DCF  2DD1               	goto	l2475
  5670     0DD0                     u1870:
  5671     0DD0  2DB1               	goto	l2453
  5672     0DD1                     l2475:
  5673                           
  5674                           ;esd1.c: 373:     if (!write(data)) { stop(); return 0; }
  5675     0DD1  0877               	movf	eeprom_write_byte@data,w
  5676     0DD2  120A  158A  2253  120A  158A  	fcall	_write
  5677     0DD7  0872               	movf	?_write,w
  5678     0DD8  0473               	iorwf	?_write+1,w
  5679     0DD9  1D03               	btfss	3,2
  5680     0DDA  2DDC               	goto	u1881
  5681     0DDB  2DDD               	goto	u1880
  5682     0DDC                     u1881:
  5683     0DDC  2DDE               	goto	l2483
  5684     0DDD                     u1880:
  5685     0DDD  2DB1               	goto	l2453
  5686     0DDE                     l2483:
  5687                           
  5688                           ;esd1.c: 374:     if (!stop()) return 0;
  5689     0DDE  120A  158A  22E1  120A  158A  	fcall	_stop
  5690     0DE3  0872               	movf	?_stop,w
  5691     0DE4  0473               	iorwf	?_stop+1,w
  5692     0DE5  1D03               	btfss	3,2
  5693     0DE6  2DE8               	goto	u1891
  5694     0DE7  2DE9               	goto	u1890
  5695     0DE8                     u1891:
  5696     0DE8  2DEA               	goto	l2489
  5697     0DE9                     u1890:
  5698     0DE9  2DA2               	goto	l2447
  5699     0DEA                     l2489:
  5700                           
  5701                           ;esd1.c: 375:     _delay((unsigned long)((5)*(8000000/4000.0)));
  5702     0DEA  300D               	movlw	13
  5703     0DEB  00F9               	movwf	??_eeprom_write_byte+1
  5704     0DEC  30FB               	movlw	251
  5705     0DED  00F8               	movwf	??_eeprom_write_byte
  5706     0DEE                     u3257:
  5707     0DEE  0BF8               	decfsz	??_eeprom_write_byte,f
  5708     0DEF  2DEE               	goto	u3257
  5709     0DF0  0BF9               	decfsz	??_eeprom_write_byte+1,f
  5710     0DF1  2DEE               	goto	u3257
  5711     0DF2  2DF3               	nop2
  5712                           
  5713                           ;esd1.c: 376:     return 1;
  5714     0DF3  3001               	movlw	1
  5715     0DF4  00F5               	movwf	?_eeprom_write_byte
  5716     0DF5  3000               	movlw	0
  5717     0DF6  00F6               	movwf	?_eeprom_write_byte+1
  5718     0DF7                     l254:
  5719     0DF7  0008               	return
  5720     0DF8                     __end_of_eeprom_write_byte:
  5721                           
  5722                           	psect	text21
  5723     0A53                     __ptext21:	
  5724 ;; *************** function _write *****************
  5725 ;; Defined at:
  5726 ;;		line 257 in file "esd1.c"
  5727 ;; Parameters:    Size  Location     Type
  5728 ;;  data            1    wreg     unsigned char 
  5729 ;; Auto vars:     Size  Location     Type
  5730 ;;  data            1    4[COMMON] unsigned char 
  5731 ;; Return value:  Size  Location     Type
  5732 ;;                  2    2[COMMON] int 
  5733 ;; Registers used:
  5734 ;;		wreg, status,2, status,0, pclath, cstack
  5735 ;; Tracked objects:
  5736 ;;		On entry : 0/0
  5737 ;;		On exit  : 0/0
  5738 ;;		Unchanged: 0/0
  5739 ;; Data sizes:     COMMON   BANK0   BANK1   BANK3   BANK2
  5740 ;;      Params:         2       0       0       0       0
  5741 ;;      Locals:         1       0       0       0       0
  5742 ;;      Temps:          0       0       0       0       0
  5743 ;;      Totals:         3       0       0       0       0
  5744 ;;Total ram usage:        3 bytes
  5745 ;; Hardware stack levels used: 1
  5746 ;; Hardware stack levels required when called: 1
  5747 ;; This function calls:
  5748 ;;		_wait_i2c_idle
  5749 ;;		_wait_sspif_and_clear
  5750 ;; This function is called by:
  5751 ;;		_rtc_read
  5752 ;;		_eeprom_write_byte
  5753 ;;		_read_temp_with_classification
  5754 ;;		_eeprom_read_byte
  5755 ;; This function uses a non-reentrant model
  5756 ;;
  5757                           
  5758     0A53                     _write:	
  5759                           ;psect for function _write
  5760                           
  5761                           
  5762                           ;incstack = 0
  5763                           ; Regs used in _write: [wreg+status,2+status,0+pclath+cstack]
  5764                           ;write@data stored from wreg
  5765     0A53  00F4               	movwf	write@data
  5766     0A54                     l2401:
  5767                           
  5768                           ;esd1.c: 257: int write(char data);esd1.c: 258: {;esd1.c: 259:     if (!wait_i2c_idle())
      +                           return 0;
  5769     0A54  120A  158A  21FF  120A  158A  	fcall	_wait_i2c_idle
  5770     0A59  0870               	movf	?_wait_i2c_idle,w
  5771     0A5A  0471               	iorwf	?_wait_i2c_idle+1,w
  5772     0A5B  1D03               	btfss	3,2
  5773     0A5C  2A5E               	goto	u1761
  5774     0A5D  2A5F               	goto	u1760
  5775     0A5E                     u1761:
  5776     0A5E  2A62               	goto	l2407
  5777     0A5F                     u1760:
  5778     0A5F                     l2403:
  5779     0A5F  01F2               	clrf	?_write
  5780     0A60  01F3               	clrf	?_write+1
  5781     0A61  2A7D               	goto	l215
  5782     0A62                     l2407:
  5783                           
  5784                           ;esd1.c: 260:     SSPBUF = data;
  5785     0A62  0874               	movf	write@data,w
  5786     0A63  1283               	bcf	3,5	;RP0=0, select bank0
  5787     0A64  1303               	bcf	3,6	;RP1=0, select bank0
  5788     0A65  0093               	movwf	19	;volatile
  5789     0A66                     l2409:
  5790                           
  5791                           ;esd1.c: 261:     if (!wait_sspif_and_clear()) return 0;
  5792     0A66  120A  158A  21BD  120A  158A  	fcall	_wait_sspif_and_clear
  5793     0A6B  0870               	movf	?_wait_sspif_and_clear,w
  5794     0A6C  0471               	iorwf	?_wait_sspif_and_clear+1,w
  5795     0A6D  1D03               	btfss	3,2
  5796     0A6E  2A70               	goto	u1771
  5797     0A6F  2A71               	goto	u1770
  5798     0A70                     u1771:
  5799     0A70  2A72               	goto	l216
  5800     0A71                     u1770:
  5801     0A71  2A5F               	goto	l2403
  5802     0A72                     l216:
  5803                           
  5804                           ;esd1.c: 262:     if (ACKSTAT) return 0;
  5805     0A72  1683               	bsf	3,5	;RP0=1, select bank1
  5806     0A73  1303               	bcf	3,6	;RP1=0, select bank1
  5807     0A74  1F11               	btfss	17,6	;volatile
  5808     0A75  2A77               	goto	u1781
  5809     0A76  2A78               	goto	u1780
  5810     0A77                     u1781:
  5811     0A77  2A79               	goto	l2419
  5812     0A78                     u1780:
  5813     0A78  2A5F               	goto	l2403
  5814     0A79                     l2419:
  5815                           
  5816                           ;esd1.c: 263:     return 1;
  5817     0A79  3001               	movlw	1
  5818     0A7A  00F2               	movwf	?_write
  5819     0A7B  3000               	movlw	0
  5820     0A7C  00F3               	movwf	?_write+1
  5821     0A7D                     l215:
  5822     0A7D  0008               	return
  5823     0A7E                     __end_of_write:
  5824                           
  5825                           	psect	text22
  5826     0AE1                     __ptext22:	
  5827 ;; *************** function _stop *****************
  5828 ;; Defined at:
  5829 ;;		line 236 in file "esd1.c"
  5830 ;; Parameters:    Size  Location     Type
  5831 ;;		None
  5832 ;; Auto vars:     Size  Location     Type
  5833 ;;		None
  5834 ;; Return value:  Size  Location     Type
  5835 ;;                  2    2[COMMON] int 
  5836 ;; Registers used:
  5837 ;;		wreg, status,2, status,0, pclath, cstack
  5838 ;; Tracked objects:
  5839 ;;		On entry : 0/0
  5840 ;;		On exit  : 0/0
  5841 ;;		Unchanged: 0/0
  5842 ;; Data sizes:     COMMON   BANK0   BANK1   BANK3   BANK2
  5843 ;;      Params:         2       0       0       0       0
  5844 ;;      Locals:         0       0       0       0       0
  5845 ;;      Temps:          0       0       0       0       0
  5846 ;;      Totals:         2       0       0       0       0
  5847 ;;Total ram usage:        2 bytes
  5848 ;; Hardware stack levels used: 1
  5849 ;; Hardware stack levels required when called: 1
  5850 ;; This function calls:
  5851 ;;		_wait_i2c_idle
  5852 ;; This function is called by:
  5853 ;;		_rtc_read
  5854 ;;		_eeprom_write_byte
  5855 ;;		_read_temp_with_classification
  5856 ;;		_eeprom_read_byte
  5857 ;; This function uses a non-reentrant model
  5858 ;;
  5859                           
  5860     0AE1                     _stop:	
  5861                           ;psect for function _stop
  5862                           
  5863     0AE1                     l2361:	
  5864                           ;incstack = 0
  5865                           ; Regs used in _stop: [wreg+status,2+status,0+pclath+cstack]
  5866                           
  5867                           
  5868                           ;esd1.c: 238:     if (!wait_i2c_idle()) return 0;
  5869     0AE1  120A  158A  21FF  120A  158A  	fcall	_wait_i2c_idle
  5870     0AE6  0870               	movf	?_wait_i2c_idle,w
  5871     0AE7  0471               	iorwf	?_wait_i2c_idle+1,w
  5872     0AE8  1D03               	btfss	3,2
  5873     0AE9  2AEB               	goto	u1701
  5874     0AEA  2AEC               	goto	u1700
  5875     0AEB                     u1701:
  5876     0AEB  2AEF               	goto	l200
  5877     0AEC                     u1700:
  5878     0AEC                     l2363:
  5879     0AEC  01F2               	clrf	?_stop
  5880     0AED  01F3               	clrf	?_stop+1
  5881     0AEE  2B12               	goto	l201
  5882     0AEF                     l200:
  5883                           
  5884                           ;esd1.c: 239:     PEN = 1;
  5885     0AEF  1683               	bsf	3,5	;RP0=1, select bank1
  5886     0AF0  1303               	bcf	3,6	;RP1=0, select bank1
  5887     0AF1  1511               	bsf	17,2	;volatile
  5888     0AF2                     l2367:
  5889                           
  5890                           ;esd1.c: 240:     timeout_counter = 6000;
  5891     0AF2  3070               	movlw	112
  5892     0AF3  1283               	bcf	3,5	;RP0=0, select bank0
  5893     0AF4  1303               	bcf	3,6	;RP1=0, select bank0
  5894     0AF5  00E4               	movwf	_timeout_counter
  5895     0AF6  3017               	movlw	23
  5896     0AF7  00E5               	movwf	_timeout_counter+1
  5897                           
  5898                           ;esd1.c: 241:     while (PEN)
  5899     0AF8  2B08               	goto	l202
  5900     0AF9                     l2369:
  5901                           
  5902                           ;esd1.c: 242:     {;esd1.c: 243:         if (--timeout_counter == 0) return 0;
  5903     0AF9  30FF               	movlw	255
  5904     0AFA  1283               	bcf	3,5	;RP0=0, select bank0
  5905     0AFB  1303               	bcf	3,6	;RP1=0, select bank0
  5906     0AFC  07E4               	addwf	_timeout_counter,f
  5907     0AFD  1803               	skipnc
  5908     0AFE  0AE5               	incf	_timeout_counter+1,f
  5909     0AFF  30FF               	movlw	255
  5910     0B00  07E5               	addwf	_timeout_counter+1,f
  5911     0B01  0864               	movf	_timeout_counter,w
  5912     0B02  0465               	iorwf	_timeout_counter+1,w
  5913     0B03  1D03               	btfss	3,2
  5914     0B04  2B06               	goto	u1711
  5915     0B05  2B07               	goto	u1710
  5916     0B06                     u1711:
  5917     0B06  2B08               	goto	l202
  5918     0B07                     u1710:
  5919     0B07  2AEC               	goto	l2363
  5920     0B08                     l202:	
  5921                           ;esd1.c: 244:     }
  5922                           
  5923                           
  5924                           ;esd1.c: 241:     while (PEN)
  5925     0B08  1683               	bsf	3,5	;RP0=1, select bank1
  5926     0B09  1303               	bcf	3,6	;RP1=0, select bank1
  5927     0B0A  1911               	btfsc	17,2	;volatile
  5928     0B0B  2B0D               	goto	u1721
  5929     0B0C  2B0E               	goto	u1720
  5930     0B0D                     u1721:
  5931     0B0D  2AF9               	goto	l2369
  5932     0B0E                     u1720:
  5933     0B0E                     l2375:
  5934                           
  5935                           ;esd1.c: 245:     return 1;
  5936     0B0E  3001               	movlw	1
  5937     0B0F  00F2               	movwf	?_stop
  5938     0B10  3000               	movlw	0
  5939     0B11  00F3               	movwf	?_stop+1
  5940     0B12                     l201:
  5941     0B12  0008               	return
  5942     0B13                     __end_of_stop:
  5943                           
  5944                           	psect	text23
  5945     0AAF                     __ptext23:	
  5946 ;; *************** function _start *****************
  5947 ;; Defined at:
  5948 ;;		line 212 in file "esd1.c"
  5949 ;; Parameters:    Size  Location     Type
  5950 ;;		None
  5951 ;; Auto vars:     Size  Location     Type
  5952 ;;		None
  5953 ;; Return value:  Size  Location     Type
  5954 ;;                  2    2[COMMON] int 
  5955 ;; Registers used:
  5956 ;;		wreg, status,2, status,0, pclath, cstack
  5957 ;; Tracked objects:
  5958 ;;		On entry : 0/0
  5959 ;;		On exit  : 0/0
  5960 ;;		Unchanged: 0/0
  5961 ;; Data sizes:     COMMON   BANK0   BANK1   BANK3   BANK2
  5962 ;;      Params:         2       0       0       0       0
  5963 ;;      Locals:         0       0       0       0       0
  5964 ;;      Temps:          0       0       0       0       0
  5965 ;;      Totals:         2       0       0       0       0
  5966 ;;Total ram usage:        2 bytes
  5967 ;; Hardware stack levels used: 1
  5968 ;; Hardware stack levels required when called: 1
  5969 ;; This function calls:
  5970 ;;		_wait_i2c_idle
  5971 ;; This function is called by:
  5972 ;;		_rtc_read
  5973 ;;		_eeprom_write_byte
  5974 ;;		_read_temp_with_classification
  5975 ;;		_eeprom_read_byte
  5976 ;; This function uses a non-reentrant model
  5977 ;;
  5978                           
  5979     0AAF                     _start:	
  5980                           ;psect for function _start
  5981                           
  5982     0AAF                     l2343:	
  5983                           ;incstack = 0
  5984                           ; Regs used in _start: [wreg+status,2+status,0+pclath+cstack]
  5985                           
  5986                           
  5987                           ;esd1.c: 214:     if (!wait_i2c_idle()) return 0;
  5988     0AAF  120A  158A  21FF  120A  158A  	fcall	_wait_i2c_idle
  5989     0AB4  0870               	movf	?_wait_i2c_idle,w
  5990     0AB5  0471               	iorwf	?_wait_i2c_idle+1,w
  5991     0AB6  1D03               	btfss	3,2
  5992     0AB7  2AB9               	goto	u1671
  5993     0AB8  2ABA               	goto	u1670
  5994     0AB9                     u1671:
  5995     0AB9  2ABD               	goto	l184
  5996     0ABA                     u1670:
  5997     0ABA                     l2345:
  5998     0ABA  01F2               	clrf	?_start
  5999     0ABB  01F3               	clrf	?_start+1
  6000     0ABC  2AE0               	goto	l185
  6001     0ABD                     l184:
  6002                           
  6003                           ;esd1.c: 215:     SEN = 1;
  6004     0ABD  1683               	bsf	3,5	;RP0=1, select bank1
  6005     0ABE  1303               	bcf	3,6	;RP1=0, select bank1
  6006     0ABF  1411               	bsf	17,0	;volatile
  6007     0AC0                     l2349:
  6008                           
  6009                           ;esd1.c: 216:     timeout_counter = 6000;
  6010     0AC0  3070               	movlw	112
  6011     0AC1  1283               	bcf	3,5	;RP0=0, select bank0
  6012     0AC2  1303               	bcf	3,6	;RP1=0, select bank0
  6013     0AC3  00E4               	movwf	_timeout_counter
  6014     0AC4  3017               	movlw	23
  6015     0AC5  00E5               	movwf	_timeout_counter+1
  6016                           
  6017                           ;esd1.c: 217:     while (SEN)
  6018     0AC6  2AD6               	goto	l186
  6019     0AC7                     l2351:
  6020                           
  6021                           ;esd1.c: 218:     {;esd1.c: 219:         if (--timeout_counter == 0) return 0;
  6022     0AC7  30FF               	movlw	255
  6023     0AC8  1283               	bcf	3,5	;RP0=0, select bank0
  6024     0AC9  1303               	bcf	3,6	;RP1=0, select bank0
  6025     0ACA  07E4               	addwf	_timeout_counter,f
  6026     0ACB  1803               	skipnc
  6027     0ACC  0AE5               	incf	_timeout_counter+1,f
  6028     0ACD  30FF               	movlw	255
  6029     0ACE  07E5               	addwf	_timeout_counter+1,f
  6030     0ACF  0864               	movf	_timeout_counter,w
  6031     0AD0  0465               	iorwf	_timeout_counter+1,w
  6032     0AD1  1D03               	btfss	3,2
  6033     0AD2  2AD4               	goto	u1681
  6034     0AD3  2AD5               	goto	u1680
  6035     0AD4                     u1681:
  6036     0AD4  2AD6               	goto	l186
  6037     0AD5                     u1680:
  6038     0AD5  2ABA               	goto	l2345
  6039     0AD6                     l186:	
  6040                           ;esd1.c: 220:     }
  6041                           
  6042                           
  6043                           ;esd1.c: 217:     while (SEN)
  6044     0AD6  1683               	bsf	3,5	;RP0=1, select bank1
  6045     0AD7  1303               	bcf	3,6	;RP1=0, select bank1
  6046     0AD8  1811               	btfsc	17,0	;volatile
  6047     0AD9  2ADB               	goto	u1691
  6048     0ADA  2ADC               	goto	u1690
  6049     0ADB                     u1691:
  6050     0ADB  2AC7               	goto	l2351
  6051     0ADC                     u1690:
  6052     0ADC                     l2357:
  6053                           
  6054                           ;esd1.c: 221:     return 1;
  6055     0ADC  3001               	movlw	1
  6056     0ADD  00F2               	movwf	?_start
  6057     0ADE  3000               	movlw	0
  6058     0ADF  00F3               	movwf	?_start+1
  6059     0AE0                     l185:
  6060     0AE0  0008               	return
  6061     0AE1                     __end_of_start:
  6062                           
  6063                           	psect	text24
  6064     0A28                     __ptext24:	
  6065 ;; *************** function _address *****************
  6066 ;; Defined at:
  6067 ;;		line 248 in file "esd1.c"
  6068 ;; Parameters:    Size  Location     Type
  6069 ;;  addr            1    wreg     unsigned char 
  6070 ;; Auto vars:     Size  Location     Type
  6071 ;;  addr            1    4[COMMON] unsigned char 
  6072 ;; Return value:  Size  Location     Type
  6073 ;;                  2    2[COMMON] int 
  6074 ;; Registers used:
  6075 ;;		wreg, status,2, status,0, pclath, cstack
  6076 ;; Tracked objects:
  6077 ;;		On entry : 0/0
  6078 ;;		On exit  : 0/0
  6079 ;;		Unchanged: 0/0
  6080 ;; Data sizes:     COMMON   BANK0   BANK1   BANK3   BANK2
  6081 ;;      Params:         2       0       0       0       0
  6082 ;;      Locals:         1       0       0       0       0
  6083 ;;      Temps:          0       0       0       0       0
  6084 ;;      Totals:         3       0       0       0       0
  6085 ;;Total ram usage:        3 bytes
  6086 ;; Hardware stack levels used: 1
  6087 ;; Hardware stack levels required when called: 1
  6088 ;; This function calls:
  6089 ;;		_wait_i2c_idle
  6090 ;;		_wait_sspif_and_clear
  6091 ;; This function is called by:
  6092 ;;		_rtc_read
  6093 ;;		_eeprom_write_byte
  6094 ;;		_read_temp_with_classification
  6095 ;;		_eeprom_read_byte
  6096 ;; This function uses a non-reentrant model
  6097 ;;
  6098                           
  6099     0A28                     _address:	
  6100                           ;psect for function _address
  6101                           
  6102                           
  6103                           ;incstack = 0
  6104                           ; Regs used in _address: [wreg+status,2+status,0+pclath+cstack]
  6105                           ;address@addr stored from wreg
  6106     0A28  00F4               	movwf	address@addr
  6107     0A29                     l2379:
  6108                           
  6109                           ;esd1.c: 248: int address(char addr);esd1.c: 249: {;esd1.c: 250:     if (!wait_i2c_idle(
      +                          )) return 0;
  6110     0A29  120A  158A  21FF  120A  158A  	fcall	_wait_i2c_idle
  6111     0A2E  0870               	movf	?_wait_i2c_idle,w
  6112     0A2F  0471               	iorwf	?_wait_i2c_idle+1,w
  6113     0A30  1D03               	btfss	3,2
  6114     0A31  2A33               	goto	u1731
  6115     0A32  2A34               	goto	u1730
  6116     0A33                     u1731:
  6117     0A33  2A37               	goto	l2385
  6118     0A34                     u1730:
  6119     0A34                     l2381:
  6120     0A34  01F2               	clrf	?_address
  6121     0A35  01F3               	clrf	?_address+1
  6122     0A36  2A52               	goto	l209
  6123     0A37                     l2385:
  6124                           
  6125                           ;esd1.c: 251:     SSPBUF = addr;
  6126     0A37  0874               	movf	address@addr,w
  6127     0A38  1283               	bcf	3,5	;RP0=0, select bank0
  6128     0A39  1303               	bcf	3,6	;RP1=0, select bank0
  6129     0A3A  0093               	movwf	19	;volatile
  6130     0A3B                     l2387:
  6131                           
  6132                           ;esd1.c: 252:     if (!wait_sspif_and_clear()) return 0;
  6133     0A3B  120A  158A  21BD  120A  158A  	fcall	_wait_sspif_and_clear
  6134     0A40  0870               	movf	?_wait_sspif_and_clear,w
  6135     0A41  0471               	iorwf	?_wait_sspif_and_clear+1,w
  6136     0A42  1D03               	btfss	3,2
  6137     0A43  2A45               	goto	u1741
  6138     0A44  2A46               	goto	u1740
  6139     0A45                     u1741:
  6140     0A45  2A47               	goto	l210
  6141     0A46                     u1740:
  6142     0A46  2A34               	goto	l2381
  6143     0A47                     l210:
  6144                           
  6145                           ;esd1.c: 253:     if (ACKSTAT) return 0;
  6146     0A47  1683               	bsf	3,5	;RP0=1, select bank1
  6147     0A48  1303               	bcf	3,6	;RP1=0, select bank1
  6148     0A49  1F11               	btfss	17,6	;volatile
  6149     0A4A  2A4C               	goto	u1751
  6150     0A4B  2A4D               	goto	u1750
  6151     0A4C                     u1751:
  6152     0A4C  2A4E               	goto	l2397
  6153     0A4D                     u1750:
  6154     0A4D  2A34               	goto	l2381
  6155     0A4E                     l2397:
  6156                           
  6157                           ;esd1.c: 254:     return 1;
  6158     0A4E  3001               	movlw	1
  6159     0A4F  00F2               	movwf	?_address
  6160     0A50  3000               	movlw	0
  6161     0A51  00F3               	movwf	?_address+1
  6162     0A52                     l209:
  6163     0A52  0008               	return
  6164     0A53                     __end_of_address:
  6165                           
  6166                           	psect	text25
  6167     09BD                     __ptext25:	
  6168 ;; *************** function _wait_sspif_and_clear *****************
  6169 ;; Defined at:
  6170 ;;		line 201 in file "esd1.c"
  6171 ;; Parameters:    Size  Location     Type
  6172 ;;		None
  6173 ;; Auto vars:     Size  Location     Type
  6174 ;;		None
  6175 ;; Return value:  Size  Location     Type
  6176 ;;                  2    0[COMMON] int 
  6177 ;; Registers used:
  6178 ;;		wreg, status,2, status,0
  6179 ;; Tracked objects:
  6180 ;;		On entry : 0/0
  6181 ;;		On exit  : 0/0
  6182 ;;		Unchanged: 0/0
  6183 ;; Data sizes:     COMMON   BANK0   BANK1   BANK3   BANK2
  6184 ;;      Params:         2       0       0       0       0
  6185 ;;      Locals:         0       0       0       0       0
  6186 ;;      Temps:          0       0       0       0       0
  6187 ;;      Totals:         2       0       0       0       0
  6188 ;;Total ram usage:        2 bytes
  6189 ;; Hardware stack levels used: 1
  6190 ;; This function calls:
  6191 ;;		Nothing
  6192 ;; This function is called by:
  6193 ;;		_address
  6194 ;;		_write
  6195 ;; This function uses a non-reentrant model
  6196 ;;
  6197                           
  6198     09BD                     _wait_sspif_and_clear:	
  6199                           ;psect for function _wait_sspif_and_clear
  6200                           
  6201     09BD                     l2325:	
  6202                           ;incstack = 0
  6203                           ; Regs used in _wait_sspif_and_clear: [wreg+status,2+status,0]
  6204                           
  6205                           
  6206                           ;esd1.c: 203:     timeout_counter = 6000;
  6207     09BD  3070               	movlw	112
  6208     09BE  1283               	bcf	3,5	;RP0=0, select bank0
  6209     09BF  1303               	bcf	3,6	;RP1=0, select bank0
  6210     09C0  00E4               	movwf	_timeout_counter
  6211     09C1  3017               	movlw	23
  6212     09C2  00E5               	movwf	_timeout_counter+1
  6213                           
  6214                           ;esd1.c: 204:     while (SSPIF == 0)
  6215     09C3  29D3               	goto	l177
  6216     09C4                     l2327:
  6217                           
  6218                           ;esd1.c: 205:     {;esd1.c: 206:         if (--timeout_counter == 0) return 0;
  6219     09C4  30FF               	movlw	255
  6220     09C5  07E4               	addwf	_timeout_counter,f
  6221     09C6  1803               	skipnc
  6222     09C7  0AE5               	incf	_timeout_counter+1,f
  6223     09C8  30FF               	movlw	255
  6224     09C9  07E5               	addwf	_timeout_counter+1,f
  6225     09CA  0864               	movf	_timeout_counter,w
  6226     09CB  0465               	iorwf	_timeout_counter+1,w
  6227     09CC  1D03               	btfss	3,2
  6228     09CD  29CF               	goto	u1651
  6229     09CE  29D0               	goto	u1650
  6230     09CF                     u1651:
  6231     09CF  29D3               	goto	l177
  6232     09D0                     u1650:
  6233     09D0                     l2329:
  6234     09D0  01F0               	clrf	?_wait_sspif_and_clear
  6235     09D1  01F1               	clrf	?_wait_sspif_and_clear+1
  6236     09D2  29DC               	goto	l180
  6237     09D3                     l177:	
  6238                           ;esd1.c: 207:     }
  6239                           
  6240                           
  6241                           ;esd1.c: 204:     while (SSPIF == 0)
  6242     09D3  1D8C               	btfss	12,3	;volatile
  6243     09D4  29D6               	goto	u1661
  6244     09D5  29D7               	goto	u1660
  6245     09D6                     u1661:
  6246     09D6  29C4               	goto	l2327
  6247     09D7                     u1660:
  6248     09D7                     l181:
  6249                           
  6250                           ;esd1.c: 208:     SSPIF = 0;
  6251     09D7  118C               	bcf	12,3	;volatile
  6252     09D8                     l2333:
  6253                           
  6254                           ;esd1.c: 209:     return 1;
  6255     09D8  3001               	movlw	1
  6256     09D9  00F0               	movwf	?_wait_sspif_and_clear
  6257     09DA  3000               	movlw	0
  6258     09DB  00F1               	movwf	?_wait_sspif_and_clear+1
  6259     09DC                     l180:
  6260     09DC  0008               	return
  6261     09DD                     __end_of_wait_sspif_and_clear:
  6262                           
  6263                           	psect	text26
  6264     09FF                     __ptext26:	
  6265 ;; *************** function _wait_i2c_idle *****************
  6266 ;; Defined at:
  6267 ;;		line 191 in file "esd1.c"
  6268 ;; Parameters:    Size  Location     Type
  6269 ;;		None
  6270 ;; Auto vars:     Size  Location     Type
  6271 ;;		None
  6272 ;; Return value:  Size  Location     Type
  6273 ;;                  2    0[COMMON] int 
  6274 ;; Registers used:
  6275 ;;		wreg, status,2, status,0
  6276 ;; Tracked objects:
  6277 ;;		On entry : 0/0
  6278 ;;		On exit  : 0/0
  6279 ;;		Unchanged: 0/0
  6280 ;; Data sizes:     COMMON   BANK0   BANK1   BANK3   BANK2
  6281 ;;      Params:         2       0       0       0       0
  6282 ;;      Locals:         0       0       0       0       0
  6283 ;;      Temps:          0       0       0       0       0
  6284 ;;      Totals:         2       0       0       0       0
  6285 ;;Total ram usage:        2 bytes
  6286 ;; Hardware stack levels used: 1
  6287 ;; This function calls:
  6288 ;;		Nothing
  6289 ;; This function is called by:
  6290 ;;		_start
  6291 ;;		_repeated_start
  6292 ;;		_stop
  6293 ;;		_address
  6294 ;;		_write
  6295 ;;		_read_byte
  6296 ;; This function uses a non-reentrant model
  6297 ;;
  6298                           
  6299     09FF                     _wait_i2c_idle:	
  6300                           ;psect for function _wait_i2c_idle
  6301                           
  6302     09FF                     l2309:	
  6303                           ;incstack = 0
  6304                           ; Regs used in _wait_i2c_idle: [wreg+status,2+status,0]
  6305                           
  6306                           
  6307                           ;esd1.c: 193:     timeout_counter = 6000;
  6308     09FF  3070               	movlw	112
  6309     0A00  1283               	bcf	3,5	;RP0=0, select bank0
  6310     0A01  1303               	bcf	3,6	;RP1=0, select bank0
  6311     0A02  00E4               	movwf	_timeout_counter
  6312     0A03  3017               	movlw	23
  6313     0A04  00E5               	movwf	_timeout_counter+1
  6314                           
  6315                           ;esd1.c: 194:     while ((SSPCON2 & 0x1F) || (SSPSTAT & 0x04))
  6316     0A05  2A17               	goto	l2317
  6317     0A06                     l2311:
  6318                           
  6319                           ;esd1.c: 195:     {;esd1.c: 196:         if (--timeout_counter == 0) return 0;
  6320     0A06  30FF               	movlw	255
  6321     0A07  1283               	bcf	3,5	;RP0=0, select bank0
  6322     0A08  1303               	bcf	3,6	;RP1=0, select bank0
  6323     0A09  07E4               	addwf	_timeout_counter,f
  6324     0A0A  1803               	skipnc
  6325     0A0B  0AE5               	incf	_timeout_counter+1,f
  6326     0A0C  30FF               	movlw	255
  6327     0A0D  07E5               	addwf	_timeout_counter+1,f
  6328     0A0E  0864               	movf	_timeout_counter,w
  6329     0A0F  0465               	iorwf	_timeout_counter+1,w
  6330     0A10  1D03               	btfss	3,2
  6331     0A11  2A13               	goto	u1621
  6332     0A12  2A14               	goto	u1620
  6333     0A13                     u1621:
  6334     0A13  2A17               	goto	l2317
  6335     0A14                     u1620:
  6336     0A14                     l2313:
  6337     0A14  01F0               	clrf	?_wait_i2c_idle
  6338     0A15  01F1               	clrf	?_wait_i2c_idle+1
  6339     0A16  2A27               	goto	l173
  6340     0A17                     l2317:
  6341                           
  6342                           ;esd1.c: 194:     while ((SSPCON2 & 0x1F) || (SSPSTAT & 0x04))
  6343     0A17  1683               	bsf	3,5	;RP0=1, select bank1
  6344     0A18  1303               	bcf	3,6	;RP1=0, select bank1
  6345     0A19  0811               	movf	17,w	;volatile
  6346     0A1A  391F               	andlw	31
  6347     0A1B  1D03               	btfss	3,2
  6348     0A1C  2A1E               	goto	u1631
  6349     0A1D  2A1F               	goto	u1630
  6350     0A1E                     u1631:
  6351     0A1E  2A06               	goto	l2311
  6352     0A1F                     u1630:
  6353     0A1F                     l2319:
  6354     0A1F  1914               	btfsc	20,2	;volatile
  6355     0A20  2A22               	goto	u1641
  6356     0A21  2A23               	goto	u1640
  6357     0A22                     u1641:
  6358     0A22  2A06               	goto	l2311
  6359     0A23                     u1640:
  6360     0A23                     l2321:
  6361                           
  6362                           ;esd1.c: 198:     return 1;
  6363     0A23  3001               	movlw	1
  6364     0A24  00F0               	movwf	?_wait_i2c_idle
  6365     0A25  3000               	movlw	0
  6366     0A26  00F1               	movwf	?_wait_i2c_idle+1
  6367     0A27                     l173:
  6368     0A27  0008               	return
  6369     0A28                     __end_of_wait_i2c_idle:
  6370                           
  6371                           	psect	text27
  6372     0B45                     __ptext27:	
  6373 ;; *************** function _clear_external_eeprom *****************
  6374 ;; Defined at:
  6375 ;;		line 634 in file "esd1.c"
  6376 ;; Parameters:    Size  Location     Type
  6377 ;;		None
  6378 ;; Auto vars:     Size  Location     Type
  6379 ;;		None
  6380 ;; Return value:  Size  Location     Type
  6381 ;;                  1    wreg      void 
  6382 ;; Registers used:
  6383 ;;		wreg, fsr0l, fsr0h, status,2, status,0, btemp+1, pclath, cstack
  6384 ;; Tracked objects:
  6385 ;;		On entry : 0/0
  6386 ;;		On exit  : 0/0
  6387 ;;		Unchanged: 0/0
  6388 ;; Data sizes:     COMMON   BANK0   BANK1   BANK3   BANK2
  6389 ;;      Params:         0       0       0       0       0
  6390 ;;      Locals:         0       0       0       0       0
  6391 ;;      Temps:          0       0       0       0       0
  6392 ;;      Totals:         0       0       0       0       0
  6393 ;;Total ram usage:        0 bytes
  6394 ;; Hardware stack levels used: 1
  6395 ;; Hardware stack levels required when called: 4
  6396 ;; This function calls:
  6397 ;;		_busy_delay_ms
  6398 ;;		_lcd_clear
  6399 ;;		_print
  6400 ;;		_save_log_state
  6401 ;; This function is called by:
  6402 ;;		_main
  6403 ;; This function uses a non-reentrant model
  6404 ;;
  6405                           
  6406     0B45                     _clear_external_eeprom:	
  6407                           ;psect for function _clear_external_eeprom
  6408                           
  6409     0B45                     l3269:	
  6410                           ;incstack = 0
  6411                           ; Regs used in _clear_external_eeprom: [wreg-fsr0h+status,2+status,0+btemp+1+pclath+csta
      +                          ck]
  6412                           
  6413                           
  6414                           ;esd1.c: 637:     write_index = 0;
  6415     0B45  1283               	bcf	3,5	;RP0=0, select bank0
  6416     0B46  1303               	bcf	3,6	;RP1=0, select bank0
  6417     0B47  01E2               	clrf	_write_index
  6418     0B48  01E3               	clrf	_write_index+1
  6419                           
  6420                           ;esd1.c: 638:     log_count = 0;
  6421     0B49  01E0               	clrf	_log_count
  6422     0B4A  01E1               	clrf	_log_count+1
  6423     0B4B                     l3271:
  6424                           
  6425                           ;esd1.c: 639:     save_log_state();
  6426     0B4B  120A  158A  227E  120A  158A  	fcall	_save_log_state
  6427     0B50                     l3273:
  6428                           
  6429                           ;esd1.c: 642:     lcd_clear();
  6430     0B50  120A  158A  20FB  120A  158A  	fcall	_lcd_clear
  6431     0B55                     l3275:
  6432                           
  6433                           ;esd1.c: 643:     print(0x80, "Clearing Log...");
  6434     0B55  3090               	movlw	(low ((STR_13-__stringbase)| (0+32768)))& (0+255)
  6435     0B56  00F7               	movwf	print@ptr
  6436     0B57  3080               	movlw	128
  6437     0B58  00F8               	movwf	print@ptr+1
  6438     0B59  3080               	movlw	128
  6439     0B5A  120A  158A  2488  120A  158A  	fcall	_print
  6440     0B5F                     l3277:
  6441                           
  6442                           ;esd1.c: 644:     print(0xC0, "EEPROM CLEARED");
  6443     0B5F  30A0               	movlw	(low ((STR_14-__stringbase)| (0+32768)))& (0+255)
  6444     0B60  00F7               	movwf	print@ptr
  6445     0B61  3080               	movlw	128
  6446     0B62  00F8               	movwf	print@ptr+1
  6447     0B63  30C0               	movlw	192
  6448     0B64  120A  158A  2488  120A  158A  	fcall	_print
  6449     0B69                     l3279:
  6450                           
  6451                           ;esd1.c: 645:     busy_delay_ms(2000);
  6452     0B69  30D0               	movlw	208
  6453     0B6A  00F0               	movwf	busy_delay_ms@ms
  6454     0B6B  3007               	movlw	7
  6455     0B6C  00F1               	movwf	busy_delay_ms@ms+1
  6456     0B6D  120A  158A  2153  120A  158A  	fcall	_busy_delay_ms
  6457     0B72                     l3281:
  6458                           
  6459                           ;esd1.c: 646:     lcd_clear();
  6460     0B72  120A  158A  20FB  120A  158A  	fcall	_lcd_clear
  6461     0B77                     l340:
  6462     0B77  0008               	return
  6463     0B78                     __end_of_clear_external_eeprom:
  6464                           
  6465                           	psect	text28
  6466     0A7E                     __ptext28:	
  6467 ;; *************** function _save_log_state *****************
  6468 ;; Defined at:
  6469 ;;		line 422 in file "esd1.c"
  6470 ;; Parameters:    Size  Location     Type
  6471 ;;		None
  6472 ;; Auto vars:     Size  Location     Type
  6473 ;;		None
  6474 ;; Return value:  Size  Location     Type
  6475 ;;                  1    wreg      void 
  6476 ;; Registers used:
  6477 ;;		wreg, status,2, status,0, pclath, cstack
  6478 ;; Tracked objects:
  6479 ;;		On entry : 0/0
  6480 ;;		On exit  : 0/0
  6481 ;;		Unchanged: 0/0
  6482 ;; Data sizes:     COMMON   BANK0   BANK1   BANK3   BANK2
  6483 ;;      Params:         0       0       0       0       0
  6484 ;;      Locals:         0       0       0       0       0
  6485 ;;      Temps:          0       0       0       0       0
  6486 ;;      Totals:         0       0       0       0       0
  6487 ;;Total ram usage:        0 bytes
  6488 ;; Hardware stack levels used: 1
  6489 ;; Hardware stack levels required when called: 1
  6490 ;; This function calls:
  6491 ;;		_internal_eeprom_write
  6492 ;; This function is called by:
  6493 ;;		_restore_log_state
  6494 ;;		_log_fault
  6495 ;;		_clear_external_eeprom
  6496 ;; This function uses a non-reentrant model
  6497 ;;
  6498                           
  6499     0A7E                     _save_log_state:	
  6500                           ;psect for function _save_log_state
  6501                           
  6502     0A7E                     l2493:	
  6503                           ;incstack = 0
  6504                           ; Regs used in _save_log_state: [wreg+status,2+status,0+pclath+cstack]
  6505                           
  6506                           
  6507                           ;esd1.c: 424:     internal_eeprom_write(5, (unsigned char)(write_index & 0xFF));
  6508     0A7E  1283               	bcf	3,5	;RP0=0, select bank0
  6509     0A7F  1303               	bcf	3,6	;RP1=0, select bank0
  6510     0A80  0862               	movf	_write_index,w
  6511     0A81  00F0               	movwf	internal_eeprom_write@data
  6512     0A82  3005               	movlw	5
  6513     0A83  120A  158A  219F  120A  158A  	fcall	_internal_eeprom_write
  6514                           
  6515                           ;esd1.c: 425:     internal_eeprom_write(6, (unsigned char)(write_index >> 8));
  6516     0A88  1283               	bcf	3,5	;RP0=0, select bank0
  6517     0A89  1303               	bcf	3,6	;RP1=0, select bank0
  6518     0A8A  0863               	movf	_write_index+1,w
  6519     0A8B  00F0               	movwf	internal_eeprom_write@data
  6520     0A8C  3006               	movlw	6
  6521     0A8D  120A  158A  219F  120A  158A  	fcall	_internal_eeprom_write
  6522                           
  6523                           ;esd1.c: 426:     internal_eeprom_write(7, (unsigned char)(log_count & 0xFF));
  6524     0A92  1283               	bcf	3,5	;RP0=0, select bank0
  6525     0A93  1303               	bcf	3,6	;RP1=0, select bank0
  6526     0A94  0860               	movf	_log_count,w
  6527     0A95  00F0               	movwf	internal_eeprom_write@data
  6528     0A96  3007               	movlw	7
  6529     0A97  120A  158A  219F  120A  158A  	fcall	_internal_eeprom_write
  6530                           
  6531                           ;esd1.c: 427:     internal_eeprom_write(8, (unsigned char)(log_count >> 8));
  6532     0A9C  1283               	bcf	3,5	;RP0=0, select bank0
  6533     0A9D  1303               	bcf	3,6	;RP1=0, select bank0
  6534     0A9E  0861               	movf	_log_count+1,w
  6535     0A9F  00F0               	movwf	internal_eeprom_write@data
  6536     0AA0  3008               	movlw	8
  6537     0AA1  120A  158A  219F  120A  158A  	fcall	_internal_eeprom_write
  6538                           
  6539                           ;esd1.c: 428:     internal_eeprom_write(9, 0xA5);
  6540     0AA6  30A5               	movlw	165
  6541     0AA7  00F0               	movwf	internal_eeprom_write@data
  6542     0AA8  3009               	movlw	9
  6543     0AA9  120A  158A  219F  120A  158A  	fcall	_internal_eeprom_write
  6544     0AAE                     l285:
  6545     0AAE  0008               	return
  6546     0AAF                     __end_of_save_log_state:
  6547                           
  6548                           	psect	text29
  6549     0C88                     __ptext29:	
  6550 ;; *************** function _print *****************
  6551 ;; Defined at:
  6552 ;;		line 115 in file "esd1.c"
  6553 ;; Parameters:    Size  Location     Type
  6554 ;;  addr            1    wreg     unsigned char 
  6555 ;;  ptr             2    7[COMMON] PTR unsigned char 
  6556 ;;		 -> STR_15(17), main@temp_str(6), STR_14(15), STR_13(16), 
  6557 ;;		 -> STR_12(17), STR_11(17), STR_10(17), STR_9(17), 
  6558 ;;		 -> STR_8(17), 
  6559 ;; Auto vars:     Size  Location     Type
  6560 ;;  addr            1    0[BANK0 ] unsigned char 
  6561 ;;  j               2    1[BANK0 ] int 
  6562 ;; Return value:  Size  Location     Type
  6563 ;;                  1    wreg      void 
  6564 ;; Registers used:
  6565 ;;		wreg, fsr0l, fsr0h, status,2, status,0, btemp+1, pclath, cstack
  6566 ;; Tracked objects:
  6567 ;;		On entry : 0/0
  6568 ;;		On exit  : 0/0
  6569 ;;		Unchanged: 0/0
  6570 ;; Data sizes:     COMMON   BANK0   BANK1   BANK3   BANK2
  6571 ;;      Params:         2       0       0       0       0
  6572 ;;      Locals:         0       3       0       0       0
  6573 ;;      Temps:          3       0       0       0       0
  6574 ;;      Totals:         5       3       0       0       0
  6575 ;;Total ram usage:        8 bytes
  6576 ;; Hardware stack levels used: 1
  6577 ;; Hardware stack levels required when called: 3
  6578 ;; This function calls:
  6579 ;;		_lcd
  6580 ;; This function is called by:
  6581 ;;		_handle_fault
  6582 ;;		_clear_external_eeprom
  6583 ;;		_main
  6584 ;; This function uses a non-reentrant model
  6585 ;;
  6586                           
  6587     0C88                     _print:	
  6588                           ;psect for function _print
  6589                           
  6590                           
  6591                           ;incstack = 0
  6592                           ; Regs used in _print: [wreg-fsr0h+status,2+status,0+btemp+1+pclath+cstack]
  6593                           ;print@addr stored from wreg
  6594     0C88  1283               	bcf	3,5	;RP0=0, select bank0
  6595     0C89  1303               	bcf	3,6	;RP1=0, select bank0
  6596     0C8A  00A0               	movwf	print@addr
  6597     0C8B                     l2571:
  6598                           
  6599                           ;esd1.c: 115: void print(char addr, char *ptr);esd1.c: 116: {;esd1.c: 117:     int j;;es
      +                          d1.c: 118:     for (j = 0; *(ptr + j) != '\0'; j++)
  6600     0C8B  01A1               	clrf	print@j
  6601     0C8C  01A2               	clrf	print@j+1
  6602     0C8D  2CC4               	goto	l2579
  6603     0C8E                     l2573:
  6604                           
  6605                           ;esd1.c: 119:     {;esd1.c: 120:         lcd(0, addr + j);
  6606     0C8E  3000               	movlw	0
  6607     0C8F  00F4               	movwf	lcd@rs
  6608     0C90  00F5               	movwf	lcd@rs+1
  6609     0C91  0821               	movf	print@j,w
  6610     0C92  0720               	addwf	print@addr,w
  6611     0C93  00F6               	movwf	lcd@data
  6612     0C94  120A  158A  20D7  120A  158A  	fcall	_lcd
  6613     0C99                     l2575:
  6614                           
  6615                           ;esd1.c: 121:         lcd(1, *(ptr + j));
  6616     0C99  3001               	movlw	1
  6617     0C9A  00F4               	movwf	lcd@rs
  6618     0C9B  3000               	movlw	0
  6619     0C9C  00F5               	movwf	lcd@rs+1
  6620     0C9D  1283               	bcf	3,5	;RP0=0, select bank0
  6621     0C9E  1303               	bcf	3,6	;RP1=0, select bank0
  6622     0C9F  0821               	movf	print@j,w
  6623     0CA0  0777               	addwf	print@ptr,w
  6624     0CA1  00FA               	movwf	??_print+1
  6625     0CA2  0878               	movf	print@ptr+1,w
  6626     0CA3  00F9               	movwf	??_print
  6627     0CA4  1803               	skipnc
  6628     0CA5  0AF9               	incf	??_print,f
  6629     0CA6  1FA1               	btfss	print@j,7
  6630     0CA7  2CA9               	goto	u2090
  6631     0CA8  03F9               	decf	??_print,f
  6632     0CA9                     u2090:
  6633     0CA9  0879               	movf	??_print,w
  6634     0CAA  00FB               	movwf	??_print+2
  6635     0CAB  087B               	movf	??_print+2,w
  6636     0CAC  1283               	bcf	3,5	;RP0=0, select bank0
  6637     0CAD  1303               	bcf	3,6	;RP1=0, select bank0
  6638     0CAE  00FF               	movwf	btemp+1
  6639     0CAF  087A               	movf	??_print+1,w
  6640     0CB0  0084               	movwf	4
  6641     0CB1  120A  118A  2003  120A  158A  	fcall	stringtab
  6642     0CB6  00F6               	movwf	lcd@data
  6643     0CB7  120A  158A  20D7  120A  158A  	fcall	_lcd
  6644     0CBC                     l2577:
  6645                           
  6646                           ;esd1.c: 122:     }
  6647     0CBC  3001               	movlw	1
  6648     0CBD  1283               	bcf	3,5	;RP0=0, select bank0
  6649     0CBE  1303               	bcf	3,6	;RP1=0, select bank0
  6650     0CBF  07A1               	addwf	print@j,f
  6651     0CC0  1803               	skipnc
  6652     0CC1  0AA2               	incf	print@j+1,f
  6653     0CC2  3000               	movlw	0
  6654     0CC3  07A2               	addwf	print@j+1,f
  6655     0CC4                     l2579:
  6656     0CC4  0821               	movf	print@j,w
  6657     0CC5  0777               	addwf	print@ptr,w
  6658     0CC6  00FA               	movwf	??_print+1
  6659     0CC7  0878               	movf	print@ptr+1,w
  6660     0CC8  00F9               	movwf	??_print
  6661     0CC9  1803               	skipnc
  6662     0CCA  0AF9               	incf	??_print,f
  6663     0CCB  1FA1               	btfss	print@j,7
  6664     0CCC  2CCE               	goto	u2100
  6665     0CCD  03F9               	decf	??_print,f
  6666     0CCE                     u2100:
  6667     0CCE  0879               	movf	??_print,w
  6668     0CCF  00FB               	movwf	??_print+2
  6669     0CD0  087B               	movf	??_print+2,w
  6670     0CD1  1283               	bcf	3,5	;RP0=0, select bank0
  6671     0CD2  1303               	bcf	3,6	;RP1=0, select bank0
  6672     0CD3  00FF               	movwf	btemp+1
  6673     0CD4  087A               	movf	??_print+1,w
  6674     0CD5  0084               	movwf	4
  6675     0CD6  120A  118A  2003  120A  158A  	fcall	stringtab
  6676     0CDB  3A00               	xorlw	0
  6677     0CDC  1D03               	skipz
  6678     0CDD  2CDF               	goto	u2111
  6679     0CDE  2CE0               	goto	u2110
  6680     0CDF                     u2111:
  6681     0CDF  2C8E               	goto	l2573
  6682     0CE0                     u2110:
  6683     0CE0                     l141:
  6684     0CE0  0008               	return
  6685     0CE1                     __end_of_print:
  6686                           
  6687                           	psect	text30
  6688     08FB                     __ptext30:	
  6689 ;; *************** function _lcd_clear *****************
  6690 ;; Defined at:
  6691 ;;		line 109 in file "esd1.c"
  6692 ;; Parameters:    Size  Location     Type
  6693 ;;		None
  6694 ;; Auto vars:     Size  Location     Type
  6695 ;;		None
  6696 ;; Return value:  Size  Location     Type
  6697 ;;                  1    wreg      void 
  6698 ;; Registers used:
  6699 ;;		wreg, status,2, status,0, pclath, cstack
  6700 ;; Tracked objects:
  6701 ;;		On entry : 0/0
  6702 ;;		On exit  : 0/0
  6703 ;;		Unchanged: 0/0
  6704 ;; Data sizes:     COMMON   BANK0   BANK1   BANK3   BANK2
  6705 ;;      Params:         0       0       0       0       0
  6706 ;;      Locals:         0       0       0       0       0
  6707 ;;      Temps:          0       0       0       0       0
  6708 ;;      Totals:         0       0       0       0       0
  6709 ;;Total ram usage:        0 bytes
  6710 ;; Hardware stack levels used: 1
  6711 ;; Hardware stack levels required when called: 3
  6712 ;; This function calls:
  6713 ;;		_busy_delay_ms
  6714 ;;		_lcd
  6715 ;; This function is called by:
  6716 ;;		_clear_external_eeprom
  6717 ;;		_main
  6718 ;; This function uses a non-reentrant model
  6719 ;;
  6720                           
  6721     08FB                     _lcd_clear:	
  6722                           ;psect for function _lcd_clear
  6723                           
  6724     08FB                     l2569:	
  6725                           ;incstack = 0
  6726                           ; Regs used in _lcd_clear: [wreg+status,2+status,0+pclath+cstack]
  6727                           
  6728                           
  6729                           ;esd1.c: 111:     lcd(0, 0x01);
  6730     08FB  3000               	movlw	0
  6731     08FC  00F4               	movwf	lcd@rs
  6732     08FD  00F5               	movwf	lcd@rs+1
  6733     08FE  01F6               	clrf	lcd@data
  6734     08FF  0AF6               	incf	lcd@data,f
  6735     0900  120A  158A  20D7  120A  158A  	fcall	_lcd
  6736                           
  6737                           ;esd1.c: 112:     busy_delay_ms(2);
  6738     0905  3002               	movlw	2
  6739     0906  00F0               	movwf	busy_delay_ms@ms
  6740     0907  3000               	movlw	0
  6741     0908  00F1               	movwf	busy_delay_ms@ms+1
  6742     0909  120A  158A  2153  120A  158A  	fcall	_busy_delay_ms
  6743     090E                     l135:
  6744     090E  0008               	return
  6745     090F                     __end_of_lcd_clear:
  6746                           
  6747                           	psect	text31
  6748     08D7                     __ptext31:	
  6749 ;; *************** function _lcd *****************
  6750 ;; Defined at:
  6751 ;;		line 102 in file "esd1.c"
  6752 ;; Parameters:    Size  Location     Type
  6753 ;;  rs              2    4[COMMON] int 
  6754 ;;  data            1    6[COMMON] unsigned char 
  6755 ;; Auto vars:     Size  Location     Type
  6756 ;;		None
  6757 ;; Return value:  Size  Location     Type
  6758 ;;                  1    wreg      void 
  6759 ;; Registers used:
  6760 ;;		wreg, status,2, status,0, pclath, cstack
  6761 ;; Tracked objects:
  6762 ;;		On entry : 0/0
  6763 ;;		On exit  : 0/0
  6764 ;;		Unchanged: 0/0
  6765 ;; Data sizes:     COMMON   BANK0   BANK1   BANK3   BANK2
  6766 ;;      Params:         3       0       0       0       0
  6767 ;;      Locals:         0       0       0       0       0
  6768 ;;      Temps:          0       0       0       0       0
  6769 ;;      Totals:         3       0       0       0       0
  6770 ;;Total ram usage:        3 bytes
  6771 ;; Hardware stack levels used: 1
  6772 ;; Hardware stack levels required when called: 2
  6773 ;; This function calls:
  6774 ;;		_enable
  6775 ;; This function is called by:
  6776 ;;		_lcd_clear
  6777 ;;		_print
  6778 ;;		_main
  6779 ;; This function uses a non-reentrant model
  6780 ;;
  6781                           
  6782     08D7                     _lcd:	
  6783                           ;psect for function _lcd
  6784                           
  6785     08D7                     l2435:	
  6786                           ;incstack = 0
  6787                           ; Regs used in _lcd: [wreg+status,2+status,0+pclath+cstack]
  6788                           
  6789                           
  6790                           ;esd1.c: 102: void lcd(int rs, char data);esd1.c: 103: {;esd1.c: 104:     RE0 = rs;
  6791     08D7  1874               	btfsc	lcd@rs,0
  6792     08D8  28DA               	goto	u1811
  6793     08D9  28DE               	goto	u1810
  6794     08DA                     u1811:
  6795     08DA  1283               	bcf	3,5	;RP0=0, select bank0
  6796     08DB  1303               	bcf	3,6	;RP1=0, select bank0
  6797     08DC  1409               	bsf	9,0	;volatile
  6798     08DD  28E1               	goto	u1824
  6799     08DE                     u1810:
  6800     08DE  1283               	bcf	3,5	;RP0=0, select bank0
  6801     08DF  1303               	bcf	3,6	;RP1=0, select bank0
  6802     08E0  1009               	bcf	9,0	;volatile
  6803     08E1                     u1824:
  6804     08E1                     l2437:
  6805                           
  6806                           ;esd1.c: 105:     PORTD = data;
  6807     08E1  0876               	movf	lcd@data,w
  6808     08E2  0088               	movwf	8	;volatile
  6809     08E3                     l2439:
  6810                           
  6811                           ;esd1.c: 106:     enable();
  6812     08E3  120A  158A  216C  120A  158A  	fcall	_enable
  6813     08E8                     l132:
  6814     08E8  0008               	return
  6815     08E9                     __end_of_lcd:
  6816                           
  6817                           	psect	text32
  6818     096C                     __ptext32:	
  6819 ;; *************** function _enable *****************
  6820 ;; Defined at:
  6821 ;;		line 94 in file "esd1.c"
  6822 ;; Parameters:    Size  Location     Type
  6823 ;;		None
  6824 ;; Auto vars:     Size  Location     Type
  6825 ;;		None
  6826 ;; Return value:  Size  Location     Type
  6827 ;;                  1    wreg      void 
  6828 ;; Registers used:
  6829 ;;		wreg, status,2, status,0, pclath, cstack
  6830 ;; Tracked objects:
  6831 ;;		On entry : 0/0
  6832 ;;		On exit  : 0/0
  6833 ;;		Unchanged: 0/0
  6834 ;; Data sizes:     COMMON   BANK0   BANK1   BANK3   BANK2
  6835 ;;      Params:         0       0       0       0       0
  6836 ;;      Locals:         0       0       0       0       0
  6837 ;;      Temps:          0       0       0       0       0
  6838 ;;      Totals:         0       0       0       0       0
  6839 ;;Total ram usage:        0 bytes
  6840 ;; Hardware stack levels used: 1
  6841 ;; Hardware stack levels required when called: 1
  6842 ;; This function calls:
  6843 ;;		_busy_delay_ms
  6844 ;; This function is called by:
  6845 ;;		_lcd
  6846 ;; This function uses a non-reentrant model
  6847 ;;
  6848                           
  6849     096C                     _enable:	
  6850                           ;psect for function _enable
  6851                           
  6852     096C                     l2337:	
  6853                           ;incstack = 0
  6854                           ; Regs used in _enable: [wreg+status,2+status,0+pclath+cstack]
  6855                           
  6856                           
  6857                           ;esd1.c: 96:     RE1 = 1;
  6858     096C  1283               	bcf	3,5	;RP0=0, select bank0
  6859     096D  1303               	bcf	3,6	;RP1=0, select bank0
  6860     096E  1489               	bsf	9,1	;volatile
  6861     096F                     l2339:
  6862                           
  6863                           ;esd1.c: 97:     busy_delay_ms(1);
  6864     096F  3001               	movlw	1
  6865     0970  00F0               	movwf	busy_delay_ms@ms
  6866     0971  3000               	movlw	0
  6867     0972  00F1               	movwf	busy_delay_ms@ms+1
  6868     0973  120A  158A  2153  120A  158A  	fcall	_busy_delay_ms
  6869     0978                     l2341:
  6870                           
  6871                           ;esd1.c: 98:     RE1 = 0;
  6872     0978  1283               	bcf	3,5	;RP0=0, select bank0
  6873     0979  1303               	bcf	3,6	;RP1=0, select bank0
  6874     097A  1089               	bcf	9,1	;volatile
  6875                           
  6876                           ;esd1.c: 99:     busy_delay_ms(1);
  6877     097B  3001               	movlw	1
  6878     097C  00F0               	movwf	busy_delay_ms@ms
  6879     097D  3000               	movlw	0
  6880     097E  00F1               	movwf	busy_delay_ms@ms+1
  6881     097F  120A  158A  2153  120A  158A  	fcall	_busy_delay_ms
  6882     0984                     l129:
  6883     0984  0008               	return
  6884     0985                     __end_of_enable:
  6885                           
  6886                           	psect	text33
  6887     0953                     __ptext33:	
  6888 ;; *************** function _busy_delay_ms *****************
  6889 ;; Defined at:
  6890 ;;		line 89 in file "esd1.c"
  6891 ;; Parameters:    Size  Location     Type
  6892 ;;  ms              2    0[COMMON] unsigned int 
  6893 ;; Auto vars:     Size  Location     Type
  6894 ;;		None
  6895 ;; Return value:  Size  Location     Type
  6896 ;;                  1    wreg      void 
  6897 ;; Registers used:
  6898 ;;		wreg, status,2, status,0
  6899 ;; Tracked objects:
  6900 ;;		On entry : 0/0
  6901 ;;		On exit  : 0/0
  6902 ;;		Unchanged: 0/0
  6903 ;; Data sizes:     COMMON   BANK0   BANK1   BANK3   BANK2
  6904 ;;      Params:         2       0       0       0       0
  6905 ;;      Locals:         0       0       0       0       0
  6906 ;;      Temps:          2       0       0       0       0
  6907 ;;      Totals:         4       0       0       0       0
  6908 ;;Total ram usage:        4 bytes
  6909 ;; Hardware stack levels used: 1
  6910 ;; This function calls:
  6911 ;;		Nothing
  6912 ;; This function is called by:
  6913 ;;		_enable
  6914 ;;		_lcd_clear
  6915 ;;		_handle_fault
  6916 ;;		_clear_external_eeprom
  6917 ;;		_main
  6918 ;; This function uses a non-reentrant model
  6919 ;;
  6920                           
  6921     0953                     _busy_delay_ms:	
  6922                           ;psect for function _busy_delay_ms
  6923                           
  6924     0953                     l2303:	
  6925                           ;incstack = 0
  6926                           ; Regs used in _busy_delay_ms: [wreg+status,2+status,0]
  6927                           
  6928                           
  6929                           ;esd1.c: 90:     while(ms--) _delay((unsigned long)((1)*(8000000/4000.0)));
  6930     0953  295D               	goto	l2307
  6931     0954                     l2305:
  6932     0954  3003               	movlw	3
  6933     0955  00F3               	movwf	??_busy_delay_ms+1
  6934     0956  3097               	movlw	151
  6935     0957  00F2               	movwf	??_busy_delay_ms
  6936     0958                     u3267:
  6937     0958  0BF2               	decfsz	??_busy_delay_ms,f
  6938     0959  2958               	goto	u3267
  6939     095A  0BF3               	decfsz	??_busy_delay_ms+1,f
  6940     095B  2958               	goto	u3267
  6941     095C  295D               	nop2
  6942     095D                     l2307:
  6943     095D  3001               	movlw	1
  6944     095E  02F0               	subwf	busy_delay_ms@ms,f
  6945     095F  3000               	movlw	0
  6946     0960  1C03               	skipc
  6947     0961  03F1               	decf	busy_delay_ms@ms+1,f
  6948     0962  02F1               	subwf	busy_delay_ms@ms+1,f
  6949     0963  0A70               	incf	busy_delay_ms@ms,w
  6950     0964  1D03               	skipz
  6951     0965  296A               	goto	u1611
  6952     0966  0A71               	incf	busy_delay_ms@ms+1,w
  6953     0967  1D03               	btfss	3,2
  6954     0968  296A               	goto	u1611
  6955     0969  296B               	goto	u1610
  6956     096A                     u1611:
  6957     096A  2954               	goto	l2305
  6958     096B                     u1610:
  6959     096B                     l126:
  6960     096B  0008               	return
  6961     096C                     __end_of_busy_delay_ms:
  6962                           
  6963                           	psect	text34
  6964     093B                     __ptext34:	
  6965 ;; *************** function _classify_fault *****************
  6966 ;; Defined at:
  6967 ;;		line 526 in file "esd1.c"
  6968 ;; Parameters:    Size  Location     Type
  6969 ;;		None
  6970 ;; Auto vars:     Size  Location     Type
  6971 ;;		None
  6972 ;; Return value:  Size  Location     Type
  6973 ;;                  1    wreg      enum E1349
  6974 ;; Registers used:
  6975 ;;		wreg, status,2, status,0
  6976 ;; Tracked objects:
  6977 ;;		On entry : 0/0
  6978 ;;		On exit  : 0/0
  6979 ;;		Unchanged: 0/0
  6980 ;; Data sizes:     COMMON   BANK0   BANK1   BANK3   BANK2
  6981 ;;      Params:         0       0       0       0       0
  6982 ;;      Locals:         0       0       0       0       0
  6983 ;;      Temps:          0       0       0       0       0
  6984 ;;      Totals:         0       0       0       0       0
  6985 ;;Total ram usage:        0 bytes
  6986 ;; Hardware stack levels used: 1
  6987 ;; This function calls:
  6988 ;;		Nothing
  6989 ;; This function is called by:
  6990 ;;		_main
  6991 ;; This function uses a non-reentrant model
  6992 ;;
  6993                           
  6994     093B                     _classify_fault:	
  6995                           ;psect for function _classify_fault
  6996                           
  6997     093B                     l3111:	
  6998                           ;incstack = 0
  6999                           ; Regs used in _classify_fault: [wreg+status,2+status,0]
  7000                           
  7001                           
  7002                           ;esd1.c: 528:     if (last_fault_context.ackstat_set) {
  7003     093B  1283               	bcf	3,5	;RP0=0, select bank0
  7004     093C  1303               	bcf	3,6	;RP1=0, select bank0
  7005     093D  085C               	movf	_last_fault_context,w
  7006     093E  045D               	iorwf	_last_fault_context+1,w
  7007     093F  1903               	btfsc	3,2
  7008     0940  2942               	goto	u2791
  7009     0941  2943               	goto	u2790
  7010     0942                     u2791:
  7011     0942  2945               	goto	l312
  7012     0943                     u2790:
  7013     0943                     l3113:
  7014                           
  7015                           ;esd1.c: 529:         return FAULT_NACK;
  7016     0943  3003               	movlw	3
  7017     0944  2952               	goto	l313
  7018     0945                     l312:	
  7019                           ;esd1.c: 530:     }
  7020                           
  7021                           
  7022                           ;esd1.c: 531:     if (PORTCbits.RC3 == 0) {
  7023     0945  1987               	btfsc	7,3	;volatile
  7024     0946  2948               	goto	u2801
  7025     0947  2949               	goto	u2800
  7026     0948                     u2801:
  7027     0948  294B               	goto	l314
  7028     0949                     u2800:
  7029     0949                     l3117:
  7030                           
  7031                           ;esd1.c: 532:         return FAULT_SCL_STUCK;
  7032     0949  3002               	movlw	2
  7033     094A  2952               	goto	l313
  7034     094B                     l314:	
  7035                           ;esd1.c: 533:     }
  7036                           
  7037                           
  7038                           ;esd1.c: 534:     if (PORTCbits.RC4 == 0) {
  7039     094B  1A07               	btfsc	7,4	;volatile
  7040     094C  294E               	goto	u2811
  7041     094D  294F               	goto	u2810
  7042     094E                     u2811:
  7043     094E  2951               	goto	l3125
  7044     094F                     u2810:
  7045     094F                     l3121:
  7046                           
  7047                           ;esd1.c: 535:         return FAULT_SDA_STUCK;
  7048     094F  3001               	movlw	1
  7049     0950  2952               	goto	l313
  7050     0951                     l3125:
  7051                           
  7052                           ;esd1.c: 537:     return FAULT_TIMEOUT;
  7053     0951  3004               	movlw	4
  7054     0952                     l313:
  7055     0952  0008               	return
  7056     0953                     __end_of_classify_fault:
  7057                           
  7058                           	psect	text35
  7059     0BF6                     __ptext35:	
  7060 ;; *************** function _buffer_fault_in_internal_eeprom *****************
  7061 ;; Defined at:
  7062 ;;		line 458 in file "esd1.c"
  7063 ;; Parameters:    Size  Location     Type
  7064 ;;  fault_type      1    wreg     unsigned char 
  7065 ;;  hour            1    2[COMMON] unsigned char 
  7066 ;;  minute          1    3[COMMON] unsigned char 
  7067 ;;  second          1    4[COMMON] unsigned char 
  7068 ;; Auto vars:     Size  Location     Type
  7069 ;;  fault_type      1    7[COMMON] unsigned char 
  7070 ;; Return value:  Size  Location     Type
  7071 ;;                  1    wreg      void 
  7072 ;; Registers used:
  7073 ;;		wreg, status,2, status,0, pclath, cstack
  7074 ;; Tracked objects:
  7075 ;;		On entry : 0/0
  7076 ;;		On exit  : 0/0
  7077 ;;		Unchanged: 0/0
  7078 ;; Data sizes:     COMMON   BANK0   BANK1   BANK3   BANK2
  7079 ;;      Params:         3       0       0       0       0
  7080 ;;      Locals:         1       0       0       0       0
  7081 ;;      Temps:          2       0       0       0       0
  7082 ;;      Totals:         6       0       0       0       0
  7083 ;;Total ram usage:        6 bytes
  7084 ;; Hardware stack levels used: 1
  7085 ;; Hardware stack levels required when called: 1
  7086 ;; This function calls:
  7087 ;;		_internal_eeprom_read
  7088 ;;		_internal_eeprom_write
  7089 ;; This function is called by:
  7090 ;;		_main
  7091 ;; This function uses a non-reentrant model
  7092 ;;
  7093                           
  7094     0BF6                     _buffer_fault_in_internal_eeprom:	
  7095                           ;psect for function _buffer_fault_in_internal_eeprom
  7096                           
  7097                           
  7098                           ;incstack = 0
  7099                           ; Regs used in _buffer_fault_in_internal_eeprom: [wreg+status,2+status,0+pclath+cstack]
  7100                           ;buffer_fault_in_internal_eeprom@fault_type stored from wreg
  7101     0BF6  00F7               	movwf	buffer_fault_in_internal_eeprom@fault_type
  7102     0BF7                     l3087:
  7103                           
  7104                           ;esd1.c: 458: void buffer_fault_in_internal_eeprom(unsigned char fault_type, unsigned ch
      +                          ar hour, unsigned char minute, unsigned char second);esd1.c: 459: {;esd1.c: 460:     if 
      +                          (internal_eeprom_read(4) != 0) return;
  7105     0BF7  3004               	movlw	4
  7106     0BF8  120A  158A  20CA  120A  158A  	fcall	_internal_eeprom_read
  7107     0BFD  3A00               	xorlw	0
  7108     0BFE  1903               	skipnz
  7109     0BFF  2C01               	goto	u2761
  7110     0C00  2C02               	goto	u2760
  7111     0C01                     u2761:
  7112     0C01  2C03               	goto	l294
  7113     0C02                     u2760:
  7114     0C02  2C3A               	goto	l295
  7115     0C03                     l294:
  7116     0C03  0064               	clrwdt	;# 
  7117     0C04                     l3091:
  7118                           
  7119                           ;esd1.c: 463:     internal_eeprom_write(0, fault_type);
  7120     0C04  0877               	movf	buffer_fault_in_internal_eeprom@fault_type,w
  7121     0C05  00F0               	movwf	internal_eeprom_write@data
  7122     0C06  3000               	movlw	0
  7123     0C07  120A  158A  219F  120A  158A  	fcall	_internal_eeprom_write
  7124     0C0C  0064               	clrwdt	;# 
  7125                           
  7126                           ;esd1.c: 465:     internal_eeprom_write(0 + 1, hour);
  7127     0C0D  0872               	movf	buffer_fault_in_internal_eeprom@hour,w
  7128     0C0E  00F0               	movwf	internal_eeprom_write@data
  7129     0C0F  3001               	movlw	1
  7130     0C10  120A  158A  219F  120A  158A  	fcall	_internal_eeprom_write
  7131     0C15  0064               	clrwdt	;# 
  7132                           
  7133                           ;esd1.c: 467:     internal_eeprom_write(0 + 2, minute);
  7134     0C16  0873               	movf	buffer_fault_in_internal_eeprom@minute,w
  7135     0C17  00F0               	movwf	internal_eeprom_write@data
  7136     0C18  3002               	movlw	2
  7137     0C19  120A  158A  219F  120A  158A  	fcall	_internal_eeprom_write
  7138     0C1E  0064               	clrwdt	;# 
  7139                           
  7140                           ;esd1.c: 469:     internal_eeprom_write(0 + 3, second);
  7141     0C1F  0874               	movf	buffer_fault_in_internal_eeprom@second,w
  7142     0C20  00F0               	movwf	internal_eeprom_write@data
  7143     0C21  3003               	movlw	3
  7144     0C22  120A  158A  219F  120A  158A  	fcall	_internal_eeprom_write
  7145     0C27  0064               	clrwdt	;# 
  7146     0C28                     l3093:
  7147                           
  7148                           ;esd1.c: 471:     _delay((unsigned long)((10)*(8000000/4000.0)));
  7149     0C28  301A               	movlw	26
  7150     0C29  00F6               	movwf	??_buffer_fault_in_internal_eeprom+1
  7151     0C2A  30F8               	movlw	248
  7152     0C2B  00F5               	movwf	??_buffer_fault_in_internal_eeprom
  7153     0C2C                     u3277:
  7154     0C2C  0BF5               	decfsz	??_buffer_fault_in_internal_eeprom,f
  7155     0C2D  2C2C               	goto	u3277
  7156     0C2E  0BF6               	decfsz	??_buffer_fault_in_internal_eeprom+1,f
  7157     0C2F  2C2C               	goto	u3277
  7158     0C30  0000               	nop
  7159     0C31  0064               	clrwdt	;# 
  7160     0C32                     l3095:
  7161                           
  7162                           ;esd1.c: 473:     internal_eeprom_write(4, 1);
  7163     0C32  01F0               	clrf	internal_eeprom_write@data
  7164     0C33  0AF0               	incf	internal_eeprom_write@data,f
  7165     0C34  3004               	movlw	4
  7166     0C35  120A  158A  219F  120A  158A  	fcall	_internal_eeprom_write
  7167     0C3A                     l295:
  7168     0C3A  0008               	return
  7169     0C3B                     __end_of_buffer_fault_in_internal_eeprom:
  7170                           
  7171                           	psect	text36
  7172     099F                     __ptext36:	
  7173 ;; *************** function _internal_eeprom_write *****************
  7174 ;; Defined at:
  7175 ;;		line 395 in file "esd1.c"
  7176 ;; Parameters:    Size  Location     Type
  7177 ;;  addr            1    wreg     unsigned char 
  7178 ;;  data            1    0[COMMON] unsigned char 
  7179 ;; Auto vars:     Size  Location     Type
  7180 ;;  addr            1    1[COMMON] unsigned char 
  7181 ;; Return value:  Size  Location     Type
  7182 ;;                  1    wreg      void 
  7183 ;; Registers used:
  7184 ;;		wreg
  7185 ;; Tracked objects:
  7186 ;;		On entry : 0/0
  7187 ;;		On exit  : 0/0
  7188 ;;		Unchanged: 0/0
  7189 ;; Data sizes:     COMMON   BANK0   BANK1   BANK3   BANK2
  7190 ;;      Params:         1       0       0       0       0
  7191 ;;      Locals:         1       0       0       0       0
  7192 ;;      Temps:          0       0       0       0       0
  7193 ;;      Totals:         2       0       0       0       0
  7194 ;;Total ram usage:        2 bytes
  7195 ;; Hardware stack levels used: 1
  7196 ;; This function calls:
  7197 ;;		Nothing
  7198 ;; This function is called by:
  7199 ;;		_save_log_state
  7200 ;;		_restore_log_state
  7201 ;;		_buffer_fault_in_internal_eeprom
  7202 ;;		_flush_internal_eeprom_fault
  7203 ;; This function uses a non-reentrant model
  7204 ;;
  7205                           
  7206     099F                     _internal_eeprom_write:	
  7207                           ;psect for function _internal_eeprom_write
  7208                           
  7209                           
  7210                           ;incstack = 0
  7211                           ; Regs used in _internal_eeprom_write: [wreg]
  7212                           ;internal_eeprom_write@addr stored from wreg
  7213     099F  00F1               	movwf	internal_eeprom_write@addr
  7214     09A0                     l2423:
  7215     09A0                     l273:	
  7216                           ;esd1.c: 395: void internal_eeprom_write(unsigned char addr, unsigned char data);esd1.c:
      +                           396: {;esd1.c: 397:     while(EECON1bits.WR);
  7217                           
  7218     09A0  1683               	bsf	3,5	;RP0=1, select bank3
  7219     09A1  1703               	bsf	3,6	;RP1=1, select bank3
  7220     09A2  188C               	btfsc	12,1	;volsfr
  7221     09A3  29A5               	goto	u1791
  7222     09A4  29A6               	goto	u1790
  7223     09A5                     u1791:
  7224     09A5  29A0               	goto	l273
  7225     09A6                     u1790:
  7226     09A6                     l2425:
  7227                           
  7228                           ;esd1.c: 398:     EEADR = addr;
  7229     09A6  0871               	movf	internal_eeprom_write@addr,w
  7230     09A7  1283               	bcf	3,5	;RP0=0, select bank2
  7231     09A8  1703               	bsf	3,6	;RP1=1, select bank2
  7232     09A9  008D               	movwf	13	;volatile
  7233                           
  7234                           ;esd1.c: 399:     EEDATA = data;
  7235     09AA  0870               	movf	internal_eeprom_write@data,w
  7236     09AB  008C               	movwf	12	;volatile
  7237     09AC                     l2427:
  7238                           
  7239                           ;esd1.c: 400:     EECON1bits.EEPGD = 0;
  7240     09AC  1683               	bsf	3,5	;RP0=1, select bank3
  7241     09AD  1703               	bsf	3,6	;RP1=1, select bank3
  7242     09AE  138C               	bcf	12,7	;volsfr
  7243     09AF                     l2429:
  7244                           
  7245                           ;esd1.c: 401:     EECON1bits.WREN = 1;
  7246     09AF  150C               	bsf	12,2	;volsfr
  7247     09B0                     l2431:
  7248                           
  7249                           ;esd1.c: 402:     INTCONbits.GIE = 0;
  7250     09B0  138B               	bcf	11,7	;volatile
  7251                           
  7252                           ;esd1.c: 403:     EECON2 = 0x55;
  7253     09B1  3055               	movlw	85
  7254     09B2  008D               	movwf	13	;volsfr
  7255                           
  7256                           ;esd1.c: 404:     EECON2 = 0xAA;
  7257     09B3  30AA               	movlw	170
  7258     09B4  008D               	movwf	13	;volsfr
  7259     09B5                     l2433:
  7260                           
  7261                           ;esd1.c: 405:     EECON1bits.WR = 1;
  7262     09B5  148C               	bsf	12,1	;volsfr
  7263     09B6                     l276:	
  7264                           ;esd1.c: 406:     while (EECON1bits.WR);
  7265                           
  7266     09B6  188C               	btfsc	12,1	;volsfr
  7267     09B7  29B9               	goto	u1801
  7268     09B8  29BA               	goto	u1800
  7269     09B9                     u1801:
  7270     09B9  29B6               	goto	l276
  7271     09BA                     u1800:
  7272     09BA                     l278:
  7273                           
  7274                           ;esd1.c: 407:     EECON1bits.WREN = 0;
  7275     09BA  110C               	bcf	12,2	;volsfr
  7276                           
  7277                           ;esd1.c: 408:     INTCONbits.GIE = 1;
  7278     09BB  178B               	bsf	11,7	;volatile
  7279     09BC                     l279:
  7280     09BC  0008               	return
  7281     09BD                     __end_of_internal_eeprom_write:
  7282                           
  7283                           	psect	text37
  7284     08CA                     __ptext37:	
  7285 ;; *************** function _internal_eeprom_read *****************
  7286 ;; Defined at:
  7287 ;;		line 411 in file "esd1.c"
  7288 ;; Parameters:    Size  Location     Type
  7289 ;;  addr            1    wreg     unsigned char 
  7290 ;; Auto vars:     Size  Location     Type
  7291 ;;  addr            1    0[COMMON] unsigned char 
  7292 ;; Return value:  Size  Location     Type
  7293 ;;                  1    wreg      unsigned char 
  7294 ;; Registers used:
  7295 ;;		wreg
  7296 ;; Tracked objects:
  7297 ;;		On entry : 0/0
  7298 ;;		On exit  : 0/0
  7299 ;;		Unchanged: 0/0
  7300 ;; Data sizes:     COMMON   BANK0   BANK1   BANK3   BANK2
  7301 ;;      Params:         0       0       0       0       0
  7302 ;;      Locals:         1       0       0       0       0
  7303 ;;      Temps:          0       0       0       0       0
  7304 ;;      Totals:         1       0       0       0       0
  7305 ;;Total ram usage:        1 bytes
  7306 ;; Hardware stack levels used: 1
  7307 ;; This function calls:
  7308 ;;		Nothing
  7309 ;; This function is called by:
  7310 ;;		_restore_log_state
  7311 ;;		_buffer_fault_in_internal_eeprom
  7312 ;;		_flush_internal_eeprom_fault
  7313 ;; This function uses a non-reentrant model
  7314 ;;
  7315                           
  7316     08CA                     _internal_eeprom_read:	
  7317                           ;psect for function _internal_eeprom_read
  7318                           
  7319                           
  7320                           ;incstack = 0
  7321                           ; Regs used in _internal_eeprom_read: [wreg]
  7322                           ;internal_eeprom_read@addr stored from wreg
  7323     08CA  00F0               	movwf	internal_eeprom_read@addr
  7324     08CB                     l2791:
  7325                           
  7326                           ;esd1.c: 411: unsigned char internal_eeprom_read(unsigned char addr);esd1.c: 412: {;esd1
      +                          .c: 413:     EEADR = addr;
  7327     08CB  0870               	movf	internal_eeprom_read@addr,w
  7328     08CC  1283               	bcf	3,5	;RP0=0, select bank2
  7329     08CD  1703               	bsf	3,6	;RP1=1, select bank2
  7330     08CE  008D               	movwf	13	;volatile
  7331     08CF                     l2793:
  7332                           
  7333                           ;esd1.c: 414:     EECON1bits.EEPGD = 0;
  7334     08CF  1683               	bsf	3,5	;RP0=1, select bank3
  7335     08D0  1703               	bsf	3,6	;RP1=1, select bank3
  7336     08D1  138C               	bcf	12,7	;volsfr
  7337     08D2                     l2795:
  7338                           
  7339                           ;esd1.c: 415:     EECON1bits.RD = 1;
  7340     08D2  140C               	bsf	12,0	;volsfr
  7341                           
  7342                           ;esd1.c: 416:     return EEDATA;
  7343     08D3  1283               	bcf	3,5	;RP0=0, select bank2
  7344     08D4  1703               	bsf	3,6	;RP1=1, select bank2
  7345     08D5  080C               	movf	12,w	;volatile
  7346     08D6                     l282:
  7347     08D6  0008               	return
  7348     08D7                     __end_of_internal_eeprom_read:
  7349                           
  7350                           	psect	text38
  7351     0CE1                     __ptext38:	
  7352 ;; *************** function ___awmod *****************
  7353 ;; Defined at:
  7354 ;;		line 5 in file "C:\Program Files\Microchip\xc8\v2.40\pic\sources\c90\common\awmod.c"
  7355 ;; Parameters:    Size  Location     Type
  7356 ;;  divisor         2    9[COMMON] int 
  7357 ;;  dividend        2   11[COMMON] int 
  7358 ;; Auto vars:     Size  Location     Type
  7359 ;;  sign            1    1[BANK0 ] unsigned char 
  7360 ;;  counter         1    0[BANK0 ] unsigned char 
  7361 ;; Return value:  Size  Location     Type
  7362 ;;                  2    9[COMMON] int 
  7363 ;; Registers used:
  7364 ;;		wreg, status,2, status,0
  7365 ;; Tracked objects:
  7366 ;;		On entry : 0/0
  7367 ;;		On exit  : 0/0
  7368 ;;		Unchanged: 0/0
  7369 ;; Data sizes:     COMMON   BANK0   BANK1   BANK3   BANK2
  7370 ;;      Params:         4       0       0       0       0
  7371 ;;      Locals:         0       2       0       0       0
  7372 ;;      Temps:          1       0       0       0       0
  7373 ;;      Totals:         5       2       0       0       0
  7374 ;;Total ram usage:        7 bytes
  7375 ;; Hardware stack levels used: 1
  7376 ;; This function calls:
  7377 ;;		Nothing
  7378 ;; This function is called by:
  7379 ;;		_main
  7380 ;; This function uses a non-reentrant model
  7381 ;;
  7382                           
  7383     0CE1                     ___awmod:	
  7384                           ;psect for function ___awmod
  7385                           
  7386     0CE1                     l3283:	
  7387                           ;incstack = 0
  7388                           ; Regs used in ___awmod: [wreg+status,2+status,0]
  7389                           
  7390     0CE1  1283               	bcf	3,5	;RP0=0, select bank0
  7391     0CE2  1303               	bcf	3,6	;RP1=0, select bank0
  7392     0CE3  01A1               	clrf	___awmod@sign
  7393     0CE4                     l3285:
  7394     0CE4  1FFC               	btfss	___awmod@dividend+1,7
  7395     0CE5  2CE7               	goto	u2931
  7396     0CE6  2CE8               	goto	u2930
  7397     0CE7                     u2931:
  7398     0CE7  2CEF               	goto	l3291
  7399     0CE8                     u2930:
  7400     0CE8                     l3287:
  7401     0CE8  09FB               	comf	___awmod@dividend,f
  7402     0CE9  09FC               	comf	___awmod@dividend+1,f
  7403     0CEA  0AFB               	incf	___awmod@dividend,f
  7404     0CEB  1903               	skipnz
  7405     0CEC  0AFC               	incf	___awmod@dividend+1,f
  7406     0CED                     l3289:
  7407     0CED  01A1               	clrf	___awmod@sign
  7408     0CEE  0AA1               	incf	___awmod@sign,f
  7409     0CEF                     l3291:
  7410     0CEF  1FFA               	btfss	___awmod@divisor+1,7
  7411     0CF0  2CF2               	goto	u2941
  7412     0CF1  2CF3               	goto	u2940
  7413     0CF2                     u2941:
  7414     0CF2  2CF8               	goto	l3295
  7415     0CF3                     u2940:
  7416     0CF3                     l3293:
  7417     0CF3  09F9               	comf	___awmod@divisor,f
  7418     0CF4  09FA               	comf	___awmod@divisor+1,f
  7419     0CF5  0AF9               	incf	___awmod@divisor,f
  7420     0CF6  1903               	skipnz
  7421     0CF7  0AFA               	incf	___awmod@divisor+1,f
  7422     0CF8                     l3295:
  7423     0CF8  0879               	movf	___awmod@divisor,w
  7424     0CF9  047A               	iorwf	___awmod@divisor+1,w
  7425     0CFA  1903               	btfsc	3,2
  7426     0CFB  2CFD               	goto	u2951
  7427     0CFC  2CFE               	goto	u2950
  7428     0CFD                     u2951:
  7429     0CFD  2D2D               	goto	l3313
  7430     0CFE                     u2950:
  7431     0CFE                     l3297:
  7432     0CFE  01A0               	clrf	___awmod@counter
  7433     0CFF  0AA0               	incf	___awmod@counter,f
  7434     0D00  2D0C               	goto	l3303
  7435     0D01                     l3299:
  7436     0D01  3001               	movlw	1
  7437     0D02                     u2965:
  7438     0D02  1003               	clrc
  7439     0D03  0DF9               	rlf	___awmod@divisor,f
  7440     0D04  0DFA               	rlf	___awmod@divisor+1,f
  7441     0D05  3EFF               	addlw	-1
  7442     0D06  1D03               	skipz
  7443     0D07  2D02               	goto	u2965
  7444     0D08                     l3301:
  7445     0D08  3001               	movlw	1
  7446     0D09  00FD               	movwf	??___awmod
  7447     0D0A  087D               	movf	??___awmod,w
  7448     0D0B  07A0               	addwf	___awmod@counter,f
  7449     0D0C                     l3303:
  7450     0D0C  1FFA               	btfss	___awmod@divisor+1,7
  7451     0D0D  2D0F               	goto	u2971
  7452     0D0E  2D10               	goto	u2970
  7453     0D0F                     u2971:
  7454     0D0F  2D01               	goto	l3299
  7455     0D10                     u2970:
  7456     0D10                     l3305:
  7457     0D10  087A               	movf	___awmod@divisor+1,w
  7458     0D11  027C               	subwf	___awmod@dividend+1,w
  7459     0D12  1D03               	skipz
  7460     0D13  2D16               	goto	u2985
  7461     0D14  0879               	movf	___awmod@divisor,w
  7462     0D15  027B               	subwf	___awmod@dividend,w
  7463     0D16                     u2985:
  7464     0D16  1C03               	skipc
  7465     0D17  2D19               	goto	u2981
  7466     0D18  2D1A               	goto	u2980
  7467     0D19                     u2981:
  7468     0D19  2D20               	goto	l3309
  7469     0D1A                     u2980:
  7470     0D1A                     l3307:
  7471     0D1A  0879               	movf	___awmod@divisor,w
  7472     0D1B  02FB               	subwf	___awmod@dividend,f
  7473     0D1C  087A               	movf	___awmod@divisor+1,w
  7474     0D1D  1C03               	skipc
  7475     0D1E  03FC               	decf	___awmod@dividend+1,f
  7476     0D1F  02FC               	subwf	___awmod@dividend+1,f
  7477     0D20                     l3309:
  7478     0D20  3001               	movlw	1
  7479     0D21                     u2995:
  7480     0D21  1003               	clrc
  7481     0D22  0CFA               	rrf	___awmod@divisor+1,f
  7482     0D23  0CF9               	rrf	___awmod@divisor,f
  7483     0D24  3EFF               	addlw	-1
  7484     0D25  1D03               	skipz
  7485     0D26  2D21               	goto	u2995
  7486     0D27                     l3311:
  7487     0D27  3001               	movlw	1
  7488     0D28  02A0               	subwf	___awmod@counter,f
  7489     0D29  1D03               	btfss	3,2
  7490     0D2A  2D2C               	goto	u3001
  7491     0D2B  2D2D               	goto	u3000
  7492     0D2C                     u3001:
  7493     0D2C  2D10               	goto	l3305
  7494     0D2D                     u3000:
  7495     0D2D                     l3313:
  7496     0D2D  0821               	movf	___awmod@sign,w
  7497     0D2E  1903               	btfsc	3,2
  7498     0D2F  2D31               	goto	u3011
  7499     0D30  2D32               	goto	u3010
  7500     0D31                     u3011:
  7501     0D31  2D37               	goto	l3317
  7502     0D32                     u3010:
  7503     0D32                     l3315:
  7504     0D32  09FB               	comf	___awmod@dividend,f
  7505     0D33  09FC               	comf	___awmod@dividend+1,f
  7506     0D34  0AFB               	incf	___awmod@dividend,f
  7507     0D35  1903               	skipnz
  7508     0D36  0AFC               	incf	___awmod@dividend+1,f
  7509     0D37                     l3317:
  7510     0D37  087C               	movf	___awmod@dividend+1,w
  7511     0D38  00FA               	movwf	?___awmod+1
  7512     0D39  087B               	movf	___awmod@dividend,w
  7513     0D3A  00F9               	movwf	?___awmod
  7514     0D3B                     l678:
  7515     0D3B  0008               	return
  7516     0D3C                     __end_of___awmod:
  7517                           
  7518                           	psect	text39
  7519     0DF8                     __ptext39:	
  7520 ;; *************** function _I2C_bus_recovery *****************
  7521 ;; Defined at:
  7522 ;;		line 302 in file "esd1.c"
  7523 ;; Parameters:    Size  Location     Type
  7524 ;;		None
  7525 ;; Auto vars:     Size  Location     Type
  7526 ;;  i               2    4[COMMON] int 
  7527 ;; Return value:  Size  Location     Type
  7528 ;;                  1    wreg      void 
  7529 ;; Registers used:
  7530 ;;		wreg, status,2, status,0, btemp+1, pclath, cstack
  7531 ;; Tracked objects:
  7532 ;;		On entry : 0/0
  7533 ;;		On exit  : 0/0
  7534 ;;		Unchanged: 0/0
  7535 ;; Data sizes:     COMMON   BANK0   BANK1   BANK3   BANK2
  7536 ;;      Params:         0       0       0       0       0
  7537 ;;      Locals:         2       0       0       0       0
  7538 ;;      Temps:          2       0       0       0       0
  7539 ;;      Totals:         4       0       0       0       0
  7540 ;;Total ram usage:        4 bytes
  7541 ;; Hardware stack levels used: 1
  7542 ;; Hardware stack levels required when called: 1
  7543 ;; This function calls:
  7544 ;;		_I2C_reset
  7545 ;; This function is called by:
  7546 ;;		_main
  7547 ;; This function uses a non-reentrant model
  7548 ;;
  7549                           
  7550     0DF8                     _I2C_bus_recovery:	
  7551                           ;psect for function _I2C_bus_recovery
  7552                           
  7553     0DF8                     l2939:	
  7554                           ;incstack = 0
  7555                           ; Regs used in _I2C_bus_recovery: [wreg+status,2+status,0+btemp+1+pclath+cstack]
  7556                           
  7557                           
  7558                           ;esd1.c: 304:     int i;;esd1.c: 305:     SSPCONbits.SSPEN = 0;
  7559     0DF8  1283               	bcf	3,5	;RP0=0, select bank0
  7560     0DF9  1303               	bcf	3,6	;RP1=0, select bank0
  7561     0DFA  1294               	bcf	20,5	;volatile
  7562                           
  7563                           ;esd1.c: 306:     TRISC3 = 0;
  7564     0DFB  1683               	bsf	3,5	;RP0=1, select bank1
  7565     0DFC  1303               	bcf	3,6	;RP1=0, select bank1
  7566     0DFD  1187               	bcf	7,3	;volatile
  7567                           
  7568                           ;esd1.c: 307:     TRISC4 = 1;
  7569     0DFE  1607               	bsf	7,4	;volatile
  7570     0DFF                     l2941:
  7571                           
  7572                           ;esd1.c: 309:     for (i = 0; i < 9; ++i)
  7573     0DFF  01F4               	clrf	I2C_bus_recovery@i
  7574     0E00  01F5               	clrf	I2C_bus_recovery@i+1
  7575     0E01                     l235:
  7576                           
  7577                           ;esd1.c: 310:     {;esd1.c: 311:         PORTCbits.RC3 = 1; _delay((unsigned long)((50)*
      +                          (8000000/4000000.0)));
  7578     0E01  1283               	bcf	3,5	;RP0=0, select bank0
  7579     0E02  1303               	bcf	3,6	;RP1=0, select bank0
  7580     0E03  1587               	bsf	7,3	;volatile
  7581     0E04                     l2947:
  7582     0E04  3021               	movlw	33
  7583     0E05  00F2               	movwf	??_I2C_bus_recovery
  7584     0E06                     u3287:
  7585     0E06  0BF2               	decfsz	??_I2C_bus_recovery,f
  7586     0E07  2E06               	goto	u3287
  7587     0E08                     l2949:
  7588                           
  7589                           ;esd1.c: 312:         PORTCbits.RC3 = 0; _delay((unsigned long)((50)*(8000000/4000000.0)
      +                          ));
  7590     0E08  1283               	bcf	3,5	;RP0=0, select bank0
  7591     0E09  1303               	bcf	3,6	;RP1=0, select bank0
  7592     0E0A  1187               	bcf	7,3	;volatile
  7593     0E0B  3021               	movlw	33
  7594     0E0C  00F2               	movwf	??_I2C_bus_recovery
  7595     0E0D                     u3297:
  7596     0E0D  0BF2               	decfsz	??_I2C_bus_recovery,f
  7597     0E0E  2E0D               	goto	u3297
  7598     0E0F                     l2951:
  7599                           
  7600                           ;esd1.c: 313:         if (PORTCbits.RC4 == 1) break;
  7601     0E0F  1283               	bcf	3,5	;RP0=0, select bank0
  7602     0E10  1303               	bcf	3,6	;RP1=0, select bank0
  7603     0E11  1E07               	btfss	7,4	;volatile
  7604     0E12  2E14               	goto	u2591
  7605     0E13  2E15               	goto	u2590
  7606     0E14                     u2591:
  7607     0E14  2E16               	goto	l2955
  7608     0E15                     u2590:
  7609     0E15  2E29               	goto	l236
  7610     0E16                     l2955:
  7611                           
  7612                           ;esd1.c: 314:     }
  7613     0E16  3001               	movlw	1
  7614     0E17  07F4               	addwf	I2C_bus_recovery@i,f
  7615     0E18  1803               	skipnc
  7616     0E19  0AF5               	incf	I2C_bus_recovery@i+1,f
  7617     0E1A  3000               	movlw	0
  7618     0E1B  07F5               	addwf	I2C_bus_recovery@i+1,f
  7619     0E1C                     l2957:
  7620     0E1C  0875               	movf	I2C_bus_recovery@i+1,w
  7621     0E1D  3A80               	xorlw	128
  7622     0E1E  00FF               	movwf	btemp+1
  7623     0E1F  3080               	movlw	128
  7624     0E20  027F               	subwf	btemp+1,w
  7625     0E21  1D03               	skipz
  7626     0E22  2E25               	goto	u2605
  7627     0E23  3009               	movlw	9
  7628     0E24  0274               	subwf	I2C_bus_recovery@i,w
  7629     0E25                     u2605:
  7630     0E25  1C03               	skipc
  7631     0E26  2E28               	goto	u2601
  7632     0E27  2E29               	goto	u2600
  7633     0E28                     u2601:
  7634     0E28  2E01               	goto	l235
  7635     0E29                     u2600:
  7636     0E29                     l236:
  7637                           
  7638                           ;esd1.c: 316:     PORTCbits.RC3 = 1;
  7639     0E29  1283               	bcf	3,5	;RP0=0, select bank0
  7640     0E2A  1303               	bcf	3,6	;RP1=0, select bank0
  7641     0E2B  1587               	bsf	7,3	;volatile
  7642     0E2C                     l2959:
  7643                           
  7644                           ;esd1.c: 317:     _delay((unsigned long)((50)*(8000000/4000000.0)));
  7645     0E2C  3021               	movlw	33
  7646     0E2D  00F2               	movwf	??_I2C_bus_recovery
  7647     0E2E                     u3307:
  7648     0E2E  0BF2               	decfsz	??_I2C_bus_recovery,f
  7649     0E2F  2E2E               	goto	u3307
  7650     0E30                     l2961:
  7651                           
  7652                           ;esd1.c: 319:     TRISC4 = 0;
  7653     0E30  1683               	bsf	3,5	;RP0=1, select bank1
  7654     0E31  1303               	bcf	3,6	;RP1=0, select bank1
  7655     0E32  1207               	bcf	7,4	;volatile
  7656     0E33                     l2963:
  7657                           
  7658                           ;esd1.c: 320:     PORTCbits.RC4 = 0;
  7659     0E33  1283               	bcf	3,5	;RP0=0, select bank0
  7660     0E34  1303               	bcf	3,6	;RP1=0, select bank0
  7661     0E35  1207               	bcf	7,4	;volatile
  7662                           
  7663                           ;esd1.c: 321:     _delay((unsigned long)((50)*(8000000/4000000.0)));
  7664     0E36  3021               	movlw	33
  7665     0E37  00F2               	movwf	??_I2C_bus_recovery
  7666     0E38                     u3317:
  7667     0E38  0BF2               	decfsz	??_I2C_bus_recovery,f
  7668     0E39  2E38               	goto	u3317
  7669     0E3A                     l2965:
  7670                           
  7671                           ;esd1.c: 322:     PORTCbits.RC3 = 1;
  7672     0E3A  1283               	bcf	3,5	;RP0=0, select bank0
  7673     0E3B  1303               	bcf	3,6	;RP1=0, select bank0
  7674     0E3C  1587               	bsf	7,3	;volatile
  7675                           
  7676                           ;esd1.c: 323:     _delay((unsigned long)((50)*(8000000/4000000.0)));
  7677     0E3D  3021               	movlw	33
  7678     0E3E  00F2               	movwf	??_I2C_bus_recovery
  7679     0E3F                     u3327:
  7680     0E3F  0BF2               	decfsz	??_I2C_bus_recovery,f
  7681     0E40  2E3F               	goto	u3327
  7682     0E41                     l2967:
  7683                           
  7684                           ;esd1.c: 324:     PORTCbits.RC4 = 1;
  7685     0E41  1283               	bcf	3,5	;RP0=0, select bank0
  7686     0E42  1303               	bcf	3,6	;RP1=0, select bank0
  7687     0E43  1607               	bsf	7,4	;volatile
  7688                           
  7689                           ;esd1.c: 325:     _delay((unsigned long)((50)*(8000000/4000000.0)));
  7690     0E44  3021               	movlw	33
  7691     0E45  00F2               	movwf	??_I2C_bus_recovery
  7692     0E46                     u3337:
  7693     0E46  0BF2               	decfsz	??_I2C_bus_recovery,f
  7694     0E47  2E46               	goto	u3337
  7695     0E48                     l2969:
  7696                           
  7697                           ;esd1.c: 327:     I2C_reset();
  7698     0E48  120A  158A  21DD  120A  158A  	fcall	_I2C_reset
  7699     0E4D                     l2971:
  7700                           
  7701                           ;esd1.c: 328:     TRISC3 = 1;
  7702     0E4D  1683               	bsf	3,5	;RP0=1, select bank1
  7703     0E4E  1303               	bcf	3,6	;RP1=0, select bank1
  7704     0E4F  1587               	bsf	7,3	;volatile
  7705     0E50                     l2973:
  7706                           
  7707                           ;esd1.c: 329:     TRISC4 = 1;
  7708     0E50  1607               	bsf	7,4	;volatile
  7709     0E51                     l2975:
  7710                           
  7711                           ;esd1.c: 330:     _delay((unsigned long)((5)*(8000000/4000.0)));
  7712     0E51  300D               	movlw	13
  7713     0E52  00F3               	movwf	??_I2C_bus_recovery+1
  7714     0E53  30FB               	movlw	251
  7715     0E54  00F2               	movwf	??_I2C_bus_recovery
  7716     0E55                     u3347:
  7717     0E55  0BF2               	decfsz	??_I2C_bus_recovery,f
  7718     0E56  2E55               	goto	u3347
  7719     0E57  0BF3               	decfsz	??_I2C_bus_recovery+1,f
  7720     0E58  2E55               	goto	u3347
  7721     0E59  2E5A               	nop2
  7722     0E5A                     l238:
  7723     0E5A  0008               	return
  7724     0E5B                     __end_of_I2C_bus_recovery:
  7725                           
  7726                           	psect	text40
  7727     09DD                     __ptext40:	
  7728 ;; *************** function _I2C_reset *****************
  7729 ;; Defined at:
  7730 ;;		line 287 in file "esd1.c"
  7731 ;; Parameters:    Size  Location     Type
  7732 ;;		None
  7733 ;; Auto vars:     Size  Location     Type
  7734 ;;		None
  7735 ;; Return value:  Size  Location     Type
  7736 ;;                  1    wreg      void 
  7737 ;; Registers used:
  7738 ;;		wreg, status,2
  7739 ;; Tracked objects:
  7740 ;;		On entry : 0/0
  7741 ;;		On exit  : 0/0
  7742 ;;		Unchanged: 0/0
  7743 ;; Data sizes:     COMMON   BANK0   BANK1   BANK3   BANK2
  7744 ;;      Params:         0       0       0       0       0
  7745 ;;      Locals:         0       0       0       0       0
  7746 ;;      Temps:          2       0       0       0       0
  7747 ;;      Totals:         2       0       0       0       0
  7748 ;;Total ram usage:        2 bytes
  7749 ;; Hardware stack levels used: 1
  7750 ;; This function calls:
  7751 ;;		Nothing
  7752 ;; This function is called by:
  7753 ;;		_I2C_bus_recovery
  7754 ;; This function uses a non-reentrant model
  7755 ;;
  7756                           
  7757     09DD                     _I2C_reset:	
  7758                           ;psect for function _I2C_reset
  7759                           
  7760     09DD                     l2769:	
  7761                           ;incstack = 0
  7762                           ; Regs used in _I2C_reset: [wreg+status,2]
  7763                           
  7764                           
  7765                           ;esd1.c: 289:     SSPCONbits.SSPEN = 0;
  7766     09DD  1283               	bcf	3,5	;RP0=0, select bank0
  7767     09DE  1303               	bcf	3,6	;RP1=0, select bank0
  7768     09DF  1294               	bcf	20,5	;volatile
  7769     09E0                     l2771:
  7770                           
  7771                           ;esd1.c: 290:     _delay((unsigned long)((1)*(8000000/4000.0)));
  7772     09E0  3003               	movlw	3
  7773     09E1  00F1               	movwf	??_I2C_reset+1
  7774     09E2  3097               	movlw	151
  7775     09E3  00F0               	movwf	??_I2C_reset
  7776     09E4                     u3357:
  7777     09E4  0BF0               	decfsz	??_I2C_reset,f
  7778     09E5  29E4               	goto	u3357
  7779     09E6  0BF1               	decfsz	??_I2C_reset+1,f
  7780     09E7  29E4               	goto	u3357
  7781     09E8  29E9               	nop2
  7782     09E9                     l2773:
  7783                           
  7784                           ;esd1.c: 291:     SSPCON = 0x00;
  7785     09E9  1283               	bcf	3,5	;RP0=0, select bank0
  7786     09EA  1303               	bcf	3,6	;RP1=0, select bank0
  7787     09EB  0194               	clrf	20	;volatile
  7788     09EC                     l2775:
  7789                           
  7790                           ;esd1.c: 292:     SSPCON2 = 0x00;
  7791     09EC  1683               	bsf	3,5	;RP0=1, select bank1
  7792     09ED  1303               	bcf	3,6	;RP1=0, select bank1
  7793     09EE  0191               	clrf	17	;volatile
  7794     09EF                     l2777:
  7795                           
  7796                           ;esd1.c: 293:     SSPSTAT = 0x00;
  7797     09EF  0194               	clrf	20	;volatile
  7798     09F0                     l2779:
  7799                           
  7800                           ;esd1.c: 294:     SSPIF = 0;
  7801     09F0  1283               	bcf	3,5	;RP0=0, select bank0
  7802     09F1  1303               	bcf	3,6	;RP1=0, select bank0
  7803     09F2  118C               	bcf	12,3	;volatile
  7804     09F3                     l2781:
  7805                           
  7806                           ;esd1.c: 295:     SSPCON = 0x28;
  7807     09F3  3028               	movlw	40
  7808     09F4  0094               	movwf	20	;volatile
  7809     09F5                     l2783:
  7810                           
  7811                           ;esd1.c: 296:     SSPSTAT = 0x80;
  7812     09F5  3080               	movlw	128
  7813     09F6  1683               	bsf	3,5	;RP0=1, select bank1
  7814     09F7  1303               	bcf	3,6	;RP1=0, select bank1
  7815     09F8  0094               	movwf	20	;volatile
  7816     09F9                     l2785:
  7817                           
  7818                           ;esd1.c: 297:     SSPCON2 = 0x00;
  7819     09F9  0191               	clrf	17	;volatile
  7820     09FA                     l2787:
  7821                           
  7822                           ;esd1.c: 298:     SSPIF = 0;
  7823     09FA  1283               	bcf	3,5	;RP0=0, select bank0
  7824     09FB  1303               	bcf	3,6	;RP1=0, select bank0
  7825     09FC  118C               	bcf	12,3	;volatile
  7826     09FD                     l2789:
  7827                           
  7828                           ;esd1.c: 299:     SSPCONbits.SSPEN = 1;
  7829     09FD  1694               	bsf	20,5	;volatile
  7830     09FE                     l232:
  7831     09FE  0008               	return
  7832     09FF                     __end_of_I2C_reset:
  7833     007E                     btemp	set	126	;btemp
  7834     007E                     wtemp0	set	126
  7835                           
  7836                           	psect	idloc
  7837                           
  7838                           ;Config register IDLOC0 @ 0x2000
  7839                           ;	unspecified, using default values
  7840     2000                     	org	8192
  7841     2000  3FFF               	dw	16383
  7842                           
  7843                           ;Config register IDLOC1 @ 0x2001
  7844                           ;	unspecified, using default values
  7845     2001                     	org	8193
  7846     2001  3FFF               	dw	16383
  7847                           
  7848                           ;Config register IDLOC2 @ 0x2002
  7849                           ;	unspecified, using default values
  7850     2002                     	org	8194
  7851     2002  3FFF               	dw	16383
  7852                           
  7853                           ;Config register IDLOC3 @ 0x2003
  7854                           ;	unspecified, using default values
  7855     2003                     	org	8195
  7856     2003  3FFF               	dw	16383
  7857                           
  7858                           	psect	config
  7859                           
  7860                           ;Config register CONFIG1 @ 0x2007
  7861                           ;	Oscillator Selection bits
  7862                           ;	FOSC = INTRC_NOCLKOUT, INTOSCIO oscillator: I/O function on RA6/OSC2/CLKOUT pin, I/O f
      +                          unction on RA7/OSC1/CLKIN
  7863                           ;	Watchdog Timer Enable bit
  7864                           ;	WDTE = ON, WDT enabled
  7865                           ;	Power-up Timer Enable bit
  7866                           ;	PWRTE = ON, PWRT enabled
  7867                           ;	RE3/MCLR pin function select bit
  7868                           ;	MCLRE = ON, RE3/MCLR pin function is MCLR
  7869                           ;	Code Protection bit
  7870                           ;	CP = OFF, Program memory code protection is disabled
  7871                           ;	Data Code Protection bit
  7872                           ;	CPD = OFF, Data memory code protection is disabled
  7873                           ;	Brown Out Reset Selection bits
  7874                           ;	BOREN = OFF, BOR disabled
  7875                           ;	Internal External Switchover bit
  7876                           ;	IESO = ON, Internal/External Switchover mode is enabled
  7877                           ;	Fail-Safe Clock Monitor Enabled bit
  7878                           ;	FCMEN = ON, Fail-Safe Clock Monitor is enabled
  7879                           ;	Low Voltage Programming Enable bit
  7880                           ;	LVP = OFF, RB3 pin has digital I/O, HV on MCLR must be used for programming
  7881                           ;	In-Circuit Debugger Mode bit
  7882                           ;	DEBUG = 0x1, unprogrammed default
  7883     2007                     	org	8199
  7884     2007  2CEC               	dw	11500
  7885                           
  7886                           ;Config register CONFIG2 @ 0x2008
  7887                           ;	Brown-out Reset Selection bit
  7888                           ;	BOR4V = BOR40V, Brown-out Reset set to 4.0V
  7889                           ;	Flash Program Memory Self Write Enable bits
  7890                           ;	WRT = OFF, Write protection off
  7891     2008                     	org	8200
  7892     2008  3FFF               	dw	16383

Data Sizes:
    Strings     199
    Constant    10
    Data        1
    BSS         18
    Persistent  0
    Stack       0

Auto Spaces:
    Space          Size  Autos    Used
    COMMON           14     14      14
    BANK0            80     60      79
    BANK1            80     66      66
    BANK3            96      0       0
    BANK2            96      0       0

Pointer List with Targets:

    sprintf@cp	PTR const unsigned char  size(2) Largest target is 10
		 -> STR_16(CODE[7]), ?_sprintf(BANK0[2]), STR_6(CODE[8]), STR_5(CODE[7]), 
		 -> STR_4(CODE[8]), STR_3(CODE[5]), STR_2(CODE[10]), STR_1(CODE[10]), 

    sprintf@f	PTR const unsigned char  size(1) Largest target is 31
		 -> STR_7(CODE[31]), 

    sprintf@sp	PTR unsigned char  size(1) Largest target is 64
		 -> uart_send_fault_log@message(BANK1[64]), 

    sprintf@ap	PTR void [1] size(1) Largest target is 2
		 -> ?_sprintf(BANK0[2]), 

    read_temp_with_classification@temp_data	PTR int  size(1) Largest target is 2
		 -> main@temperature(BANK0[2]), 

    rtc_read@hour	PTR unsigned char  size(1) Largest target is 1
		 -> last_good_hour(BANK0[1]), main@hour(BANK0[1]), main@h(BANK0[1]), 

    rtc_read@min	PTR unsigned char  size(1) Largest target is 1
		 -> last_good_min(BANK0[1]), main@minute(BANK0[1]), main@m(BANK0[1]), 

    rtc_read@sec	PTR unsigned char  size(1) Largest target is 1
		 -> last_good_sec(BANK0[1]), main@second(BANK0[1]), main@s(BANK0[1]), 

    uart_send_fault_log@fault_name	PTR const unsigned char  size(1) Largest target is 10
		 -> STR_6(CODE[8]), STR_5(CODE[7]), STR_4(CODE[8]), STR_3(CODE[5]), 
		 -> STR_2(CODE[10]), STR_1(CODE[10]), 

    uart_tx_string@s	PTR const unsigned char  size(1) Largest target is 64
		 -> uart_send_fault_log@message(BANK1[64]), 

    print@ptr	PTR unsigned char  size(2) Largest target is 17
		 -> STR_15(CODE[17]), main@temp_str(BANK0[6]), STR_14(CODE[15]), STR_13(CODE[16]), 
		 -> STR_12(CODE[17]), STR_11(CODE[17]), STR_10(CODE[17]), STR_9(CODE[17]), 
		 -> STR_8(CODE[17]), 


Critical Paths under _main in COMMON

    _main->___awmod
    _main->_handle_fault
    _uart_tx_string->_uart_tx_char
    _sprintf->___lwmod
    ___lwmod->___lwdiv
    _rtc_read->_read_byte
    _restore_log_state->_internal_eeprom_write
    _read_temp_with_classification->___awdiv
    _read_temp_with_classification->_read_byte
    _repeated_start->_wait_i2c_idle
    _read_byte->_wait_i2c_idle
    _handle_fault->_print
    _flush_internal_eeprom_fault->_log_fault
    _log_fault->_eeprom_write_byte
    _eeprom_write_byte->_address
    _eeprom_write_byte->_write
    _write->_wait_i2c_idle
    _write->_wait_sspif_and_clear
    _stop->_wait_i2c_idle
    _start->_wait_i2c_idle
    _address->_wait_i2c_idle
    _address->_wait_sspif_and_clear
    _clear_external_eeprom->_print
    _save_log_state->_internal_eeprom_write
    _print->_lcd
    _lcd_clear->_lcd
    _enable->_busy_delay_ms
    _buffer_fault_in_internal_eeprom->_internal_eeprom_write
    ___awmod->___awdiv
    _I2C_bus_recovery->_I2C_reset

Critical Paths under _main in BANK0

    _main->_uart_send_fault_log
    _uart_send_fault_log->_sprintf
    _handle_fault->_print
    _flush_internal_eeprom_fault->_log_fault
    _clear_external_eeprom->_print

Critical Paths under _main in BANK1

    _main->_uart_send_fault_log

Critical Paths under _main in BANK3

    None.

Critical Paths under _main in BANK2

    None.

Call Graph Tables:

 ---------------------------------------------------------------------------------
 (Depth) Function   	        Calls       Base Space   Used Autos Params    Refs
 ---------------------------------------------------------------------------------
 (0) _main                                                26    26      0   31991
                                             34 BANK0     26    26      0
                   _I2C_bus_recovery
                            ___awdiv
                            ___awmod
    _buffer_fault_in_internal_eeprom
                      _busy_delay_ms
                     _classify_fault
              _clear_external_eeprom
        _flush_internal_eeprom_fault
                       _handle_fault
                                _lcd
                          _lcd_clear
                          _log_fault
                              _print
      _read_temp_with_classification
                  _restore_log_state
                           _rtc_read
                          _uart_init
                _uart_send_fault_log
 ---------------------------------------------------------------------------------
 (1) _uart_send_fault_log                                 75    72      3    2780
                                             25 BANK0      9     6      3
                                              0 BANK1     66    66      0
                            _sprintf
                     _uart_tx_string
 ---------------------------------------------------------------------------------
 (2) _uart_tx_string                                       2     2      0     100
                                              1 COMMON     2     2      0
                       _uart_tx_char
 ---------------------------------------------------------------------------------
 (3) _uart_tx_char                                         1     1      0      22
                                              0 COMMON     1     1      0
 ---------------------------------------------------------------------------------
 (2) _sprintf                                             29    20      9    2048
                                              0 BANK0     25    16      9
                            ___lwdiv
                            ___lwmod
                             ___wmul
                            _isdigit
 ---------------------------------------------------------------------------------
 (3) _isdigit                                              2     2      0      68
                                              0 COMMON     2     2      0
 ---------------------------------------------------------------------------------
 (3) ___wmul                                               6     2      4     244
                                              0 COMMON     6     2      4
 ---------------------------------------------------------------------------------
 (3) ___lwmod                                              6     2      4     311
                                              8 COMMON     6     2      4
                            ___lwdiv (ARG)
 ---------------------------------------------------------------------------------
 (3) ___lwdiv                                              8     4      4     314
                                              0 COMMON     8     4      4
 ---------------------------------------------------------------------------------
 (1) _uart_init                                            0     0      0       0
 ---------------------------------------------------------------------------------
 (1) _rtc_read                                             8     6      2    1300
                                              9 COMMON     4     2      2
                                              0 BANK0      4     4      0
                             ___bmul
                            _address
                          _read_byte
                     _repeated_start
                              _start
                               _stop
                              _write
 ---------------------------------------------------------------------------------
 (2) ___bmul                                               4     3      1     320
                                              0 COMMON     4     3      1
 ---------------------------------------------------------------------------------
 (1) _restore_log_state                                    4     4      0    1934
                                              2 COMMON     4     4      0
               _internal_eeprom_read
              _internal_eeprom_write
                     _save_log_state
 ---------------------------------------------------------------------------------
 (1) _read_temp_with_classification                       14    12      2    1169
                                              9 COMMON     2     0      2
                                              0 BANK0     12    12      0
                            ___awdiv
                            _address
                          _read_byte
                     _repeated_start
                              _start
                               _stop
                              _write
 ---------------------------------------------------------------------------------
 (2) _repeated_start                                       2     0      2       0
                                              2 COMMON     2     0      2
                      _wait_i2c_idle
 ---------------------------------------------------------------------------------
 (2) _read_byte                                            7     5      2      45
                                              2 COMMON     7     5      2
                      _wait_i2c_idle
 ---------------------------------------------------------------------------------
 (2) ___awdiv                                              9     5      4     756
                                              0 COMMON     9     5      4
 ---------------------------------------------------------------------------------
 (1) _handle_fault                                         6     3      3    3132
                                             12 COMMON     2     2      0
                                              3 BANK0      4     1      3
                      _busy_delay_ms
                              _print
 ---------------------------------------------------------------------------------
 (1) _flush_internal_eeprom_fault                          4     4      0    3377
                                              5 BANK0      4     4      0
               _internal_eeprom_read
              _internal_eeprom_write
                          _log_fault
 ---------------------------------------------------------------------------------
 (1) _log_fault                                            8     5      3    2307
                                             10 COMMON     3     0      3
                                              0 BANK0      5     5      0
                  _eeprom_write_byte
                     _save_log_state
 ---------------------------------------------------------------------------------
 (2) _eeprom_write_byte                                    5     2      3     718
                                              5 COMMON     5     2      3
                            _address
                              _start
                               _stop
                              _write
 ---------------------------------------------------------------------------------
 (2) _write                                                3     1      2      22
                                              2 COMMON     3     1      2
                      _wait_i2c_idle
               _wait_sspif_and_clear
 ---------------------------------------------------------------------------------
 (2) _stop                                                 2     0      2       0
                                              2 COMMON     2     0      2
                      _wait_i2c_idle
 ---------------------------------------------------------------------------------
 (2) _start                                                2     0      2       0
                                              2 COMMON     2     0      2
                      _wait_i2c_idle
 ---------------------------------------------------------------------------------
 (2) _address                                              3     1      2      22
                                              2 COMMON     3     1      2
                      _wait_i2c_idle
               _wait_sspif_and_clear
 ---------------------------------------------------------------------------------
 (3) _wait_sspif_and_clear                                 2     0      2       0
                                              0 COMMON     2     0      2
 ---------------------------------------------------------------------------------
 (3) _wait_i2c_idle                                        2     0      2       0
                                              0 COMMON     2     0      2
 ---------------------------------------------------------------------------------
 (1) _clear_external_eeprom                                0     0      0    5902
                      _busy_delay_ms
                          _lcd_clear
                              _print
                     _save_log_state
 ---------------------------------------------------------------------------------
 (2) _save_log_state                                       0     0      0     956
              _internal_eeprom_write
 ---------------------------------------------------------------------------------
 (1) _print                                                8     6      2    2252
                                              7 COMMON     5     3      2
                                              0 BANK0      3     3      0
                                _lcd
 ---------------------------------------------------------------------------------
 (1) _lcd_clear                                            0     0      0    2064
                      _busy_delay_ms
                                _lcd
 ---------------------------------------------------------------------------------
 (2) _lcd                                                  3     0      3    1434
                                              4 COMMON     3     0      3
                             _enable
 ---------------------------------------------------------------------------------
 (3) _enable                                               0     0      0     630
                      _busy_delay_ms
 ---------------------------------------------------------------------------------
 (4) _busy_delay_ms                                        4     2      2     630
                                              0 COMMON     4     2      2
 ---------------------------------------------------------------------------------
 (1) _classify_fault                                       0     0      0       0
 ---------------------------------------------------------------------------------
 (1) _buffer_fault_in_internal_eeprom                      6     3      3    1294
                                              2 COMMON     6     3      3
               _internal_eeprom_read
              _internal_eeprom_write
 ---------------------------------------------------------------------------------
 (3) _internal_eeprom_write                                2     1      1     956
                                              0 COMMON     2     1      1
 ---------------------------------------------------------------------------------
 (2) _internal_eeprom_read                                 1     1      0      22
                                              0 COMMON     1     1      0
 ---------------------------------------------------------------------------------
 (1) ___awmod                                              7     3      4     600
                                              9 COMMON     5     1      4
                                              0 BANK0      2     2      0
                            ___awdiv (ARG)
 ---------------------------------------------------------------------------------
 (1) _I2C_bus_recovery                                     4     4      0      46
                                              2 COMMON     4     4      0
                          _I2C_reset
 ---------------------------------------------------------------------------------
 (2) _I2C_reset                                            2     2      0       0
                                              0 COMMON     2     2      0
 ---------------------------------------------------------------------------------
 Estimated maximum stack depth 4
 ---------------------------------------------------------------------------------

 Call Graph Graphs:

 _main (ROOT)
   _I2C_bus_recovery
     _I2C_reset
   ___awdiv
   ___awmod
     ___awdiv (ARG)
   _buffer_fault_in_internal_eeprom
     _internal_eeprom_read
     _internal_eeprom_write
   _busy_delay_ms
   _classify_fault
   _clear_external_eeprom
     _busy_delay_ms
     _lcd_clear
       _busy_delay_ms
       _lcd
         _enable
           _busy_delay_ms
     _print
       _lcd
     _save_log_state
       _internal_eeprom_write
   _flush_internal_eeprom_fault
     _internal_eeprom_read
     _internal_eeprom_write
     _log_fault
       _eeprom_write_byte
         _address
           _wait_i2c_idle
           _wait_sspif_and_clear
         _start
           _wait_i2c_idle
         _stop
           _wait_i2c_idle
         _write
           _wait_i2c_idle
           _wait_sspif_and_clear
       _save_log_state
   _handle_fault
     _busy_delay_ms
     _print
   _lcd
   _lcd_clear
   _log_fault
   _print
   _read_temp_with_classification
     ___awdiv
     _address
     _read_byte
       _wait_i2c_idle
     _repeated_start
       _wait_i2c_idle
     _start
     _stop
     _write
   _restore_log_state
     _internal_eeprom_read
     _internal_eeprom_write
     _save_log_state
   _rtc_read
     ___bmul
     _address
     _read_byte
     _repeated_start
     _start
     _stop
     _write
   _uart_init
   _uart_send_fault_log
     _sprintf
       ___lwdiv
       ___lwmod
         ___lwdiv (ARG)
       ___wmul
       _isdigit
     _uart_tx_string
       _uart_tx_char

 Address spaces:
Name               Size   Autos  Total    Cost      Usage
BANK3               60      0       0       9        0.0%
BITBANK3            60      0       0       8        0.0%
SFR3                 0      0       0       4        0.0%
BITSFR3              0      0       0       4        0.0%
BANK2               60      0       0      11        0.0%
BITBANK2            60      0       0      10        0.0%
SFR2                 0      0       0       5        0.0%
BITSFR2              0      0       0       5        0.0%
BANK1               50     42      42       7       82.5%
BITBANK1            50      0       0       6        0.0%
SFR1                 0      0       0       2        0.0%
BITSFR1              0      0       0       2        0.0%
BANK0               50     3C      4F       5       98.8%
BITBANK0            50      0       0       4        0.0%
SFR0                 0      0       0       1        0.0%
BITSFR0              0      0       0       1        0.0%
COMMON               E      E       E       1      100.0%
BITCOMMON            E      0       0       0        0.0%
CODE                 0      0       0       0        0.0%
DATA                 0      0      9F      12        0.0%
ABS                  0      0      9F       3        0.0%
NULL                 0      0       0       0        0.0%
STACK                0      0       0       2        0.0%
EEDATA             100      0       0       0        0.0%


Microchip Technology PIC Macro Assembler V2.40 build 20220703182018 
Symbol Table                                                                                   Fri Apr 10 01:34:24 2026

  __end_of_buffer_fault_in_internal_eeprom 0C3B          ??_buffer_fault_in_internal_eeprom 0075  
         ?_buffer_fault_in_internal_eeprom 0072            _buffer_fault_in_internal_eeprom 0BF6  
                                        pc 0002                             ___bmul@product 0072  
                                       _BF 04A0                               ___awdiv@sign 0076  
                                       fsr 0004                        ___wmul@multiplicand 0072  
                          uart_tx_string@s 0072                               rtc_read@data 0023  
                                      l200 0AEF                                        l201 0B12  
                                      l210 0A47                                        l202 0B08  
                                      l132 08E8                                        l220 0E6C  
                                      l141 0CE0                                        l221 0EC0  
                                      l126 096B                                        l222 0E85  
                                      l150 08C9                                        l135 090E  
                                      l215 0A7D                                        l232 09FE  
                                      l312 0945                                        l216 0A72  
                                      l304 01CA                                        l144 099E  
                                      l313 0952                                        l129 0984  
                                      l209 0A52                                        l314 094B  
                                      l226 0EB6                                        l242 02A6  
                                      l235 0E01                                        l147 08C1  
                                      l236 0E29                                        l340 0B77  
                                      l180 09DC                                        l156 093A  
                                      l173 0A27                                        l181 09D7  
                                      l238 0E5A                                        l254 0DF7  
                                      l319 03ED                                        l167 0FFF  
                                      l184 0ABD                                        l192 0B21  
                                      l512 00F1                                        l273 09A0  
                                      l177 09D3                                        l185 0AE0  
                                      l337 0D96                                        l193 0B44  
                                      l282 08D6                                        l186 0AD6  
                                      l194 0B3A                                        l514 0109  
                                      l347 047E                                        l276 09B6  
                                      l508 07EC                                        l364 0569  
                                      l285 0AAE                                        l365 05D4  
                                      l278 09BA                                        l294 0C03  
                                      l279 09BC                                        l295 0C3A  
                                      l289 0F92                                        l465 05FB  
                                      l538 0923                                        l299 0C87  
                                      l665 0F27                                        l678 0D3B  
                                      l784 0BF5                                        l794 0BB1  
                                      l965 08FA                                        _RE0 0048  
                                      _RE1 0049                                        _PEN 048A  
                             rtc_read@hour 0020                                        _SEN 0488  
                    eeprom_write_byte@addr 0075                      eeprom_write_byte@data 0077  
                                      _lcd 08D7                                        fsr0 0004  
                                      indf 0000                               ___awmod@sign 0021  
                   ?_clear_external_eeprom 0070                                       l3101 0C47  
                                     l3111 093B                                       l2303 0953  
                                     l2311 0A06                                       l3103 0C6B  
                                     l3031 024B                                       l3015 0214  
                                     l3007 0207                                       l3121 094F  
                                     l3113 0943                                       l2305 0954  
                                     l2321 0A23                                       l2313 0A14  
                                     l2401 0A54                                       l3105 0C7D  
                                     l3201 0353                                       l3041 0252  
                                     l3025 0225                                       l3017 0220  
                                     l2307 095D                                       l2403 0A5F  
                                     l3107 0C84                                       l3203 0355  
                                     l3131 02B5                                       l3043 026A  
                                     l3027 0227                                       l3301 0D08  
                                     l3125 0951                                       l3117 0949  
                                     l2341 0978                                       l2317 0A17  
                                     l2309 09FF                                       l2333 09D8  
                                     l2325 09BD                                       l3221 0379  
                                     l3205 0361                                       l3141 02CC  
                                     l3133 02B9                                       l3053 027B  
                                     l3045 0276                                       l3029 023F  
                                     l2501 08F7                                       l3311 0D27  
                                     l3303 0D0C                                       l2431 09B0  
                                     l2423 09A0                                       l2319 0A1F  
                                     l2327 09C4                                       l2351 0AC7  
                                     l2343 0AAF                                       l2407 0A62  
                                     l3231 0394                                       l3223 037D  
                                     l3207 0365                                       l3143 02DC  
                                     l3151 02E6                                       l3135 02BD  
                                     l3071 0F39                                       l3063 02A2  
                                     l3055 027D                                       l3039 0250  
                                     l2511 00EB                                       l2503 08F9  
                                     l3305 0D10                                       l3313 0D2D  
                                     l2433 09B5                                       l2425 09A6  
                                     l2337 096C                                       l2329 09D0  
                                     l2345 0ABA                                       l2361 0AE1  
                                     l2409 0A66                                       l3241 03E9  
                                     l3233 0397                                       l3209 0367  
                                     l3217 036C                                       l3153 02F2  
                                     l3145 02E0                                       l3129 02AA  
                                     l3081 0F85                                       l3073 0F3E  
                                     l3057 0296                                       l2521 0BB2  
                                     l2513 00F8                                       l2441 08C1  
                                     l3401 044C                                       l3315 0D32  
                                     l3307 0D1A                                       l2427 09AC  
                                     l3091 0C04                                       l2339 096F  
                                     l2435 08D7                                       l2363 0AEC  
                                     l2419 0A79                                       l2451 0DA5  
                                     l3251 0D56                                       l3235 03B6  
                                     l3219 036E                                       l3155 0302  
                                     l3163 0307                                       l3139 02C0  
                                     l3083 0F87                                       l3067 0F28  
                                     l2531 0BC8                                       l2523 0BB4  
                                     l2515 00FF                                       l2507 00E5  
                                     l2611 063C                                       l2603 0600  
                                     l2443 08C7                                       l3411 0485  
                                     l3403 0452                                       l3317 0D37  
                                     l3309 0D20                                       l2429 09AF  
                                     l3093 0C28                                       l2437 08E1  
                                     l2381 0A34                                       l2357 0ADC  
                                     l2349 0AC0                                       l2453 0DB1  
                                     l2445 0D97                                       l3253 0D61  
                                     l3261 0D8D                                       l3245 0D3F  
                                     l3237 03D0                                       l3229 0382  
                                     l3165 0312                                       l3085 0F90  
                                     l3069 0F33                                       l3077 0F46  
                                     l2541 0BEB                                       l2533 0BCC  
                                     l2525 0BBA                                       l2517 0105  
                                     l2509 00E7                                       l2701 07C6  
                                     l2621 0671                                       l2613 064F  
                                     l2605 0613                                       l3413 048A  
                                     l3421 04A3                                       l3405 0462  
                                     l3095 0C32                                       l3087 0BF7  
                                     l2439 08E3                                       l3271 0B4B  
                                     l2375 0B0E                                       l2367 0AF2  
                                     l2447 0DA2                                       l3255 0D6C  
                                     l3247 0D40                                       l3239 03D6  
                                     l3191 034C                                       l3167 0316  
                                     l3175 031B                                       l3079 0F7C  
                                     l2535 0BDD                                       l2527 0BBD  
                                     l2543 0BF1                                       l2551 0B81  
                                     l2703 07CB                                       l2631 0695  
                                     l2623 0677                                       l2615 0653  
                                     l2607 0623                                       l3431 04AB  
                                     l3423 04A7                                       l3415 048F  
                                     l3407 0470                                       l3281 0B72  
                                     l3273 0B50                                       l2385 0A37  
                                     l2369 0AF9                                       l2801 011B  
                                     l3097 0C3B                                       l3601 0D7F  
                                     l3249 0D4B                                       l2721 0B13  
                                     l3193 034E                                       l3177 0327  
                                     l2537 0BE3                                       l2529 0BC4  
                                     l2561 0BA0                                       l2553 0B88  
                                     l2705 07CF                                       l2641 06B2  
                                     l2633 069F                                       l2625 067B  
                                     l2617 0664                                       l2609 0627  
                                     l3441 04DB                                       l3433 04B7  
                                     l3425 04A9                                       l3417 0498  
                                     l3409 047F                                       ?_lcd 0074  
                                     l3291 0CEF                                       l3283 0CE1  
                                     l2571 0C8B                                       l3275 0B55  
                                     l2387 0A3B                                       l2379 0A29  
                                     l2483 0DDE                                       l2475 0DD1  
                                     l2467 0DC4                                       l2459 0DB7  
                                     l2803 012C                                       l3259 0D77  
                                     l2723 0B1E                                       l3179 0337  
                                     l3187 033C                                       l2539 0BE4  
                                     l2563 0BA7                                       l2555 0B8C  
                                     l2547 0B78                                       l2651 06E9  
                                     l2643 06C1                                       l2635 06A6  
                                     l2627 067E                                       l2619 066D  
                                     l2707 07D8                                       l3451 050E  
                                     l3443 04E3                                       l3435 04BE  
                                     l3419 049E                                       l3371 03F5  
                                     l3293 0CF3                                       l3285 0CE4  
                                     l2573 0C8E                                       l2493 0A7E  
                                     l3277 0B5F                                       l3269 0B45  
                                     l2397 0A4E                                       l2741 0E67  
                                     l3189 0348                                       l2557 0B90  
                                     l2549 0B7E                                       l2565 0BAD  
                                     l2661 0719                                       l2709 07E8  
                                     l2645 06D0                                       l2637 06A9  
                                     l2629 0684                                       l2581 0925  
                                     l3461 0537                                       l3453 0512  
                                     l3445 04F3                                       l3437 04C6  
                                     l3381 0418                                       l3373 03FC  
                                     l3295 0CF8                                       l3287 0CE8  
                                     l2575 0C99                                       l3279 0B69  
                                     l2831 0195                                       l2823 0173  
                                     l2815 0151                                       l2807 012F  
                                     l2735 0B40                                       l2727 0B24  
                                     l2903 0985                                       l2559 0B9A  
                                     l2495 08EA                                       l2671 0737  
                                     l2647 06D6                                       l2639 06AE  
                                     l2655 06EE                                       l2591 05E7  
                                     l2583 0926                                       l2911 0F96  
                                     l3471 055C                                       l3463 0541  
                                     l3455 051E                                       l3447 04FB  
                                     l3439 04D3                                       l3391 0429  
                                     l3383 041C                                       l3375 03FF  
                                     l3367 03EE                                       l3297 0CFE  
                                     l3289 0CED                                       l2569 08FB  
                                     l2577 0CBC                                       l2489 0DEA  
                                     l2841 01C6                                       l2833 01B0  
                                     l2825 017D                                       l2817 015B  
                                     l2809 0139                                       l2761 0EA7  
                                     l2753 0E8B                                       l2745 0E6F  
                                     l2729 0B2B                                       l2905 0994  
                                     l2497 08EB                                       l2681 0760  
                                     l2673 0741                                       l2657 070D  
                                     l2649 06DA                                       l2593 05ED  
                                     l2585 092E                                       l2921 0FAB  
                                     l2913 0F97                                       l3481 059C  
                                     l3473 0560                                       l3465 0546  
                                     l3457 0523                                       l3449 0502  
                                     l3393 0433                                       l3385 0420  
                                     l3377 0413                                       l3369 03F1  
                                     l2771 09E0                                       l3299 0D01  
                                     l2579 0CC4                                       l2835 01B2  
                                     l2755 0E94                                       l2747 0E76  
                                     l2739 0E5C                                       l2851 0919  
                                     l2907 0998                                       l2499 08F1  
                                     l2691 0782                                       l2683 0766  
                                     l2675 074C                                       l2667 071B  
                                     l2659 0715                                       l2595 05F2  
                                     l2587 0932                                       l2931 0FF9  
                                     l2923 0FB0                                       l2915 0F9C  
                                     l3491 05C5                                       l3483 05AE  
                                     l3475 0565                                       l3467 054C  
                                     l3459 0532                                       l3395 043D  
                                     l3387 0421                                       l3379 0417  
                                     l2781 09F3                                       l2773 09E9  
                                     l2941 0DFF                                       l2837 01BB  
                                     l2861 0EC2                                       l2765 0EBC  
                                     l2757 0E9F                                       l2853 091B  
                                     l2845 0910                                       l2909 099B  
                                     l2693 0787                                       l2685 076B  
                                     l2677 0758                                       l2597 05F7  
                                     l2589 05E4                                       l2917 0FA1  
                                     l3493 05CB                                       l3485 05B0  
                                     l3477 056B                                       l3469 0551  
                                     l3397 0442                                       l3389 0424  
                                     l2783 09F5                                       l2775 09EC  
                                     l2951 0E0F                                       l2791 08CB  
                                     l2839 01C1                                       l2871 0ED6  
                                     l2863 0EC6                                       l2759 0EA0  
                                     l2855 0922                                       l2847 0911  
                                     l2695 078B                                       l2687 076F  
                                     l2679 075C                                       l2599 05FC  
                                     l2919 0FA6                                       l2927 0FB5  
                                     l3487 05B1                                       l3479 057D  
                                     l3399 0447                                       l2785 09F9  
                                     l2777 09EF                                       l2769 09DD  
                                     l2961 0E30                                       l2793 08CF  
                                     l2881 0EEC                                       l2873 0EDA  
                                     l2865 0ECB                                       l2849 0915  
                                     l2697 0797                                       l2689 077C  
                                     l2929 0FD0                                       l3489 05BB  
                                     l2787 09FA                                       l2779 09F0  
                                     l2971 0E4D                                       l2963 0E33  
                                     l2955 0E16                                       l2947 0E04  
                                     l2939 0DF8                                       l2795 08D2  
                                     l2891 0F0C                                       l2883 0EF0  
                                     l2875 0EDC                                       l2867 0ECD  
                                     l2859 0EC1                                       l2699 079A  
                                     l3595 0FBF                                       l2789 09FD  
                                     l2973 0E50                                       l2965 0E3A  
                                     l2957 0E1C                                       l2949 0E08  
                                     l2893 0F13                                       l2885 0EF4  
                                     l2877 0EE2                                       l2869 0ED1  
                                     l3597 060E                                       l2975 0E51  
                                     l2967 0E41                                       l2959 0E2C  
                                     l2799 010D                                       l2887 0F05  
                                     l2879 0EE5                                       l2895 0F19  
                                     l2991 01EE                                       l2983 01DC  
                                     l3599 0702                                       l2969 0E48  
                                     l2897 0F1E                                       l2889 0F0B  
                                     l2985 01E8                                       l2977 01CE  
                                     l2899 0F23                                       l2979 01D9  
                                     l2999 01FB                                       STR_1 0076  
                                     STR_2 0087                                       STR_3 00DF  
                                     STR_4 00C9                                       STR_5 00D8  
                                     STR_6 00C1                                       STR_7 001D  
                                     STR_8 006F                                       STR_9 0080  
                                     u2000 0BDD                                       u2001 0BDC  
                                     u2100 0CCE                                       u2020 0BF1  
                                     u2021 0BF0                                       u2005 0BD9  
                                     u2110 0CE0                                       u2030 0B7E  
                                     u2111 0CDF                                       u2015 0BE5  
                                     u2031 0B7D                                       u3000 0D2D  
                                     u2200 06E8                                       u2120 093A  
                                     u3001 0D2C                                       u2201 06E7  
                                     u2121 0939                                       u3010 0D32  
                                     u2050 0B90                                       u2210 0736  
                                     u2130 05ED          flush_internal_eeprom_fault@minute 0027  
                                     u3011 0D31                                       u2051 0B8F  
                                     u2211 0735                                       u2131 05EC  
                                     u2060 0B9A                                       u2300 07E8  
                                     u2220 0741                                       u2140 0623  
                                     u3100 048A                                       u2061 0B99  
                                     u2045 0B82                                       u2301 07E7  
                                     u2221 0740                                       u2141 0622  
                                     u3101 0489          flush_internal_eeprom_fault@second 0028  
                                     u2310 0B1E                                       u2230 074C  
                                     u2150 0663                                       u3110 048F  
                                     u2311 0B1D                                       u2231 074B  
                                     u2215 0732                                       u2151 0662  
                                     u3111 048E                                       u2400 0EBC  
                                     u2320 0B39                                       u2080 0BAD  
                                     u2240 0760                                       u2160 0677  
                                     u3200 05CB                                       u3120 049E  
                                     u2401 0EBB                                       u2321 0B38  
                                     u2081 0BAC                                       u2065 0B96  
                                     u2241 075F                                       u2161 0676  
                                     u3201 05CA                                       u3121 049D  
                                     u1610 096B                                       u2090 0CA9  
                                     u2410 012C                                       u2330 0B40  
                                     u2250 0766                                       u2170 0695  
                                     u3130 04B7                                       u1611 096A  
                                     u2411 012B                                       u2331 0B3F  
                                     u2075 0BA1                                       u2251 0765  
                                     u2235 0748                                       u2171 0694  
                                     u3131 04B6                                       u1620 0A14  
                                     u1700 0AEC                                       u2420 0150  
                                     u2500 0ED1                                       u2340 0E67  
                                     u2260 077B                                       u2180 069F  
                                     u3140 04D3                                       u1621 0A13  
                                     u1701 0AEB                                       u2421 014F  
                                     u2501 0ED0                                       u2341 0E66  
                                     u2261 077A                                       u2181 069E  
                                     u3141 04D2                                       u1630 0A1F  
                                     u1710 0B07                                       u2430 0172  
                                     u2510 0EE2                                       u2350 0E84  
                                     u2270 0782                                       u2190 06C0  
                                     u3150 04DB                                       u1631 0A1E  
                                     u1711 0B06                                       u2431 0171  
                                     u2511 0EE1                                       u2351 0E83  
                                     u2271 0781                                       u2191 06BF  
                                     u3151 04DA                                       u2600 0E29  
                                     u1800 09BA                                       u1640 0A23  
                                     u1720 0B0E                                       u2440 0194  
                                     u2360 0E8B                                       u2280 0797  
                                     u3160 04F3                                       u3080 0452  
                                     u2601 0E28                                       u1801 09B9  
                                     u1641 0A22                                       u1721 0B0D  
                                     u2441 0193                                       u3217 0135  
                                     u2361 0E8A                                       u2281 0796  
                                     u2185 069B                                       u3161 04F2  
                                     u3145 04CF                                       u3081 0451  
                                     u1810 08DE                                       u1650 09D0  
                                     u1730 0A34                                       u2450 01B0  
                                     u2530 0EF4                                       u2370 0E9C  
                                     u2610 01D9                                       u2290 07D8  
                                     u3170 0502                                       u3090 0462  
                                     u3307 0E2E                                       u1811 08DA  
                                     u1651 09CF                                       u1731 0A33  
                                     u2451 01AF                                       u3227 0157  
                                     u2531 0EF3                                       u2371 0E98  
                                     u2611 01D8                                       u2291 07D7  
                                     u3171 0501                                       u3091 0461  
                                     u1660 09D7                                       u1740 0A46  
                                     u2460 01BB                                       u2700 027A  
                                     u2620 01E8                                       u1900 08F1  
                                     u3180 054C                                       u3317 0E38  
                                     u2605 0E25                                       u1661 09D6  
                                     u1741 0A45                                       u2461 01BA  
                                     u3237 0179                                       u2525 0EE6  
                                     u2701 0279                                       u2621 01E7  
                                     u1901 08F0                                       u3181 054B  
                                     u1750 0A4D                                       u1670 0ABA  
                                     u2550 0F05                                       u2390 0EB5  
                                     u2470 0915                                       u2630 01FA  
                                     u1910 08F7                                       u1830 08C7  
                                     u3190 0560                                       u3327 0E3F  
                                     u1751 0A4C                                       u1671 0AB9  
                                     u3247 019B                                       u2551 0F04  
                                     u2391 0EB4                                       u2471 0914  
                                     u2631 01F9                                       u1911 08F6  
                                     u1831 08C6                                       u3191 055F  
                                     u2800 0949                                       u1824 08E1  
                                     u1680 0AD5                                       u1760 0A5F  
                                     u1840 0DA2                                       u2384 0E9F  
                                     u2480 0922                                       u2720 02A1  
                                     u2640 0206                                       u1920 00EB  
                                     u3337 0E46                                       u2801 0948  
                                     u1681 0AD4                                       u1761 0A5E  
                                     u3257 0DEE                                       u1841 0DA1  
                                     u2545 0EF5                                       u2481 0921  
                                     u2721 02A0                                       u2641 0205  
                                     u1921 00EA                                       u2810 094F  
                                     u1690 0ADC                                       u1770 0A71  
                                     u1850 0DB1                                       u2570 0F19  
                                     u2490 0EC6                                       u2730 0F33  
                                     u2650 0213                                       u3347 0E55  
                                     u2811 094E                                       u3267 0958  
                                     u1691 0ADB                                       u1771 0A70  
                                     u1851 0DB0                                       u2571 0F18  
                                     u2555 0F01                                       u2491 0EC5  
                                     u2731 0F32                                       u2715 0287  
                                     u2651 0212                                       u1780 0A78  
                                     u1860 0DC3                                       u2580 0F1E  
                                     u2820 02B5                                       u2740 0F85  
                                     u2660 0224                                       u3357 09E4  
                                     u3277 0C2C                                       u1781 0A77  
                                     u1861 0DC2                                       u2581 0F1D  
                                     u2565 0F0D                                       u2821 02B4  
                                     u2741 0F84                                       u2661 0223  
                                     u2590 0E15                                       u1790 09A6  
                                     u1870 0DD0                                       u2830 02CC  
                                     u2750 0F90                                       u1950 0105  
                                     u2591 0E14                                       u3287 0E06  
                                     u1791 09A5                                       u1871 0DCF  
                                     u2831 02CB                                       u2751 0F8F  
                                     u1951 0104                                       u1935 00F2  
                                     u2760 0C02                                       u1880 0DDD  
                                     u2920 03D6                                       u2840 02F2  
                                     u2680 024F                                       u1960 0BBA  
                                     u3297 0E0D                                       u2761 0C01  
                                     u1881 0DDC                                       u2921 03D5  
                                     u2905 0387                                       u2841 02F1  
                                     u2681 024E                                       u1961 0BB9  
                                     u1945 00F9                                       u2930 0CE8  
                                     u1890 0DE9                                       u2770 0C46  
                                     u2850 0312                                       u2931 0CE7  
                                     u1891 0DE8                                       u2771 0C45  
                                     u2915 039A                                       u2851 0311  
                                     u2675 0231                                       u2940 0CF3  
                                     u2780 0C7D                                       u2860 0327  
                                     u1980 0BCC                                       u2941 0CF2  
                                     u2781 0C7C                                       u2861 0326  
                                     u1981 0BCB                                       u2950 0CFE  
                                     u2790 0943                                       u2870 034C  
                                     u2951 0CFD                                       u2791 0942  
                                     u2871 034B                                       u2695 025C  
                                     u1975 0BBE                                       u2880 0365  
                                     u2881 0364                                       u2970 0D10  
                                     u2890 0379                                       u2971 0D0F  
                                     u2891 0378                                       u1995 0BCD  
                                     u2980 0D1A                                       _RCEN 048B  
                                     u2981 0D19                                       u2965 0D02  
                                     _PCON 008E                                       u2985 0D16  
                                     u2995 0D21                                       _RSEN 0489  
                                     _main 03EE                                       _sign 0068  
                                     _temp 0066                                       btemp 007E  
                                     _stop 0AE1                                       start 0000  
                        ___bmul@multiplier 0073                               main@abs_temp 0051  
                             main@rb1_curr 0050                                      ??_lcd 0077  
                                    ?_main 0070                                      _ACKEN 048C  
                                    _ACKDT 048D                            __end_of___awdiv 0F28  
                                    _EEADR 010D                                      STR_10 003C  
                                    STR_11 005E                                      STR_12 004D  
                                    STR_13 00A2                                      STR_14 00B2  
                                    STR_15 0091                                      STR_16 00D1  
                          __end_of___awmod 0D3C                                      _ANSEL 0188  
                                    ?_stop 0072                            ___awdiv@divisor 0070  
                          __end_of___lwdiv 0BF6                            __end_of___lwmod 0BB2  
                          ___awdiv@counter 0075                     ??_internal_eeprom_read 0070  
                          __end_of_address 0A53                                      _SPBRG 0099  
                                    _PORTA 0005                                      _PORTB 0006  
                                    _PORTC 0007                                      _PORTD 0008  
                                    _PORTE 0009                                      _TRISA 0085  
                                    _TRISB 0086                                      _TRISC 0087  
                                    _TRISD 0088                                      _TRISE 0089  
                                    _SSPIF 0063                                      _TXREG 0019  
                              _write_index 0062                            __end_of_dpowers 001D  
                          __end_of_isdigit 08FB                                      lcd@rs 0074  
                                    _print 0C88                                      _start 0AAF  
                                    main@h 0054                                      main@m 0055  
                                    main@s 0056                               main@temp_str 0044  
                                    _write 0A53                           ??_uart_tx_string 0071  
                                    pclath 000A                          __end_of_I2C_reset 09FF  
                                    status 0003                                      wtemp0 007E  
                          __end_of_sprintf 07ED                        _uart_send_fault_log 0F93  
             __end_of_wait_sspif_and_clear 09DD                            __initialization 07ED  
                             __end_of_main 05E1                               __end_of_stop 0B13  
                        ?_I2C_bus_recovery 0070                                     ??_main 0042  
                     ?_uart_send_fault_log 0039                       __end_of_handle_fault 0D97  
                                   ??_stop 0074                         ??_I2C_bus_recovery 0072  
                                   _EEDATA 010C                                     _EECON2 018D  
                         ___awdiv@dividend 0072                                     ?_print 0077  
                                   ?_start 0072                                     _ANSELH 0189  
                                   ?_write 0072                                     _TRISC3 043B  
                                   _TRISC4 043C                                     _SSPBUF 0013  
                                   _SSPCON 0014                    ??_internal_eeprom_write 0071  
                          busy_delay_ms@ms 0070                                     ___bmul 090F  
                                   ___wmul 00E5                                  ??___awdiv 0074  
                                ??___awmod 007D                                     _enable 096C  
                                ??___lwdiv 0074                                  ??___lwmod 007C  
                                ??_address 0074                           ___awdiv@quotient 0077  
                          ___awmod@divisor 0079                      ??_uart_send_fault_log 003C  
                          ___awmod@counter 0020              uart_send_fault_log@fault_name 00E1  
                                   main@ok 004A              uart_send_fault_log@fault_type 00E0  
                                ??_isdigit 0070                           __end_of_rtc_read 02A7  
                                   print@j 0021                              _last_good_min 006C  
                            _last_good_sec 006B                                  ??_sprintf 0029  
                           _repeated_start 0B13                    __end_of__initialization 07FC  
                      ___bmul@multiplicand 0070                              _busy_delay_ms 0953  
                           __pcstackCOMMON 0070                               __pidataBANK0 00E4  
                   handle_fault@fault_type 0026                      __end_of_wait_i2c_idle 0A28  
                            __end_of_print 0CE1                              __end_of_start 0AE1  
                            __end_of_write 0A7E                             _save_log_state 0A7E  
                  ??_clear_external_eeprom 007C                       _wait_sspif_and_clear 09BD  
                   __end_of_repeated_start 0B45                               sprintf@width 0036  
                                  ??_print 0079                                    ??_start 0074  
                                  ??_write 0074                                 __pbssBANK0 005C  
                           main@fault_type 0053           read_temp_with_classification@lsb 0027  
         read_temp_with_classification@msb 0028                             ?_busy_delay_ms 0070  
                               __pmaintext 03EE                                    ?___bmul 0070  
                                  ?___wmul 0070                                    ?_enable 0070  
                                  _ACKSTAT 048E                         _last_fault_context 005C  
                   __end_of_save_log_state 0AAF                      ?_wait_sspif_and_clear 0070  
                                  _SSPCON2 0091                            ?_repeated_start 0072  
                                  _SSPSTAT 0094                                 __stringtab 0003  
                             _handle_fault 0D3C               ?_flush_internal_eeprom_fault 0070  
                                _I2C_reset 09DD                          __end_of_lcd_clear 090F  
                                ?_rtc_read 0079                                    ___awdiv 0EC1  
                                  ___awmod 0CE1                                    ___lwdiv 0BB2  
                                  ___lwmod 0B78                                    _address 0A28  
          ??_read_temp_with_classification 0020                            ?_save_log_state 0070  
                                  __ptext1 0F93                                    __ptext2 0924  
                                  __ptext3 08C0                                    __ptext4 05E1  
                                  __ptext5 08E9                                    __ptext6 00E5  
                                  __ptext7 0B78                                    __ptext8 0BB2  
                                  __ptext9 0985                                    _dpowers 0013  
                uart_send_fault_log@minute 003A                  uart_send_fault_log@second 003B  
                                  _isdigit 08E9                           ___awmod@dividend 007B  
                        __end_of_read_byte 0EC1                                    lcd@data 0076  
                        __end_of_log_fault 01CB                 uart_send_fault_log@message 00A0  
                                  _sprintf 05E1                                    clrloop0 08B9  
                     end_of_initialization 07FC                            ??_busy_delay_ms 0072  
                  uart_send_fault_log@hour 0039                          __end_of_uart_init 099F  
            __end_of_internal_eeprom_write 09BD                              ?_uart_tx_char 0070  
                               ?_I2C_reset 0070              ??_flush_internal_eeprom_fault 007D  
                                _RCSTAbits 0018                                 ??_rtc_read 007B  
                             read_byte@ack 0078                             _last_good_hour 006D  
                                _PORTBbits 0006                                  _PORTCbits 0007  
                   ??_wait_sspif_and_clear 0072                          _eeprom_write_byte 0D97  
                                _TRISCbits 0087                            _fault_uart_sent 006A  
                       ?_eeprom_write_byte 0075                                rtc_read@min 0079  
                              rtc_read@sec 007A                        ??_eeprom_write_byte 0078  
                       handle_fault@minute 0024                         handle_fault@second 0025  
                                _TXSTAbits 0098                             ??_uart_tx_char 0070  
                               main@minute 0058                                 main@second 0059  
              __end_of_uart_send_fault_log 1000             read_temp_with_classification@d 0029  
                           __end_of___bmul 0924                             __end_of___wmul 010A  
                           _classify_fault 093B                             __end_of_enable 0985  
                              _BAUDCTLbits 0187                  __end_of_eeprom_write_byte 0DF8  
                internal_eeprom_write@addr 0071                  internal_eeprom_write@data 0070  
    __end_of_read_temp_with_classification 03EE              _read_temp_with_classification 02A7  
                      start_initialization 07ED                                __end_of_lcd 08E9  
            __end_of_clear_external_eeprom 0B78                        log_fault@fault_type 0022  
                              ??_I2C_reset 0070                                   ??___bmul 0071  
                   __end_of_classify_fault 0953                                   ??___wmul 0074  
                                 ??_enable 0074                                __pdataBANK0 006E  
                               read_byte@d 0076                           ??_repeated_start 0074  
                         handle_fault@hour 0023                                  ___latbits 0002  
                            __pcstackBANK0 0020                              __pcstackBANK1 00A0  
                             _isdigit$1057 0070                           _I2C_bus_recovery 0DF8  
                              sprintf@flag 002C                                sprintf@prec 002F  
                         ___lwdiv@dividend 0072                           ??_save_log_state 0072  
                          ?_classify_fault 0070                                   ?___awdiv 0070  
                                 ?___awmod 0079                                   ?___lwdiv 0070  
                                 ?___lwmod 0078                                   ?_address 0072  
                                _lcd_clear 08FB                            _timeout_counter 0064  
                                __pstrings 0003                                   ?_isdigit 0070  
                     __end_of_uart_tx_char 08CA                           ___lwdiv@quotient 0075  
                                 ?_sprintf 0020                          _restore_log_state 0F28  
           ?_read_temp_with_classification 0079                                  _read_byte 0E5B  
                                _log_fault 010A                                  _log_count 0060  
                       ?_restore_log_state 0070                             ___wmul@product 0074  
                                clear_ram0 08B8               __end_of_internal_eeprom_read 08D7  
                      ??_restore_log_state 0072                                   _PIR1bits 000C  
                           _uart_tx_string 0924                                  _uart_init 0985  
                              address@addr 0074                                 ?_lcd_clear 0070  
                            _wait_i2c_idle 09FF                                __stringbase 0012  
                        ___wmul@multiplier 0070            flush_internal_eeprom_fault@hour 0026  
                                main@retry 004E                  __end_of_restore_log_state 0F93  
                               ?_read_byte 0072                                 ?_log_fault 007A  
      buffer_fault_in_internal_eeprom@hour 0072                                 _EECON1bits 018C  
                   __end_of_uart_tx_string 093B                      __end_of_busy_delay_ms 096C  
                    _internal_eeprom_write 099F                                 ?_uart_init 0070  
                           ?_wait_i2c_idle 0070                         __end_of__stringtab 0013  
                               sprintf@len 0033                                 sprintf@val 002D  
                                 _rb1_prev 006E                                   _main$613 004C  
                          ___lwdiv@divisor 0070                            ___lwdiv@counter 0077  
                                 __ptext10 01CB                                   __ptext11 090F  
                                 __ptext20 0D97                                   __ptext12 0F28  
                                 __ptext21 0A53                                   __ptext13 02A7  
                                 __ptext30 08FB                                   __ptext22 0AE1  
                                 __ptext14 0B13                                   __ptext31 08D7  
                                 __ptext23 0AAF                                   __ptext15 0E5B  
                                 __ptext40 09DD                                   __ptext32 096C  
                                 __ptext24 0A28                                   __ptext16 0EC1  
                                 __ptext33 0953                                   __ptext25 09BD  
                                 __ptext17 0D3C                                   __ptext34 093B  
                                 __ptext26 09FF                                   __ptext18 0C3B  
                                 __ptext35 0BF6                                   __ptext27 0B45  
                                 __ptext19 010A                                   __ptext36 099F  
                                 __ptext28 0A7E                                   __ptext37 08CA  
                                 __ptext29 0C88                                   __ptext38 0CE1  
                                 __ptext39 0DF8  buffer_fault_in_internal_eeprom@fault_type 0077  
      __end_of_flush_internal_eeprom_fault 0C88                _flush_internal_eeprom_fault 0C3B  
                          ?_uart_tx_string 0070                                   _rtc_read 01CB  
                                print@addr 0020                   __end_of_I2C_bus_recovery 0E5B  
                                rtc_read@d 0021                                ??_lcd_clear 0077  
                                 main@hour 0057      buffer_fault_in_internal_eeprom@minute 0073  
    buffer_fault_in_internal_eeprom@second 0074                            main@temperature 005A  
                        I2C_bus_recovery@i 0074                                 _INTCONbits 000B  
    flush_internal_eeprom_fault@fault_type 0025                       _internal_eeprom_read 08CA  
                                 isdigit@c 0071                                ??_read_byte 0074  
   read_temp_with_classification@temp_data 002B                                ??_log_fault 0020  
                    _clear_external_eeprom 0B45                   internal_eeprom_read@addr 0070  
                                sprintf@ap 0030                                  sprintf@cp 0031  
                                sprintf@sp 0035                            log_fault@minute 007B  
                          log_fault@second 007C                           ___lwmod@dividend 007A  
                            ?_handle_fault 0023                           ??_classify_fault 0070  
                                stringcode 000D                               _uart_tx_char 08C0  
                               _OSCCONbits 008F                                  write@data 0074  
                   ?_internal_eeprom_write 0070                            ??_wait_i2c_idle 0072  
                                 print@ptr 0077                                ??_uart_init 0070  
                                 sprintf@c 0038                                   sprintf@f 0020  
                          ___lwmod@divisor 0078                            ___lwmod@counter 007D  
                    ?_internal_eeprom_read 0070                                   stringdir 000D  
                                 stringtab 0003                              log_fault@addr 0023  
                            log_fault@hour 007A                             ??_handle_fault 007C  
                            uart_tx_char@c 0070                                 _SSPCONbits 0014  
